t,Marker,P,V'O2,V'O2/kg,V'CO2,HF,V'E/V'O2,RER,AF,V'E,W,EU/kg,EU,EUKH,EUFett,CHO,Fett
0:00:09,,-,2.9161928406044502,39.196140330704999,2.3230770198806301,-,20.721318274505801,0.79661296315339403,26.08,64.182879999999997,0,11.2094513368327,833.98317946035604,248.86481278529399,506.50014064663799,60.551049339487598,54.521005451737203
0:00:10,,-,2.91618753467323,39.196069014425099,2.3230728764047601,-,20.7213559764328,0.79661299171730904,26.08,64.182879999999997,0.231661784372794,11.209431021824701,833.98166802375795,248.86444399516299,506.49914104383299,60.550959609528597,54.520897851865797
0:00:11,,-,2.3154360347686902,31.121452080224401,1.8796860011018099,-,21.668475935683599,0.81180649038727803,20.47,53.11965,0.43981187659648002,8.9341262901449703,664.69899598678603,233.07834411699301,369.19834872125699,56.710059395861997,39.741479948466797
0:00:12,,-,2.3154360347686902,31.121452080224401,1.8796860011018099,-,21.668475935683599,0.81180649038727803,20.47,53.11965,0.62445048659280999,8.9341262901449703,664.69899598678603,233.07834411699301,369.19834872125699,56.710059395861997,39.741479948466797
0:00:13,,-,2.28808656052948,30.753851620019901,1.85711656363058,-,22.005216440915,0.81164611324880298,23.16,53.68488,0.80799498487001298,8.8282445108747005,656.82139160907798,229.95516337472301,365.181245031728,55.950161405042003,39.309068356483202
0:00:14,,-,2.28808656052948,30.753851620019901,1.85711656363058,-,22.005216440915,0.81164611324880298,23.16,53.68488,0.99044537142808997,8.8282445108747005,656.82139160907798,229.95516337472301,365.181245031728,55.950161405042003,39.309068356483202
0:00:15,,-,2.28808656052948,30.753851620019901,1.85711656363058,-,22.005216440915,0.81164611324880298,23.16,53.68488,1.1728957579861701,8.8282445108747005,656.82139160907798,229.95516337472301,365.181245031728,55.950161405042003,39.309068356483202
0:00:16,,-,2.4193292796142898,32.517866661482401,1.93348481202628,-,21.4880795425616,0.79918216520511698,25.31,55.63138,1.3602784573294,9.3055651029865505,692.33404366219997,212.73207883210199,414.37878291511998,51.759629886156198,44.604820550604899
0:00:17,,-,2.0446744768835901,27.482183829080501,1.57591371759162,-,22.2502606230704,0.770740641313999,35.71,50.636780000000002,1.5371235050946399,7.8084717775208397,580.95030024754999,121.135995155141,404.69151693520899,29.4734781399371,43.562057797116097
0:00:18,,-,2.0446676609340502,27.482092216855499,1.5759085128622501,-,22.2503347948571,0.77074066508311501,35.71,50.636780000000002,1.6984983200077199,7.8084457947126298,580.94836712662004,121.135640363622,404.69012235834401,29.473391815966501,43.5619076811996
0:00:19,,-,2.5504149879183502,34.279771342988603,1.9193451872362599,-,21.260155800862901,0.75256191495440905,45.11,60.718060000000001,1.8793691135969399,9.6951793913408295,721.32134671575795,104.337314400289,548.22688457317997,25.386207883281902,59.012581762452101
0:00:20,,-,2.7914971811496998,37.5201234025497,2.1113322545738198,-,20.9787781250349,0.756344039618286,41.95,64.602999999999994,2.0893113052398,10.6218068966777,790.26243311282303,124.848347719724,590.15755458704803,30.376726939105598,63.526109212814703
0:00:21,,-,2.7914971811496998,37.5201234025497,2.1113322545738198,-,20.9787781250349,0.756344039618286,41.95,64.602999999999994,2.3088286477711399,10.6218068966777,790.26243311282303,124.848347719724,590.15755458704803,30.376726939105598,63.526109212814703
0:00:22,,-,2.7796255360956801,37.360558280855997,2.0815900520717601,-,21.738179915008502,0.74887427282582997,43.16,66.639039999999994,2.5276724435545601,10.556624953331101,785.41289652783496,103.376091803425,607.10032397169903,25.152333772122802,65.349873409224898
0:00:23,,-,3.0231330481581602,40.633508711803202,2.2964727629811601,-,21.481214675472199,0.75963337583844803,43.79,71.24633,2.7557229395388099,11.5127778838539,856.55067455873302,145.237570133052,629.81185595377599,35.337608304878799,67.794602363162099
0:00:24,,-,2.8638756116803501,38.492951769897203,2.14152278889016,-,22.511033557834399,0.74777088088460797,44.77,70.915679999999995,2.9870483228464799,10.873549533017499,808.99208525650602,103.32231734569901,628.46197252039406,25.1392499624571,67.649297364950897
0:00:25,,-,2.8638756116803501,38.492951769897203,2.14152278889016,-,22.511033557834399,0.74777088088460797,44.77,70.915679999999995,3.2117683465288498,10.873549533017499,808.99208525650602,103.32231734569901,628.46197252039406,25.1392499624571,67.649297364950897
0:00:26,,-,2.84264229994172,38.207557794915601,2.1783593668221801,-,23.3151916445339,0.766314976339739,46.51,72.974189999999993,3.4361802578528802,10.843732208017901,806.77367627653302,155.722784526358,574.41552945758701,37.888755359211103,61.8315962817639
0:00:27,,-,2.6343724119306602,35.4082313431541,2.0639954329518999,-,23.430263587813698,0.78348658056256004,41.37,67.681319999999999,3.65252490771358,10.0928468107599,750.90780272053996,189.93808078240701,489.94914921041197,46.213644959222997,52.739413262692402
0:00:28,,-,2.63437978781691,35.408330481410097,2.06400120243348,-,23.430197986430102,0.78348657698436597,41.37,67.681319999999999,3.8611107003810101,10.0928750602809,750.90990448490197,189.93860307612999,489.950529833058,46.213772037987702,52.739561876540201
0:00:29,,-,2.5333264156907802,34.050086232402897,1.99265350685586,-,23.4339324108822,0.78657590056846605,38.700000000000003,64.938599999999994,4.0657740972852396,9.7132601240002199,722.66655322561598,190.546076232448,463.824023487278,46.361575725656401,49.927236112731798
0:00:30,,-,2.7064458485188201,36.376960329554002,2.1611313041892402,-,21.5445433840516,0.79851267128510195,32.43,62.979059999999997,4.2736955119909998,10.4081671055889,774.36763265581601,236.15079720301401,465.25322053341301,57.457614891244297,50.081078636535302
0:00:31,,-,2.7064458485188201,36.376960329554002,2.1611313041892402,-,21.5445433840516,0.79851267128510195,32.43,62.979059999999997,4.4887976321731697,10.4081671055889,774.36763265581601,236.15079720301401,465.25322053341301,57.457614891244297,50.081078636535302
0:00:32,,-,2.3724012313439302,31.887113324515202,1.8607484165083299,-,22.8822929624125,0.78433124714500502,37.03,59.618299999999998,4.6902901631860496,9.09111008920563,676.37859063689905,173.071056978863,439.34949438198902,42.109746223567598,47.292733517975101
0:00:33,,-,2.5475354402658001,34.241067745507998,1.9901185912597901,-,23.176470508233599,0.781193682256351,43.16,65.257919999999999,4.8850284074522001,9.7545264526797695,725.736768079375,177.78578320038699,479.27146743777399,43.256881557271697,51.590039551967102
0:00:34,,-,2.5475276862282499,34.240963524573303,1.9901124777263901,-,23.176541051617001,0.78119366022390502,43.16,65.257919999999999,5.0866216467827199,9.7544967083383298,725.73455510037195,177.78518545670099,479.27006124510598,43.256736120851798,51.589888185695003
0:00:35,,-,2.5283167216135198,33.982751634590301,1.9720251830161999,-,22.4883969298414,0.77997553319099,44.11,63.209629999999997,5.2874238005130101,9.6779697816901695,720.04095175774899,173.33826757798499,478.54128801844098,42.1747609678796,51.511441121468302
0:00:36,,-,2.54815056732811,34.249335582367102,1.9939889477770401,-,21.936203737996198,0.78252398949401902,42.25,61.98075,5.4882843569457496,9.7601485827682293,726.15505455795699,181.24761912156799,476.21133466167601,44.099177401841501,51.260638822570101
0:00:37,,-,2.54815056732811,34.249335582367102,1.9939889477770401,-,21.936203737996198,0.78252398949401902,42.25,61.98075,5.6899940943229597,9.7601485827682293,726.15505455795699,181.24761912156799,476.21133466167601,44.099177401841501,51.260638822570101
0:00:38,,-,2.8734471484313802,38.621601457411103,2.2601277837755398,-,22.552581151658298,0.78655623960557197,42.55,70.930850000000007,5.9046943333655202,11.017293905221299,819.68666654846299,216.07153678531,526.14929339916102,52.572150069418598,56.636091862127202
0:00:39,,-,2.7594268942712401,37.089071159559701,2.1871465917599102,-,22.210753300709001,0.79260900018789204,41.95,67.329750000000004,6.1280339412172804,10.596216532046,788.35850998422495,224.34313227605699,489.62343618013,54.584703716802203,52.7043526566341
0:00:40,,-,2.5880770992008402,34.785982516140301,2.0390251330076601,-,23.034379469764701,0.78785331922193702,42.25,65.698750000000004,6.3401006774169204,9.9263708421127497,738.52199065318905,197.998614541938,470.75088797847599,48.174845387332802,50.672861999835902
0:00:41,,-,2.5880770992008402,34.785982516140301,2.0390251330076601,-,23.034379469764701,0.78785331922193702,42.25,65.698750000000004,6.5452456748205803,9.9263708421127497,738.52199065318905,197.998614541938,470.75088797847599,48.174845387332802,50.672861999835902
0:00:42,,-,2.5825488854301799,34.711678567609901,2.0520193375106701,-,22.890757396119099,0.79457134348450598,43.79,65.422259999999994,6.7503443475129599,9.9218878055367199,738.18845273193199,215.07416916108701,453.49083165875601,52.329481547709698,48.814944204387103
0:00:43,,-,2.5825488854301799,34.711678567609901,2.0520193375106701,-,22.890757396119099,0.79457134348450598,43.79,65.422259999999994,6.9553966954940503,9.9218878055367199,738.18845273193199,215.07416916108701,453.49083165875601,52.329481547709698,48.814944204387103
0:00:44,,-,2.74082603401206,36.839059596936302,2.1820620179122798,-,22.105219101159999,0.796132987221429,34.880000000000003,65.609279999999998,7.1667752075561202,10.5340972327275,783.736834114928,232.57237720064501,477.27397969814501,56.586953090181197,51.375024725311597
0:00:45,,-,2.4850911750181499,33.401763105082701,1.9410868333095599,-,22.386800355360698,0.78109280368571798,43.16,61.848280000000003,7.3739511285229797,9.5151854414848103,707.92979684647003,173.175119141897,467.75860769902403,42.135065484646397,50.350765091391096
0:00:46,,-,2.5707682489738999,34.553336679756697,1.9910515691847299,-,22.030009909530001,0.77449671707258905,42.55,62.761249999999997,7.5738192769582504,9.8268934393481899,731.12087188750502,162.04307797666999,499.77193853309802,39.426539653691002,53.796764104746799
0:00:47,,-,2.5707682489738999,34.553336679756697,1.9910515691847299,-,22.030009909530001,0.77449671707258905,42.55,62.761249999999997,7.7769084080381203,9.8268934393481899,731.12087188750502,162.04307797666999,499.77193853309802,39.426539653691002,53.796764104746799
0:00:48,,-,2.9437905445699499,39.567077211961703,2.28880629095109,-,21.689892345695998,0.77750310570599901,40.54,69.68826,7.9948199395990098,11.261319292351599,837.842155350957,194.481882508491,563.99803479329603,47.319192824450298,60.710229794757403
0:00:49,,-,2.5439414682594701,34.192761670154198,2.0094441475609801,-,22.567578977860499,0.78989401785875701,46.15,64.056200000000004,8.2120618877076694,9.7620950407443807,726.29987103138205,199.85801627436999,457.859227925911,48.627254567973303,49.285169852089503
0:00:50,,-,2.5439414682594701,34.192761670154198,2.0094441475609801,-,22.567578977860499,0.78989401785875701,46.15,64.056200000000004,8.4138118518830591,9.7620950407443807,726.29987103138205,199.85801627436999,457.859227925911,48.627254567973303,49.285169852089503
0:00:51,,-,2.6560091202618099,35.699047315346803,2.0759019412932598,-,22.175206233551801,0.78158690249099605,43.79,65.203310000000002,8.6197859193752198,10.170879232691,756.71341491221301,186.40923284783699,498.70030098941402,45.355044488524896,53.681410224910003
0:00:52,,-,2.2861371349450899,30.727649663240399,1.80180856425626,-,22.824720005807301,0.78814544268340003,43.16,58.395479999999999,8.8154974561739099,8.7689469091178704,652.40965003837005,175.57252134477901,415.20470044517901,42.718375023060602,44.693724482796398
0:00:53,,-,2.2941110615760198,30.834826096451799,1.8405179808335801,-,22.9335191661804,0.80227937158769302,43.16,58.827080000000002,8.9973613074415795,8.8307806329146405,657.01007908884901,208.88791655628401,386.27476360132499,50.824310597636099,41.579630097021003
0:00:54,,-,2.2941110615760198,30.834826096451799,1.8405179808335801,-,22.9335191661804,0.80227937158769302,43.16,58.827080000000002,9.1798641071884894,8.8307806329146405,657.01007908884901,208.88791655628401,386.27476360132499,50.824310597636099,41.579630097021003
0:00:55,,-,2.2392861975588798,30.097932762888199,1.76055190169831,-,19.500187179111901,0.786211205882279,32.25,48.310499999999998,9.3598278601114906,8.5850664241499892,638.72894195675997,167.60595454352,410.75362295601099,40.780037601829598,44.214598811195998
0:00:56,,-,2.23927979725473,30.097846737294699,1.76054696482458,-,19.500242914500198,0.78621124835893497,32.25,48.310499999999998,9.5372523136010905,8.5850419780691105,638.72712316834202,167.60557142717499,410.75235983101697,40.779944386173902,44.214462845104102
0:00:57,,-,2.23927979725473,30.097846737294699,1.76054696482458,-,19.500242914500198,0.78621124835893497,32.25,48.310499999999998,9.7146765144811802,8.5850419780691105,638.72712316834202,167.60557142717499,410.75235983101697,40.779944386173902,44.214462845104102
0:00:58,,-,1.8422495089495601,24.7614181310425,1.3804951298663799,-,17.632009042315499,0.74935296394978201,23.07,35.804639999999999,9.8756956307304602,6.9974531428289497,520.61051382647395,69.403899148357596,401.54104171644298,16.886593466753698,43.222932369907802
0:00:59,,-,2.7489696691660899,36.948517058683997,2.0297624849681499,-,20.136475356889601,0.73837209181863706,34.880000000000003,60.377279999999999,10.0555971968263,10.4123758341862,774.68076206345097,73.118096892773394,627.45264206569504,17.790291214786699,67.540650383820804
0:01:00,,-,2.7489696691660899,36.948517058683997,2.0297624849681499,-,20.136475356889601,0.73837209181863706,34.880000000000003,60.377279999999999,10.2707862973995,10.4123758341862,774.68076206345097,73.118096892773394,627.45264206569504,17.790291214786699,67.540650383820804
0:01:01,,-,3.0484955757919598,40.974402900429602,2.2503334840381499,-,21.089720618439099,0.73817836637454903,37.729999999999997,69.725040000000007,10.497692947499001,11.5463322399593,859.04711865296895,80.489357834631306,696.37275889144701,19.583785361224201,74.959392776259094
0:01:02,,-,2.9062761952242999,39.062852086348101,2.2063424492144001,-,22.224625486778599,0.75916475276504602,42.55,70.718100000000007,10.7313583422862,11.066447900744,823.34372381535502,138.24989140337499,606.74295120968895,33.637443163838299,65.311404866489696
0:01:03,,-,2.9062761952242999,39.062852086348101,2.2063424492144001,-,22.224625486778599,0.75916475276504602,42.55,70.718100000000007,10.9600649322349,11.066447900744,823.34372381535502,138.24989140337499,606.74295120968895,33.637443163838299,65.311404866489696
0:01:04,,-,2.5137159224833199,33.786504334453198,1.94050209137525,-,22.891250154931502,0.77196554869979805,40.81,63.41874,11.173645881897199,9.6026762601215196,714.43911375304106,152.02967248931699,494.64167096631201,36.990187953605002,53.244528629312398
0:01:05,,-,2.5137159224833199,33.786504334453198,1.94050209137525,-,22.891250154931502,0.77196554869979805,40.81,63.41874,11.372101191273099,9.6026762601215196,714.43911375304106,152.02967248931699,494.64167096631201,36.990187953605002,53.244528629312398
0:01:06,,-,2.3800711690424698,31.990203884979501,1.857575443148,-,22.652969667999798,0.78047054529689397,37.03,59.247999999999998,11.565482523666001,9.1116462295195504,677.90647947625405,164.36300852312999,449.37865629267401,39.990999640664299,48.372298847435303
0:01:07,,-,2.3800711690424698,31.990203884979501,1.857575443148,-,22.652969667999798,0.78047054529689397,37.03,59.247999999999998,11.7537898790761,9.1116462295195504,677.90647947625405,164.36300852312999,449.37865629267401,39.990999640664299,48.372298847435303
0:01:08,,-,2.0605599165974202,27.695697803728802,1.6738330988206001,-,22.053908568230401,0.81231954739010004,25.53,49.119720000000001,11.9301111627924,7.9517038075455604,591.60676328139004,208.48804808302,327.56766829483598,50.727018998301801,35.260244165213798
0:01:09,,-,2.0605599165974202,27.695697803728802,1.6738330988206001,-,22.053908568230401,0.81231954739010004,25.53,49.119720000000001,12.094446374815,7.9517038075455604,591.60676328139004,208.48804808302,327.56766829483598,50.727018998301801,35.260244165213798
0:01:10,,-,2.04248522638296,27.4527584191259,1.6067928040042601,-,22.260557585778599,0.78668515358112301,32.43,50.136780000000002,12.2575394370573,7.8314957642817102,582.66328486255998,153.85214452937799,373.74737261807797,37.433611807634598,40.231148828641302
0:01:11,,-,2.04248522638296,27.4527584191259,1.6067928040042601,-,22.260557585778599,0.78668515358112301,32.43,50.136780000000002,12.4193903495191,7.8314957642817102,582.66328486255998,153.85214452937799,373.74737261807797,37.433611807634598,40.231148828641302
0:01:12,,-,2.3226850904087302,31.2188856237733,1.8109350849752901,-,20.894459692536199,0.77967310009150403,31.25,53.03125,12.59218089194,8.8901696312936807,661.42862056825004,158.53193332345799,440.27895535544502,38.572246550719697,47.3927831383686
0:01:13,,-,1.99298398603536,26.787419167141898,1.55493883500274,-,22.452623961628799,0.78020638695445899,35.29,49.829479999999997,12.7628815593261,7.6292497931620904,567.61618461126,137.10055269856099,376.78637803637503,33.3577987101121,40.558275353753999
0:01:14,,-,1.99298398603536,26.787419167141898,1.55493883500274,-,22.452623961628799,0.78020638695445899,35.29,49.829479999999997,12.920552721718099,7.6292497931620904,567.61618461126,137.10055269856099,376.78637803637503,33.3577987101121,40.558275353753999
0:01:15,,-,2.4428155711930102,32.833542623561897,1.9194192017399001,-,22.129873674253201,0.78574053005667699,36.799999999999997,59.358400000000003,13.0961522976929,9.36425755924245,696.70076240763797,181.68006918960899,449.16433967112198,44.204396396498602,48.349229243393196
0:01:16,,-,2.4428155711930102,32.833542623561897,1.9194192017399001,-,22.129873674253201,0.78574053005667699,36.799999999999997,59.358400000000003,13.289680287250601,9.36425755924245,696.70076240763797,181.68006918960899,449.16433967112198,44.204396396498602,48.349229243393196
0:01:17,,-,2.2164873021271299,29.791495996332401,1.7551387247373,-,22.7567286090895,0.791855979979185,40,56.2,13.474378020369301,8.5097166135378206,633.12291604721395,178.518423611825,394.84976795988302,43.435139564920902,42.502666088254401
0:01:18,,-,2.0458266204370501,27.4976696295303,1.6723672160346299,-,23.294026739088601,0.81745305263324897,37.26,53.020980000000002,13.6439964396861,7.9049691267913804,588.12970303327802,217.58970000584199,315.38615400174899,52.941532848136802,33.948993972201201
0:01:19,,-,2.0458266204370501,27.4976696295303,1.6723672160346299,-,23.294026739088601,0.81745305263324897,37.26,53.020980000000002,13.807365801639801,7.9049691267913804,588.12970303327802,217.58970000584199,315.38615400174899,52.941532848136802,33.948993972201201
0:01:20,,-,1.7494678041618801,23.5143522064769,1.4349252043476499,-,24.022894219613299,0.82020669424956005,34.28,46.9636,13.958950279200799,6.7644964436311898,503.27853540616098,190.92835720078301,265.185925779417,46.454588126711201,28.545309556449599
0:01:21,,-,1.7494678041618801,23.5143522064769,1.4349252043476499,-,24.022894219613299,0.82020669424956005,34.28,46.9636,14.098749872369201,6.7644964436311898,503.27853540616098,190.92835720078301,265.185925779417,46.454588126711201,28.545309556449599
0:01:22,,-,1.55270123806194,20.8696402965315,1.30376188686339,-,24.436233494190301,0.83967337366892403,34.090000000000003,42.851129999999998,14.2309886786643,6.0328073913828604,448.84086991888501,199.93949259729999,207.04179410442501,48.647078490827298,22.286522508549599
0:01:23,,-,1.55270123806194,20.8696402965315,1.30376188686339,-,24.436233494190301,0.83967337366892403,34.090000000000003,42.851129999999998,14.3556666980862,6.0328073913828604,448.84086991888501,199.93949259729999,207.04179410442501,48.647078490827298,22.286522508549599
0:01:24,,-,1.7770379131719101,23.884918187794501,1.46192708586381,-,23.158577369091201,0.82267636217977902,32.43,45.823590000000003,14.4890507691732,6.8753285202634702,511.52444190760298,198.36357255207301,265.25334884674498,48.2636429567088,28.552567152502199
0:01:25,,-,1.76244301364916,23.688750183456399,1.46282687320591,-,24.293715977430899,0.82999953012784899,35.71,47.958530000000003,14.6306859242365,6.8312993890846503,508.24867454789802,209.751808187156,250.982812667171,51.034503208553801,27.016449156853799
0:01:26,,-,1.76244301364916,23.688750183456399,1.46282687320591,-,24.293715977430899,0.82999953012784899,35.71,47.958530000000003,14.771866111610899,6.8312993890846503,508.24867454789802,209.751808187156,250.982812667171,51.034503208553801,27.016449156853799
0:01:27,,-,1.87946786486286,25.261664850307302,1.60320126894153,-,24.586448570841501,0.85300807686781799,34.28,51.145760000000003,14.9181640629551,7.32656687002632,545.09657512995796,267.29402203896097,227.13360302858601,65.035041858628006,24.449257591882201
0:01:28,,-,1.87946786486286,25.261664850307302,1.60320126894153,-,24.586448570841501,0.85300807686781799,34.28,51.145760000000003,15.069579778269,7.32656687002632,545.09657512995796,267.29402203896097,227.13360302858601,65.035041858628006,24.449257591882201
0:01:29,,-,2.1614625649422399,29.051916195460201,1.8246767903393799,-,24.261784983262601,0.84418616354252496,35.29,57.5227,15.232164786181499,8.4074661537692208,625.51548184042997,288.16688261088302,279.077297648757,70.113596742307195,30.0406133098769
0:01:30,,-,1.8238964807840901,24.514737644947498,1.5533621384401799,-,27.812340521756202,0.85167231518117004,40.81,56.603470000000002,15.392487031833801,7.1075898770952302,528.80468685588505,256.93358062446902,222.70031622666201,62.514253193301499,23.972046956583601
0:01:31,,-,1.8238964807840901,24.514737644947498,1.5533621384401799,-,27.812340521756202,0.85167231518117004,40.81,56.603470000000002,15.539377222627101,7.1075898770952302,528.80468685588505,256.93358062446902,222.70031622666201,62.514253193301499,23.972046956583601
0:01:32,,-,1.8238964807840901,24.514737644947498,1.5533621384401799,-,27.812340521756202,0.85167231518117004,40.81,56.603470000000002,15.686267413420399,7.1075898770952302,528.80468685588505,256.93358062446902,222.70031622666201,62.514253193301499,23.972046956583601
0:01:33,,-,1.8238964807840901,24.514737644947498,1.5533621384401799,-,27.812340521756202,0.85167231518117004,40.81,56.603470000000002,15.833157604213699,7.1075898770952302,528.80468685588505,256.93358062446902,222.70031622666201,62.514253193301499,23.972046956583601
0:01:34,,-,1.47213390938121,19.786746093833401,1.4070629842192699,-,29.6051328770216,0.95579822953111204,17.239999999999998,46.065280000000001,15.9674094224057,5.8845215608403896,437.80840412652498,361.9830339774,36.1378176593349,88.0737308947446,3.8899696081092499
0:01:35,,-,1.47213390938121,19.786746093833401,1.4070629842192699,-,29.6051328770216,0.95579822953111204,17.239999999999998,46.065280000000001,16.089022867996398,5.8845215608403896,437.80840412652498,361.9830339774,36.1378176593349,88.0737308947446,3.8899696081092499
0:01:36,,-,0.86076275839959804,11.569391913973099,0.80520150464026297,-,29.251579200306299,0.93545114119174999,26.31,28.967310000000001,16.185209121576701,3.4238255598345799,254.73262165169299,193.98868430901001,37.538461986436403,47.199193262532802,4.0407386422428901
0:01:37,,-,0.86076275839959804,11.569391913973099,0.80520150464026297,-,29.251579200306299,0.93545114119174999,26.31,28.967310000000001,16.255968183146599,3.4238255598345799,254.73262165169299,193.98868430901001,37.538461986436403,47.199193262532802,4.0407386422428901
0:01:38,,-,0.79289441827962803,10.6571830413928,0.73935480257738295,-,28.9645247469767,0.932475731361042,24.99,26.56437,16.3239141903811,3.1515944951149302,234.47863043655099,176.313880682909,36.788950552357797,42.898754424065501,3.9600592629018099
0:01:39,,-,0.79289441827962803,10.6571830413928,0.73935480257738295,-,28.9645247469767,0.932475731361042,24.99,26.56437,16.389047143280099,3.1515944951149302,234.47863043655099,176.313880682909,36.788950552357797,42.898754424065501,3.9600592629018099
0:01:40,,-,0.79289441827962803,10.6571830413928,0.73935480257738295,-,28.9645247469767,0.932475731361042,24.99,26.56437,16.454180096179201,3.1515944951149302,234.47863043655099,176.313880682909,36.788950552357797,42.898754424065501,3.9600592629018099
0:01:41,,-,0.89156464329987395,11.983395743277899,0.82728805957833296,-,28.291431462156101,0.92790586279460396,25.53,28.89996,16.523325148205199,3.5398621525684502,263.365744151093,194.145632356672,45.1842422627711,47.237380135443303,4.8637505126771901
0:01:42,,-,1.15577763989857,15.5346456975614,1.0559895673344699,-,27.312641212517601,0.91366153045420195,34.090000000000003,36.476300000000002,16.607158323729301,4.5730258013704699,340.233119621963,235.07567884338499,73.998600229024504,57.196028915665501,7.9654036845020997
0:01:43,,-,1.15577763989857,15.5346456975614,1.0559895673344699,-,27.312641212517601,0.91366153045420195,34.090000000000003,36.476300000000002,16.701667523624302,4.5730258013704699,340.233119621963,235.07567884338499,73.998600229024504,57.196028915665501,7.9654036845020997
0:01:44,,-,1.1557728220647301,15.5345809417302,1.05598515021021,-,27.312755065140401,0.91366151725540001,34.090000000000003,36.476300000000002,16.796176526387601,4.5730067241111101,340.23170027386698,235.07468354985099,73.998306059408193,57.195786751788702,7.9653720193119701
0:01:45,,-,1.1557728220647301,15.5345809417302,1.05598515021021,-,27.312755065140401,0.91366151725540001,34.090000000000003,36.476300000000002,16.890685332019199,4.5730067241111101,340.23170027386698,235.07468354985099,73.998306059408193,57.195786751788702,7.9653720193119701
0:01:46,,-,0.66006590817401001,8.8718536044893792,0.61653545506796603,-,27.897850460026302,0.934051353710321,16.71,20.82066,16.965060915431501,2.6246303803076501,195.272500294889,147.82608642215601,29.651565041089,35.967417620962401,3.1917723402679199
0:01:47,,-,0.66006590817401001,8.8718536044893792,0.61653545506796603,-,27.897850460026302,0.934051353710321,16.71,20.82066,17.019303276624498,2.6246303803076501,195.272500294889,147.82608642215601,29.651565041089,35.967417620962401,3.1917723402679199
0:01:48,,-,0.66007585291774995,8.8719872703998597,0.61654468436251597,-,27.897430149281,0.934051263407362,16.71,20.82066,17.0735460458395,2.6246698663038601,195.27543805300701,147.82825349446799,29.652067624558999,35.967944889164997,3.1918264396726501
0:01:49,,-,1.1786883841049201,15.8425858078618,1.09050006877747,-,24.601158704062399,0.92518097529703303,22.22,32.196779999999997,17.148994165308501,4.6767610500437504,347.95102212325497,253.42986969392001,62.744656544573601,61.661768781975702,6.7539996280488301
0:01:50,,-,1.1786919119352499,15.842633224936201,1.0905032930079499,-,24.601085072680899,0.92518094165717302,22.22,32.196779999999997,17.245647371256499,4.6767750094409699,347.952060702408,253.43058822172199,62.744881488440797,61.661943606258397,6.75402384159751
0:01:51,,-,1.1786919119352499,15.842633224936201,1.0905032930079499,-,24.601085072680899,0.92518094165717302,22.22,32.196779999999997,17.342300721451601,4.6767750094409699,347.952060702408,253.43058822172199,62.744881488440797,61.661943606258397,6.75402384159751
0:01:52,,-,1.2674288955558299,17.035334617685901,1.2423184496831099,-,29.049787431154702,0.98018788591552097,16.57,39.204619999999998,17.443286580080301,5.0960500191413596,379.14612142411801,342.82549591984798,2.1517564232008701,83.412529420887594,0.23162071293873701
0:01:53,,-,1.2674288955558299,17.035334617685901,1.2423184496831099,-,29.049787431154702,0.98018788591552097,16.57,39.204619999999998,17.548604947142501,5.0960500191413596,379.14612142411801,342.82549591984798,2.1517564232008701,83.412529420887594,0.23162071293873701
0:01:54,,-,1.2674288955558299,17.035334617685901,1.2423184496831099,-,29.049787431154702,0.98018788591552097,16.57,39.204619999999998,17.6539233142048,5.0960500191413596,379.14612142411801,342.82549591984798,2.1517564232008701,83.412529420887594,0.23162071293873701
0:01:55,,-,1.2674288955558299,17.035334617685901,1.2423184496831099,-,29.049787431154702,0.98018788591552097,16.57,39.204619999999998,17.759241681267,5.0960500191413596,379.14612142411801,342.82549591984798,2.1517564232008701,83.412529420887594,0.23162071293873701
0:01:56,,-,1.26743122749512,17.0353659609559,1.24232070464577,-,29.049733982620999,0.98018786163334404,16.57,39.204619999999998,17.8645601449103,5.0960593656920796,379.14681680749101,342.82609564358302,2.1517892156209899,83.412675339071399,0.23162424280096799
0:01:57,,-,0.85600598173815301,11.505456743792401,0.89333307343930701,-,31.581274636781,1.04360611081871,12.68,28.859680000000001,17.952800240993199,3.4433047713638598,256.181874989471,233.10463852659601,0,56.716457062432099,0
0:01:58,,-,0.85600772811229797,11.5054802165631,0.89333485446373195,-,31.581210206613399,1.04360606233515,12.68,28.859680000000001,18.0239619455247,3.4433117961961099,256.18239763699,233.105114093265,0,56.716572772084,0
0:01:59,,-,0.85600772811229797,11.5054802165631,0.89333485446373195,-,31.581210206613399,1.04360606233515,12.68,28.859680000000001,18.0951237226461,3.4433117961961099,256.18239763699,233.105114093265,0,56.716572772084,0
0:02:00,,-,0.85600772811229797,11.5054802165631,0.89333485446373195,-,31.581210206613399,1.04360606233515,12.68,28.859680000000001,18.166285499767501,3.4433117961961099,256.18239763699,233.105114093265,0,56.716572772084,0
0:02:01,,-,0.85600772811229797,11.5054802165631,0.89333485446373195,-,31.581210206613399,1.04360606233515,12.68,28.859680000000001,18.237447276888801,3.4433117961961099,256.18239763699,233.105114093265,0,56.716572772084,0
0:02:02,,-,0.85600772811229797,11.5054802165631,0.89333485446373195,-,31.581210206613399,1.04360606233515,12.68,28.859680000000001,18.308609054010201,3.4433117961961099,256.18239763699,233.105114093265,0,56.716572772084,0
0:02:03,,-,0.82352390924716501,11.068869747945801,0.83883829500167095,-,26.212353712636698,1.0185961640974199,10.25,23.0625,18.378420606009701,3.31264484891227,246.46077675907301,224.25923098489599,0,54.564289777347099,0
0:02:04,,-,0.82352548620384503,11.068890943600101,0.83883983554549701,-,26.212303518991199,1.01859608427208,10.25,23.0625,18.446881998435099,3.3126511922586599,246.461248704045,224.25966041637801,0,54.564394261892403,0
0:02:05,,-,0.46553563190163599,6.2571993535166204,0.445854416209299,-,24.491852435495399,0.95772350311415899,31.41,15.92487,18.500350675447802,1.86173690574273,138.51322578725899,115.374538632548,10.588218947149199,28.0716639008632,1.13974369721735
0:02:06,,-,0.46553563190163599,6.2571993535166204,0.445854416209299,-,24.491852435495399,0.95772350311415899,31.41,15.92487,18.538826571499801,1.86173690574273,138.51322578725899,115.374538632548,10.588218947149199,28.0716639008632,1.13974369721735
0:02:07,,-,0.46553563190163599,6.2571993535166204,0.445854416209299,-,24.491852435495399,0.95772350311415899,31.41,15.92487,18.577302467551799,1.86173690574273,138.51322578725899,115.374538632548,10.588218947149199,28.0716639008632,1.13974369721735
0:02:08,,-,0.96399385362818102,12.9569066347874,0.91893017894024698,-,24.7545146788915,0.95325315144040801,16.3,26.2104,18.636333901235101,3.85098248295732,286.51309673202502,234.561976200229,25.962617433062999,57.071040438011799,2.7946843307925802
0:02:09,,-,0.96399385362818102,12.9569066347874,0.91893017894024698,-,24.7545146788915,0.95325315144040801,16.3,26.2104,18.7159208725495,3.85098248295732,286.51309673202502,234.561976200229,25.962617433062999,57.071040438011799,2.7946843307925802
0:02:10,,-,0.96399385362818102,12.9569066347874,0.91893017894024698,-,24.7545146788915,0.95325315144040801,16.3,26.2104,18.795507843864002,3.85098248295732,286.51309673202502,234.561976200229,25.962617433062999,57.071040438011799,2.7946843307925802
0:02:11,,-,0.96399385362818102,12.9569066347874,0.91893017894024698,-,24.7545146788915,0.95325315144040801,16.3,26.2104,18.8750948151784,3.85098248295732,286.51309673202502,234.561976200229,25.962617433062999,57.071040438011799,2.7946843307925802
0:02:12,,-,0.60266819423460405,8.10037895476618,0.56264082704788099,-,24.773648489882,0.93358307677484398,18.010000000000002,17.52373,18.9396482796285,2.3961269799503699,178.271847308308,134.68685515706201,27.337539769235701,32.770524369114902,2.9426845822643299
0:02:13,,-,0.60266819423460405,8.10037895476618,0.56264082704788099,-,24.773648489882,0.93358307677484398,18.010000000000002,17.52373,18.989168237214098,2.3961269799503699,178.271847308308,134.68685515706201,27.337539769235701,32.770524369114902,2.9426845822643299
0:02:14,,-,1.3041341676073199,17.528685048485499,1.18879945573344,-,25.1815195213015,0.91156223436313699,24.29,36.33784,19.067221190039302,5.1573845837818704,383.70941303337099,262.48892426267298,86.062074919338698,63.865918312086002,9.2639477846435696
0:02:15,,-,1.3041341676073199,17.528685048485499,1.18879945573344,-,25.1815195213015,0.91156223436313699,24.29,36.33784,19.173807138104198,5.1573845837818704,383.70941303337099,262.48892426267298,86.062074919338698,63.865918312086002,9.2639477846435696
0:02:16,,-,1.30413049698121,17.5286357121131,1.1887960174254399,-,25.181590397600399,0.91156216358504905,24.29,36.33784,19.280392935251001,5.1573699788132403,383.70832642370499,262.48809236348802,86.061919166001303,63.8657159035251,9.2639310189452395
0:02:17,,-,0.95972163473282301,12.8994843378068,0.94403115783981595,-,29.308967290115,0.98365101262161803,18.690000000000001,30.81981,19.3735776278115,3.8605034947845902,287.22146001197302,261.34813251688399,0,63.588353410434102,0
0:02:18,,-,0.95971910148031803,12.899450288714,0.94402864501676698,-,29.3090446533921,0.98365099075411799,18.690000000000001,30.81981,19.4533612614063,3.8604933047151002,287.220701870803,261.34744267017498,0,63.588185564519499,0
0:02:19,,-,0.95971910148031803,12.899450288714,0.94402864501676698,-,29.3090446533921,0.98365099075411799,18.690000000000001,30.81981,19.533144789703801,3.8604933047151002,287.220701870803,261.34744267017498,0,63.588185564519499,0
0:02:20,,-,0.62798025378122901,8.4405948088874805,0.61779392219741003,-,31.5270263368778,0.98377921674688895,23.43,23.172270000000001,19.599139233412799,2.5260657639056499,187.93929283457999,171.00944757684101,0,41.608138096555102,0
0:02:21,,-,0.62798025378122901,8.4405948088874805,0.61779392219741003,-,31.5270263368778,0.98377921674688895,23.43,23.172270000000001,19.651344592533601,2.5260657639056499,187.93929283457999,171.00944757684101,0,41.608138096555102,0
0:02:22,,-,0.69915812014030099,9.3972865610255507,0.67726911919451205,-,30.1046635856511,0.96869234538619498,34.28,25.98424,19.7064158829041,2.8034139493753298,208.573997833525,181.008377707694,8.7168765333444806,44.040967812090997,0.93830748475182701
0:02:23,,-,0.69915812014030099,9.3972865610255507,0.67726911919451205,-,30.1046635856511,0.96869234538619498,34.28,25.98424,19.764353104524499,2.8034139493753298,208.573997833525,181.008377707694,8.7168765333444806,44.040967812090997,0.93830748475182701
0:02:24,,-,0.66114257008541499,8.8863248667394501,0.65058446565778505,-,29.063504408009202,0.98403051791648199,27.14,23.123280000000001,19.820802822498099,2.65946198355334,197.86397157636901,180.04009680092199,0,43.805376350589299,0
0:02:25,,-,0.66114257008541499,8.8863248667394501,0.65058446565778505,-,29.063504408009202,0.98403051791648199,27.14,23.123280000000001,19.875765036824902,2.65946198355334,197.86397157636901,180.04009680092199,0,43.805376350589299,0
0:02:26,,-,0.79209084182243505,10.6463822825596,0.77704435572056596,-,28.1894434590691,0.98100409030452795,28.7,26.461400000000001,19.936162402286399,3.1854443514252,236.99705974603501,214.90386564601499,0.739058677160357,52.288045169346702,7.9554217132438904E-2
0:02:27,,-,0.79209084182243505,10.6463822825596,0.77704435572056596,-,28.1894434590691,0.98100409030452795,28.7,26.461400000000001,20.001994918882499,3.1854443514252,236.99705974603501,214.90386564601499,0.739058677160357,52.288045169346702,7.9554217132438904E-2
0:02:28,,-,0.79209476320671801,10.6464349893376,0.77704823004823798,-,28.189303902988598,0.98100412493883205,28.7,26.461400000000001,20.067827598709499,3.18546014796281,236.998235008433,214.90495723422899,0.73903663396127295,52.2883107625861,7.9551844344593406E-2
0:02:29,,-,0.79209476320671801,10.6464349893376,0.77704823004823798,-,28.189303902988598,0.98100412493883205,28.7,26.461400000000001,20.1336604417674,3.18546014796281,236.998235008433,214.90495723422899,0.73903663396127295,52.2883107625861,7.9551844344593406E-2
0:02:30,,-,0.59363735965939801,7.9789967696155601,0.60355370595726898,-,31.581940885184299,1.0167043838069101,15.38,20.96294,20.191252043257698,2.3879206414241101,177.66129572195399,161.65730741542399,0,39.332678203266198,0
0:02:31,,-,0.59363735965939801,7.9789967696155601,0.60355370595726898,-,31.581940885184299,1.0167043838069101,15.38,20.96294,20.2406024031805,2.3879206414241101,177.66129572195399,161.65730741542399,0,39.332678203266198,0
0:02:32,,-,0.13472359371936499,1.81080099085168,0.12922530629885601,-,7.2481736349320398,0.95918838513199101,27.9,4.9941000000000004,20.270846910690601,0.538967182140346,40.099158351241798,33.587839653624599,2.8792783898179999,8.1722237600059895,0.30993308824736299
0:02:33,,-,0.13472359371936499,1.81080099085168,0.12922530629885601,-,7.2481736349320398,0.95918838513199101,27.9,4.9941000000000004,20.281985565788201,0.538967182140346,40.099158351241798,33.587839653624599,2.8792783898179999,8.1722237600059895,0.30993308824736299
0:02:34,,-,0.13472359371936499,1.81080099085168,0.12922530629885601,-,7.2481736349320398,0.95918838513199101,27.9,4.9941000000000004,20.293124220885801,0.538967182140346,40.099158351241798,33.587839653624599,2.8792783898179999,8.1722237600059895,0.30993308824736299
0:02:35,,-,1.2461601873311201,16.749464883482801,1.1694033036329401,-,23.1017491111282,0.93840528330264705,23.52,32.175359999999998,20.3499505502079,4.9603550103263503,369.05041276828098,284.55798786035399,50.896943185629901,69.235520160670006,5.4786806443089198
0:02:36,,-,1.2461601873311201,16.749464883482801,1.1694033036329401,-,23.1017491111282,0.93840528330264705,23.52,32.175359999999998,20.452464553754702,4.9603550103263503,369.05041276828098,284.55798786035399,50.896943185629901,69.235520160670006,5.4786806443089198
0:02:37,,-,1.2461601873311201,16.749464883482801,1.1694033036329401,-,23.1017491111282,0.93840528330264705,23.52,32.175359999999998,20.5549785573014,4.9603550103263503,369.05041276828098,284.55798786035399,50.896943185629901,69.235520160670006,5.4786806443089198
0:02:38,,-,1.2461601873311201,16.749464883482801,1.1694033036329401,-,23.1017491111282,0.93840528330264705,23.52,32.175359999999998,20.657492560848201,4.9603550103263503,369.05041276828098,284.55798786035399,50.896943185629901,69.235520160670006,5.4786806443089198
0:02:39,,-,1.2132259827799901,16.306800843817101,1.22362765658266,-,29.085677772200398,1.0085735666316999,18.75,37.987499999999997,20.759178614923901,4.8802308679740296,363.08917657726801,330.38157466230598,0,80.384811353358998,0
0:02:40,,-,1.2132259827799901,16.306800843817101,1.22362765658266,-,29.085677772200398,1.0085735666316999,18.75,37.987499999999997,20.860036719528701,4.8802308679740296,363.08917657726801,330.38157466230598,0,80.384811353358998,0
0:02:41,,-,1.4587348321599201,19.606650969891501,1.44382720195505,-,29.112926533137099,0.98978043858539799,29.41,46.70308,20.9710996654259,5.8677961543350401,436.56403388252699,397.23770979536101,0,96.651510899114697,0
0:02:42,,-,1.4587348321599201,19.606650969891501,1.44382720195505,-,29.112926533137099,0.98978043858539799,29.41,46.70308,21.092367452615498,5.8677961543350401,436.56403388252699,397.23770979536101,0,96.651510899114697,0
0:02:43,,-,1.4587348321599201,19.606650969891501,1.44382720195505,-,29.112926533137099,0.98978043858539799,29.41,46.70308,21.2136352398051,5.8677961543350401,436.56403388252699,397.23770979536101,0,96.651510899114697,0
0:02:44,,-,1.4587348321599201,19.606650969891501,1.44382720195505,-,29.112926533137099,0.98978043858539799,29.41,46.70308,21.334903026994699,5.8677961543350401,436.56403388252699,397.23770979536101,0,96.651510899114697,0
0:02:45,,-,0.55776280940239098,7.4968119543332099,0.57120339807322196,-,29.698000154846799,1.02409731958506,18.57,19.238520000000001,21.4187209360054,2.2436143950826399,166.92491099414801,151.888071862907,0,36.9557352464494,0
0:02:46,,-,0.55776280940239098,7.4968119543332099,0.57120339807322196,-,29.698000154846799,1.02409731958506,18.57,19.238520000000001,21.465088966837101,2.2436143950826399,166.92491099414801,151.888071862907,0,36.9557352464494,0
0:02:47,,-,0.70729129702095594,9.5066034545827396,0.71695817480818602,-,30.094983622242001,1.0136674632191101,30.76,25.71536,21.5176723112458,2.8450963541530099,211.67516874898399,192.607161214337,0,46.863056256529703,0
0:02:48,,-,0.70728743039941899,9.5065514838631593,0.71695425775245503,-,30.095148146460701,1.01366746663033,30.76,25.71536,21.576470808511299,2.8450808005743302,211.67401156272999,192.60610826910599,0,46.862800065476002,0
0:02:49,,-,0.70728743039941899,9.5065514838631593,0.71695425775245503,-,30.095148146460701,1.01366746663033,30.76,25.71536,21.635269145056501,2.8450808005743302,211.67401156272999,192.60610826910599,0,46.862800065476002,0
0:02:50,,-,1.0014425210692599,13.460248939103,1.08025396929719,-,32.152709039776298,1.07869792481328,17.489999999999998,34.717649999999999,21.706294356613501,4.0283267694491904,299.70751164702,272.70942243300902,0,66.3526575262796,0
0:02:51,,-,1.0014425210692599,13.460248939103,1.08025396929719,-,32.152709039776298,1.07869792481328,17.489999999999998,34.717649999999999,21.7895464431821,4.0283267694491904,299.70751164702,272.70942243300902,0,66.3526575262796,0
0:02:52,,-,0.361631280198844,4.8606354865436003,0.38468824647660199,-,29.478921165609101,1.06375821877212,25.75,14.368499999999999,21.846204082395101,1.45467057374372,108.227490686533,98.478200677396401,0,23.960632768223,0
0:02:53,,-,0.361631280198844,4.8606354865436003,0.38468824647660199,-,29.478921165609101,1.06375821877212,25.75,14.368499999999999,21.876267274252399,1.45467057374372,108.227490686533,98.478200677396401,0,23.960632768223,0
0:02:54,,-,0.361631280198844,4.8606354865436003,0.38468824647660199,-,29.478921165609101,1.06375821877212,25.75,14.368499999999999,21.9063304661098,1.45467057374372,108.227490686533,98.478200677396401,0,23.960632768223,0
0:02:55,,-,1.29994592414837,17.472391453607202,1.3709615504166699,-,30.530308424945002,1.0546296772420101,23.25,43.03575,21.9753957226505,5.2290639301914501,389.04235640624398,353.99685424794302,0,86.130621471518893,0
0:02:56,,-,1.29994592414837,17.472391453607202,1.3709615504166699,-,30.530308424945002,1.0546296772420101,23.25,43.03575,22.083463043874399,5.2290639301914501,389.04235640624398,353.99685424794302,0,86.130621471518893,0
0:02:57,,-,0.79109655511189303,10.6330182138695,0.84608247106918499,-,31.4012743949901,1.06950594791746,26.54,28.6632,22.170379489820899,3.1822050323703799,236.75605440835599,215.428724159783,0,52.415747970750203,0
0:02:58,,-,0.79111575538232004,10.6332762820204,0.84610278813386397,-,31.400512290385301,1.0695056726875201,26.54,28.6632,22.236145858569898,3.1822822659226899,236.761800584648,215.43395271214499,0,52.4170201246095,0
0:02:59,,-,0.79111575538232004,10.6332762820204,0.84610278813386397,-,31.400512290385301,1.0695056726875201,26.54,28.6632,22.301913025398999,3.1822822659226899,236.761800584648,215.43395271214499,0,52.4170201246095,0
0:03:00,,-,0.98933499306210804,13.297513347609,1.07228453647116,-,33.820900134581102,1.08384373745066,25.64,37.152360000000002,22.3759193895797,3.97962394511636,296.084021516657,269.41234157169703,0,65.550448070972493,0
0:03:01,,-,0.19115399785008499,2.5692741646516799,0.20551141335270001,-,36.478546504000803,1.07510915630378,31.41,11.49606,22.424987693350101,0.76892158104546404,57.2077656297825,52.054406770942499,0,12.6653057836843,0
0:03:02,,-,0.172342580561649,2.3164325344307701,0.170989386516192,-,25.4047489931475,0.99214823149887199,81.08,16.053840000000001,22.440096822419701,0.69325219988779596,51.577963671652,46.9317455737744,0,11.4189161979986,0
0:03:03,,-,0.59865792970003096,8.0464775497316001,0.631921688049362,-,33.323337101700098,1.05556388164105,72.28,30.357600000000001,22.4721442938793,2.40811600587796,179.163830837321,163.024491978951,0,39.665326515559997,0
0:03:04,,-,0.32026486031915302,4.3046352193434503,0.33422533739487498,-,34.795926374485099,1.0435904115793699,83.474999999999994,23.164312500000001,22.510340315146099,1.2882731489771899,95.847522283902705,87.213437861586598,0,21.219814564862901,0
0:03:05,,-,1.1408286954859199,15.333719025348399,1.158072928935,-,31.865239841741499,1.0151155326976899,71.42,46.637259999999998,22.571072251644502,4.5890110282863699,341.42242050450602,310.66659153716199,0,75.587978476195005,0
0:03:06,,-,1.9088024372433201,25.655946737141399,1.8537036085813099,-,28.8224642459354,0.97113434707177904,53.57,62.730469999999997,22.697626933778299,7.6582162749783,569.77129085838499,498.88025248867501,19.431251703580202,121.38205656658801,2.09163096916902
0:03:07,,-,1.36338874763743,18.325117575771898,1.2897529909520999,-,34.612593130003901,0.94599063780382797,57.69,55.497779999999999,22.8329436636091,5.4369511280047398,404.50916392355299,321.75739597284701,45.995898025398901,78.2864710396221,4.9511192707641403
0:03:08,,-,2.0791523769092,27.9455964638334,2.0371299008378601,-,30.230588531195899,0.97978865015472705,57.14,71.082160000000002,22.975501927132498,8.3590098581280508,621.91033344472703,561.55052432325397,4.3075243619020798,136.63029788886999,0.46367323594209697
0:03:09,,-,2.0791523769092,27.9455964638334,2.0371299008378601,-,30.230588531195899,0.97978865015472705,57.14,71.082160000000002,23.148254797533799,8.3590098581280508,621.91033344472703,561.55052432325397,4.3075243619020798,136.63029788886999,0.46367323594209697
0:03:10,,-,1.83942671918246,24.723477408366399,1.8226441226026899,-,32.955996217638301,0.99087618092922503,48.38,67.586860000000001,23.311088997029501,7.39913848017079,550.49590292470702,500.90643011692299,0,121.875043824069,0
0:03:11,,-,1.85077197236945,24.875967370557198,1.86701400515431,-,33.780930840419899,1.0087758151881101,50.42,69.781279999999995,23.4644761033591,7.4447750355973898,553.89126264844595,503.99593089094299,0,122.62674717541201,0
0:03:12,,-,2.0302953657735201,27.288916206633299,2.0306986971260099,-,34.097501854674697,1.0001986564907199,51.28,76.612319999999997,23.625796871758698,8.1669122288731408,607.61826982816206,552.88313100319999,0,134.52144306647199,0
0:03:13,,-,1.8641044013736401,25.055166685129599,1.8194730388837701,-,35.173003159954398,0.97605747700773404,53.09,73.211110000000005,23.787561503742399,7.4877295760014402,557.08708045450703,496.45404455554501,10.378272521450601,120.79173833468199,1.1171445125350501
0:03:14,,-,2.0201256249202899,27.152226141401801,1.9617834291273599,-,34.2771158119101,0.97111952094799303,50.84,76.565039999999996,23.948684535915401,8.1048219246194702,602.99875119168905,527.94521936840999,20.592561075927801,128.453824663847,2.21663736016446
0:03:15,,-,2.0201256249202899,27.152226141401801,1.9617834291273599,-,34.2771158119101,0.97111952094799303,50.84,76.565039999999996,24.116184189024199,8.1048219246194702,602.99875119168905,527.94521936840999,20.592561075927801,128.453824663847,2.21663736016446
0:03:16,,-,1.9805848976196501,26.620764752952301,1.83485280591386,-,33.628863917950902,0.92641966932044295,50.42,73.865300000000005,24.281162943578199,7.8608639999543399,584.84828159660299,428.32008196724701,103.133215257448,104.21413186551,11.1015301676478
0:03:17,,-,2.1970992799500002,29.530904300403201,1.9811984158590299,-,30.749702854364202,0.90173367855462705,52.17,75.072630000000004,24.451960500614099,8.6679318422290397,644.894129061841,420.44041932546298,165.22167082835,102.296939008628,17.784894599391901
0:03:18,,-,2.4822981085018201,33.364221888465302,2.1297159920579101,-,28.02921202804,0.85796141275847404,52.63,77.15558,24.641642361379599,9.6883772641152106,720.81526845017197,365.42844216355701,288.46605511989299,88.912029723493205,31.051243823454499
0:03:19,,-,3.0565388745049198,41.082511754098299,2.5458786254015302,-,27.033223980631899,0.83292859339598602,54.54,90.481859999999998,24.8642665022907,11.855894436952701,882.078546109282,372.79431163718101,426.882391646548,90.704212077172897,45.950741834935201
0:03:20,,-,3.3139219763325798,44.541962047480901,2.7208075254680701,-,27.062339017181401,0.82102341120267197,51.72,97.130160000000004,25.1192117576086,12.816227045432599,953.52729218018305,364.394990091257,499.79161674458101,88.660581530719497,53.7988823191153
0:03:21,,-,3.5533250182581302,47.759744869060903,2.9339594072647599,-,27.587521404966701,0.82569407306934395,52.17,105.53991000000001,25.393812991864198,13.758085947036999,1023.60159445956,407.458245575761,520.34854905156999,99.138259264175502,56.011684505012902
0:03:22,,-,3.4987181996669801,47.025782253588403,2.9705729507317602,-,28.5797524389126,0.84904607379196995,54.05,107.7757,25.676775591030701,13.625391391662999,1013.72911953973,483.59957895310998,435.80689689815699,117.66413113214401,46.911399020253697
0:03:23,,-,3.4987181996669801,47.025782253588403,2.9705729507317602,-,28.5797524389126,0.84904607379196995,54.05,107.7757,25.958367013125098,13.625391391662999,1013.72911953973,483.59957895310998,435.80689689815699,117.66413113214401,46.911399020253697
0:03:24,,-,3.3807443279700902,45.440111935081902,2.8172707097002299,-,28.4707036860705,0.83332853253407801,53.09,103.89713,26.234681764942898,13.1147458810274,975.73709354844095,413.70009900495103,470.89483205687901,100.656958395365,50.6883565185015
0:03:25,,-,3.3736419667357498,45.344650090534302,2.88343939438959,-,28.6177077923344,0.85469632605368895,55.55,104.54510000000001,26.506153013545902,13.1566652741057,978.85589639346495,485.536780248485,402.36842763535702,118.135469646833,43.311994363332303
0:03:26,,-,3.4941277672542901,46.9640828932028,2.9107044825331401,-,28.133327270183401,0.833027489667439,55.04,106.2272,26.782158826187999,13.553574658994,1008.38595462915,426.51386994317102,487.67319538302098,103.77466421974999,52.494423614964603
0:03:27,,-,3.7766898896110002,50.761960881868198,3.2130699128177298,-,26.990635445183301,0.85076350103732701,54.54,109.78901999999999,27.074258893733798,14.7141738131814,1094.7345317007,528.56320379863598,464.35478983005999,128.60418583908401,49.984369195916102
0:03:28,,-,3.52826654951543,47.422937493486998,3.0260280900902301,-,27.8181703741969,0.85765291471695104,51.28,105.53424,27.3685925616766,13.769729536122099,1024.4678774874901,518.311588627888,411.03704529790298,126.109875578562,44.245107136480399
0:03:29,,-,3.52826654951543,47.422937493486998,3.0260280900902301,-,27.8181703741969,0.85765291471695104,51.28,105.53424,27.653166972089799,13.769729536122099,1024.4678774874901,518.311588627888,411.03704529790298,126.109875578562,44.245107136480399
0:03:30,,-,2.3106047768528,31.056515817913901,1.9263502690827701,-,21.729445253024601,0.833699596045411,27.77,54.207039999999999,27.8880846094345,8.9642353682034699,666.93911139433806,283.61236111471101,321.034693979498,69.0054406605135,34.557017651183799
0:03:31,,-,4.8118805620309404,64.675814005792304,3.9919179251215899,-,24.038096646185199,0.82959621995204302,57.69,123.97581,28.173423138335501,18.649170654478699,1387.49829669322,570.71403487487203,687.05981137044,138.85986249996901,73.956922644826705
0:03:32,,-,4.5397770219411102,61.018508359423599,3.9065751783161802,-,25.7206685340844,0.86052137790807504,55.55,124.7653,28.5493401051123,17.729890646500699,1319.1038640996501,680.03903748810797,516.67606992163201,165.45961982679,55.616369205772997
0:03:33,,-,4.2360694463979502,56.936417290294997,3.6180551579447999,-,27.2953032199033,0.85410666744884001,54.54,123.47856,28.903230713900001,16.517587623276,1228.9085191717299,607.13864655936504,507.568829193037,147.72229843293499,54.636041893760698
0:03:34,,-,4.2989322732675097,57.781347758971897,3.79081842704836,-,27.975725681435101,0.88180464033387895,55.55,128.26495,29.248312846346899,16.8774574522301,1255.68283444592,736.24186528586802,403.54519421857702,179.134273792182,43.438664609104102
0:03:35,,-,4.2989322732675097,57.781347758971897,3.79081842704836,-,27.975725681435101,0.88180464033387895,55.55,128.26495,29.597113633692999,16.8774574522301,1255.68283444592,736.24186528586802,403.54519421857702,179.134273792182,43.438664609104102
0:03:36,,-,4.1960804148545296,56.3989303071845,3.7949265204058298,-,28.555835006358901,0.90439794885041402,57.14,128.05073999999999,29.942685978778702,16.565027556066699,1232.4380501713599,814.24404716335596,305.07103188785698,198.112906852398,32.8386471353991
0:03:37,,-,4.2777926038229896,57.4972124169757,3.9511440557777902,-,30.029506312483999,0.923640863805955,60,137.1,30.2891829332446,16.9669357793396,1262.34002198286,913.12367394934597,233.890481668533,222.171210206653,25.176585755493299
0:03:38,,-,4.0240586881178899,54.086810324165199,3.7574447916731701,-,30.251367943377701,0.933745027816823,54.54,129.58704,30.629838577534102,15.999739474478901,1190.38061690123,899.97106848242095,181.92414543410101,218.97106289109999,19.5827928346718
0:03:39,,-,4.1944380197569497,56.376855104260102,3.87326765446914,-,29.358044968116001,0.92342946450155805,58.25,131.52850000000001,30.967069110496801,16.6354733928809,1237.6792204303399,894.43676679235796,230.16376017575001,217.624517467727,24.775431665850402
0:03:40,,-,3.9280004862621798,52.795705460513197,3.7718611811063201,-,30.979502274908299,0.96024967265102401,62.5,130.6875,31.301389804608501,15.7181421663226,1169.4297771744,983.49140597098506,80.042620494173704,239.29231288831801,8.6159979003416201
0:03:41,,-,4.1587072476544398,55.896602791054299,3.93349887087337,-,29.807339785678501,0.94584654235806198,60,132.6,31.635174527197499,16.583605180997299,1233.8202254662001,980.84335462786805,140.86145040736801,238.64801815763201,15.1626964916435
0:03:42,,-,4.1453283005294201,55.716778232922302,3.9445027396807801,-,29.588585295966901,0.95155376214159104,60.6,131.38079999999999,31.977586671206101,16.553053916604799,1231.5472113953999,1001.54917843549,118.243298240275,243.68593149282,12.7280191862514
0:03:43,,-,4.1458050356140399,55.723185962554297,3.9630005630705298,-,30.257573359674499,0.95590615791790601,60.6,134.16839999999999,32.319882480285301,16.572346962029801,1232.9826139750101,1019.86336541411,101.35166144478001,248.14193805696101,10.909759036036601
0:03:44,,-,4.2034746537499199,56.4983152385742,4.0186636227320296,-,30.274953575959199,0.95603374678302899,60.6,135.9864,32.664765106288101,16.803391038237599,1250.1722932448799,1034.59094462436,102.25903473514499,251.725290662861,11.0074310802094
0:03:45,,-,4.1155595503315601,55.316660622736002,3.9060757259580599,-,30.955406778098101,0.94909955212368902,61.22,136.21449999999999,33.008119442547198,16.424447954586,1221.9789278211999,984.16966718011099,126.85706761178599,239.45733994649899,13.6552279452945
0:03:46,,-,4.2852973396549299,57.598082522243701,4.0499781026447996,-,30.234191406291799,0.94508683567122598,62.5,138.5625,33.354386516552402,17.085268884624099,1271.14400501603,1007.41649889512,148.199318081684,245.11350338080899,15.9525638408702
0:03:47,,-,4.1638770286931299,55.9660890953378,3.9989696996686499,-,30.936888652648399,0.96039572545295904,61.225000000000001,137.63380000000001,33.703114527397098,16.662603132606701,1239.6976730659401,1043.1634570491001,84.279422424897206,253.81106010926899,9.0720583880406007
0:03:48,,-,4.3499377277067097,58.466904942294498,4.2736498048767002,-,30.501160776374601,0.98246229541537999,63.15,141.77175,34.056104633852101,17.4977297501291,1301.83109340961,1184.5602522208201,0,288.214173289737,0
0:03:49,,-,3.9399180505243301,52.955887775864603,3.8974150756689099,-,31.6050939139276,0.98921221855115304,61.22,133.33716000000001,34.400681469951301,15.848415678832099,1179.1221265051099,1072.90508779741,0,261.04746661737602,0
0:03:50,,-,4.2518149620903403,57.148050565730401,4.0935998566142802,-,31.5598353165466,0.96278880739479,66.66,143.78561999999999,34.740366306071301,17.024310397298301,1266.6086935589999,1075.4565228449001,76.526640788110399,261.668253733553,8.2375286101302905
0:03:51,,-,4.2270085706834299,56.814631326390099,4.2296749706834298,-,31.808125711526898,1.0006308007082101,66.66,144.05225999999999,35.091984370676499,17.003244241910501,1265.0413715981399,1151.08460213937,0,280.06924626262003,0
0:03:52,,-,4.37099187977139,58.749890857142397,4.2675307954294599,-,31.598040856397901,0.97633006713630799,65.209999999999994,147.50502,35.4491227742297,17.558536747107599,1306.3551339848,1165.29777670316,23.218912996506901,283.52743958714501,2.4993447789566101
0:03:53,,-,4.3413150114241903,58.351008218067001,4.4194259702940597,-,31.967882919067801,1.0179924651089201,65.930000000000007,148.27656999999999,35.811012448824201,17.463044665268601,1299.25052309598,1182.2121434400001,0,287.64285728467098,0
0:03:54,,-,4.2001590038528196,56.4537500517852,4.1720043227074397,-,32.045543960724899,0.99329675826092501,63.82,143.78646000000001,36.1660480695327,16.895241209748001,1257.0059460052501,1143.77301938859,0,278.29027235732002,0
0:03:55,,-,4.2553969683533497,57.196195811200901,4.2619207222984601,-,31.9562195986197,1.0015330541412799,66.66,145.58544000000001,36.517512413703102,17.117437258353799,1273.5373320215199,1158.81523407229,0,281.950178606397,0
0:03:56,,-,4.3853380797713903,58.942716125959599,4.3539617894942104,-,31.658241046545999,0.99284518326604798,65.209999999999994,148.22233,36.8766739267747,17.640128522769501,1312.4255620940501,1194.2003557338801,0,290.55969725885001,0
0:03:57,,-,4.3410336348145604,58.3472262743893,4.3659463465097499,-,31.969955009558099,1.00573888935008,65.930000000000007,148.27656999999999,37.239395020660901,17.461912821048902,1299.1663138860399,1182.1355199183399,0,287.62421409205399,0
0:03:58,,-,4.2463628790815999,57.074769880128997,4.2379408537002501,-,31.987645396282701,0.998016649631422,67.41,145.53818999999999,37.596339459773802,17.081097415691499,1270.8336477274499,1156.35510159771,0,281.35160622815403,0
0:03:59,,-,4.3539605185230199,58.520974711331,4.4447182850544298,-,32.241511929837102,1.0208448758653901,66.31,149.92690999999999,37.953821218812301,17.5139115235133,1303.03501734939,1185.65572493843,0,288.48071166385103,0
0:04:00,,-,4.2381304455403104,56.9641188916709,4.35767126046313,-,32.400984765463797,1.02820602538287,66.66,146.91864000000001,38.310960787832101,17.047982252599901,1268.3698795934299,1154.1132732860201,0,280.80614921800998,0
0:04:01,,-,4.3750341382801796,58.804222288712097,4.3959366148892096,-,31.934141673902701,1.0047776716588701,68.959999999999994,149.64320000000001,38.6689763046869,17.598680668832099,1309.3418417611099,1191.39442142039,0,289.87698818014297,0
0:04:02,,-,4.4212281610057902,59.425109690938001,4.5067385610057897,-,31.444511555896199,1.01934087020303,68.959999999999994,148.95359999999999,39.034602476440902,17.784497242843202,1323.16659486754,1203.97382062935,0,292.93766925288298,0
0:04:03,,-,4.41446890693285,59.334259501785702,4.5115158548176897,-,32.837762153526697,1.0219838331475,69.760000000000005,155.00672,39.4018677970749,17.757307979804501,1321.14371369746,1202.13316354167,0,292.489820813059,0
0:04:04,,-,4.5367584107844898,60.977935628823801,4.60306880505577,-,31.913870409282801,1.0146162498125599,66.66,154.38455999999999,39.773935257698803,18.249220467664799,1357.7420027942601,1235.43462544624,0,300.59236628862197,0
0:04:05,,-,4.4410894493439503,59.692062491182099,4.6589754511801402,-,32.682858937111,1.04906138557249,64.510000000000005,154.43693999999999,40.147109230006897,17.8643897556985,1329.11059782397,1209.3823791412201,0,294.253620229006,0
0:04:06,,-,4.3593332308350297,58.593188586492303,4.4332162508855602,-,32.188248195268599,1.0169482386728199,66.66,149.91834,40.512908332499698,17.535523388773299,1304.6429401247401,1187.1188036880101,0,288.83669189489302,0
0:04:07,,-,4.3738492265206901,58.788296055385601,4.6069072663077399,-,32.8455469221283,1.05328442470626,65.930000000000007,153.15539000000001,40.8759125222874,17.5939143326124,1308.9872263463601,1191.07175027874,0,289.79847938655502,0
0:04:08,,-,4.3950407911981904,59.0731289139542,4.5388988846775202,-,32.149360316057297,1.0327319131525301,64.875,150.63974999999999,41.240400935504702,17.679157914226799,1315.32934881847,1196.8425651204,0,291.20257058890502,0
0:04:09,,-,4.4486498648290196,59.793680978884701,4.5730048256425002,-,32.321161334086298,1.0279534161132,67.41,153.49257,41.607998518287403,17.894801709900499,1331.3732472166,1211.4412057807001,0,294.754551284841,0
0:04:10,,-,4.4506294310061403,59.820288051157803,4.6598875947653502,-,32.398545472118201,1.0470176560423901,69.760000000000005,154.23936,41.977906703104701,17.9027645627407,1331.9656834679099,1211.9802745115301,0,294.88571155998198,0
0:04:11,,-,4.48633260516785,60.300169424299099,4.6256776926731602,-,32.725134964554698,1.0310599101245399,68.959999999999994,156.74608000000001,42.349381211847103,18.046381444592601,1342.6507794776901,1221.7028415084501,0,297.25129963709298,0
0:04:12,,-,4.5986294861154997,61.809536103702897,4.7400466396324497,-,32.234514750005403,1.03075202164991,67.41,157.94163,42.727007503213599,18.4980983650646,1376.2585183608001,1252.2831463187199,0,304.69176309457902,0
0:04:13,,-,4.4844474759446902,60.274831665923202,4.7300325940783701,-,32.417739482917099,1.0547637405613599,65.930000000000007,154.86957000000001,43.104555437141599,18.038798466684501,1342.0866059213299,1221.1894895278399,0,297.12639647879303,0
0:04:14,,-,4.4890101511107998,60.336157945037598,4.6308259857066503,-,32.815561792291497,1.0315917830038199,65.209999999999994,156.69963000000001,43.477546924655996,18.0571519379275,1343.45210418181,1222.4319817159801,0,297.42870601362,0
0:04:15,,-,4.2811930646211698,57.5429175352307,4.4370886240900598,-,33.037634104575403,1.03641404559799,65.209999999999994,150.83072999999999,43.8420899223714,17.221202679690201,1281.25747936895,1165.8399393012201,0,283.65935262803299,0
0:04:16,,-,4.6135612511108004,62.010231869768802,4.8196685105796897,-,32.636369564563097,1.044674221984,65.209999999999994,159.96012999999999,44.211810021488603,18.558161751010498,1380.7272342751801,1256.3493137942401,0,305.68109824677299,0
0:04:17,,-,4.4596403352565099,59.941402355598299,4.6495473839076897,-,32.164073606117299,1.0425834897827599,60.6,152.16659999999999,44.588947474727703,17.939011143093602,1334.66242904616,1214.4340933199101,0,295.48274776640199,0
0:04:18,,-,4.3005445588985101,57.803018264764901,4.4981553836275303,-,33.040568596362498,1.04595018654559,63.505000000000003,151.2371575,44.953074050053502,17.2990445336021,1287.0489133000001,1171.10967242774,0,284.94152613813702,0
0:04:19,,-,4.3597538225279102,58.598841700643902,4.5962047650449902,-,32.689955855664103,1.05423492980161,61.22,151.33583999999999,45.313048734267397,17.537215229033599,1304.7688130401,1187.2333377878001,0,288.86455907245801,0
0:04:20,,-,4.3482526798188097,58.444256449177502,4.5006309211572502,-,32.628048654686701,1.0350435571616301,62.5,150.875,45.6750064582112,17.490951604232801,1301.32679935492,1184.10138570915,0,288.102526936532,0
0:04:21,,-,4.29226952032072,57.691794627966701,4.4296056604043796,-,32.296434169316001,1.0319961594754199,62.5,147.625,46.034159124025699,17.265757990720399,1284.5723945095999,1168.8562420573701,0,284.39324624266902,0
0:04:22,,-,4.4970893419305096,60.444749219496103,4.7373676422989597,-,31.746164940257501,1.0534297369029599,63.82,151.95542,46.399498346940597,18.0896506784641,1345.8700104777299,1224.6320794907499,0,297.96400960845602,0
0:04:23,,-,4.3447885449867503,58.397695497133697,4.6115392714798098,-,32.428505677813099,1.0613955601592699,60.6,149.62139999999999,46.767020580011398,17.477017038061099,1300.2900676317499,1183.15804428974,0,287.87300347682202,0
0:04:24,,-,4.3764419031686703,58.823143859793902,4.5339837482354604,-,31.8323658995985,1.0359977005413299,62.5,148.3125,47.129527971588601,17.604343437154899,1309.7631517243201,1191.77777916842,0,289.97026257139203,0
0:04:25,,-,4.4991890980748801,60.472971748318301,4.6016677347009196,-,31.5079444117289,1.0227771348107799,61.85,150.66659999999999,47.4984531894222,18.098096998355398,1346.4984166776401,1225.2038779448201,0,298.10313331990699,0
0:04:26,,-,4.4232998811971598,59.452955392434902,4.5886947527403397,-,32.068081253765101,1.03739173829164,61.22,150.66242,47.869326109875402,17.7928307874353,1323.7866105851799,1204.5379844280101,0,293.07493538394499,0
0:04:27,,-,4.3389486176921404,58.3192018507008,4.6088569604720702,-,32.4913688595339,1.0622059320268,63.82,150.16846000000001,48.233538461167598,17.45352578923,1298.54231871871,1181.56773514462,0,287.486066945164,0
0:04:28,,-,4.5196709673967499,60.748265690816602,4.6753212336741301,-,31.657875325914102,1.0344384065566199,64.510000000000005,152.37262000000001,48.601756581059703,18.180485813231702,1352.6281445044399,1230.7814309601899,0,299.46020218009602,0
0:04:29,,-,4.3477061358078801,58.436910427525198,4.4682918795699704,-,31.5626092733844,1.0277354862530701,63.15,146.31854999999999,48.970338716679599,17.488753117725899,1301.16323195881,1183.95255270234,0,288.06631452611703,0
0:04:30,,-,4.4881941700387804,60.325190457510402,4.7252818366453901,-,31.965497606526402,1.0528247347651101,63.82,152.65744000000001,49.337612485117397,18.053869634323799,1343.20790079369,1222.20977652478,0,297.374641490214,0
0:04:31,,-,4.4138117301867004,59.325426481004001,4.4817163598379599,-,30.8971357041166,1.0153845777305901,64.510000000000005,145.66358,49.707634004200003,17.7546644704437,1320.94703660101,1201.9542034045601,0,292.446278200623,0
0:04:32,,-,4.6061024802961299,61.909979573872803,4.7641315838104497,-,31.708382656438399,1.0343086382012401,66.66,155.65110000000001,50.082556509932502,18.5281586649544,1378.4950046726101,1254.31816668581,0,305.18690187002699,0
0:04:33,,-,4.69640510885315,63.123724581359497,4.8282329986589199,-,31.249472010696799,1.02806995707361,65.930000000000007,156.25409999999999,50.469225315591999,18.891403173065999,1405.52039607611,1278.9090714655199,0,311.17009038090498,0
0:04:34,,-,4.5249694784429799,60.819482237136903,4.6429913598379597,-,31.763370048068499,1.0260823596616999,64.510000000000005,153.01772,50.852521740135501,18.201799202104901,1354.21386063661,1232.2243034733699,0,299.811266051914,0
0:04:35,,-,4.4547164156530403,59.875220640497801,4.6877786819304097,-,32.915951615857203,1.05231809267554,64.510000000000005,155.92067,51.225772112316598,17.9192045573615,1333.1888190677,1213.0932282748199,0,295.15650322988398,0
0:04:36,,-,4.6007382390415099,61.837879557009501,4.7385054051918098,-,31.6414317521199,1.0299445782377299,66.67,155.17442500000001,51.6021718951149,18.5065808747277,1376.88961707974,1252.8573947457701,0,304.83148290651297,0
0:04:37,,-,4.5773623213687902,61.523687115171903,4.6911696511334302,-,32.253387351659697,1.0248630809130701,65.209999999999994,157.02567999999999,51.983669587850599,18.4125506803428,1369.8937706175,1246.49174432326,0,303.28266285237402,0
0:04:38,,-,4.5369515494920201,60.980531579193901,4.7766326671149102,-,32.250410524305103,1.0528286703105101,63.15,155.41215,52.362515917732999,18.249997372788499,1357.79980453547,1235.4872203223999,0,300.60516309547398,0
0:04:39,,-,4.4919778396324501,60.376046231618901,4.5601277490109897,-,32.009403236896901,1.01517147052179,67.41,153.49257,52.737813149132101,18.0690895368047,1344.3402615382699,1223.2401325640501,0,297.62533639028101,0
0:04:40,,-,4.5959330861155001,61.773294168219103,4.8625025068075702,-,32.004082140438598,1.05800115356279,67.41,156.79566,53.115562011997604,18.487252030829101,1375.4515510936801,1251.54887183848,0,304.51310750328003,0
0:04:41,,-,4.53725188685942,60.9845683717664,4.6654155615942203,-,31.8446503749234,1.02824698251952,63.15,153.58080000000001,53.495192739683098,18.251205487115101,1357.8896882413601,1235.5690071731401,0,300.62506257254103,0
0:04:42,,-,4.4623479073756496,59.9777944539738,4.6005535222984602,-,32.9539433169125,1.0309715015035901,66.66,156.65100000000001,53.8692708546969,17.949902417448602,1335.4727398581699,1215.17141015365,0,295.66214358969597,0
0:04:43,,-,4.5685345203025003,61.405033875033602,4.6954593759838401,-,32.130152316388902,1.0277824004869101,65.209999999999994,156.17795000000001,54.244649266259302,18.377040636977799,1367.2518233911501,1244.08778755141,0,302.69775852832299,0
0:04:44,,-,4.3859891475718102,58.951467037255497,4.4882217530123603,-,32.887532355126197,1.0233089052436799,64.510000000000005,153.53380000000001,54.616853743248498,17.6427474587483,1312.6204109308701,1194.3776523036499,0,290.60283511037801,0
0:04:45,,-,4.4128827111731903,59.312939666306299,4.6235038182989898,-,32.190073767502199,1.0477286891383999,64.510000000000005,151.34046000000001,54.982588384168402,17.750927468985498,1320.6690036925199,1201.7012161054599,0,292.38472411325199,0
0:04:46,,-,4.3872507203025002,58.968423659979898,4.4453512819190903,-,32.253843926713898,1.01324304566131,65.209999999999994,150.89594,55.348375463725603,17.647822165579399,1312.9979691191099,1194.7211995003299,0,290.68642323608998,0
0:04:47,,-,4.46860513837595,60.061897021182098,4.5928458237395402,-,31.933034041101401,1.02780301268882,64.510000000000005,151.98555999999999,55.716478706335401,17.975072280531901,1337.3453776715701,1216.87535802507,0,296.07672944648903,0
0:04:48,,-,2.5662145831412202,34.492131493833703,2.5347151831412198,-,25.241392682256201,0.98772534447939897,33.51,69.600269999999995,56.008888609114898,10.3226602465223,768.005922341256,698.82283015143503,0,170.02988568161399,0
0:04:49,,-,5.8019798017086703,77.983599485331595,5.6242806392228202,-,27.5821952970038,0.96937266785494103,67.41,169.73838000000001,56.355992091651501,23.267999353791001,1731.1391519220499,1506.08328576133,68.639132290499205,366.44362183973999,7.38849647906342
0:04:50,,-,5.06747151976918,68.111176340983604,5.0404115704536903,-,29.882314959097702,0.99466006879171898,68.180000000000007,161.2457,56.807063028454003,20.384026788388901,1516.57159305614,1379.9566148603799,0,335.75586736262198,0
0:04:51,,-,5.1508586651672399,69.231971306011303,5.1430021522198901,-,30.580936158318298,0.99847471781734598,69.760000000000005,167.56352000000001,57.231798992448603,20.719453598183598,1541.5273477048599,1402.66431877888,0,341.28085615058001,0
0:04:52,,-,4.8620646737184501,65.350331636000604,4.8725353798027697,-,31.616864504279501,1.0021535513793001,70.58,163.88676000000001,57.647996998362999,19.557772780629399,1455.0982948788301,1324.02092092712,0,322.146209471318,0
0:04:53,,-,4.8258838299921099,64.864029973012293,4.8746871547081003,-,31.7954027501426,1.01011282625841,70.58,163.60444000000001,58.050687073197302,19.412234461397201,1444.2702439279501,1314.1682765784301,0,319.748972403511,0
0:04:54,,-,4.7112338466538697,63.323035573304701,4.8083394261065102,-,32.434327179180301,1.02061149639634,70.58,162.96922000000001,58.447107701304603,18.9510521296292,1409.9582784444101,1282.9471829257,0,312.15259925199598,0
0:04:55,,-,4.7385418620005098,63.690078790329402,4.8856976959189797,-,32.520755221299602,1.03105508787388,72.28,164.50927999999999,58.8398978658918,19.0608992820389,1418.1309065836899,1290.3836088176499,0,313.96194861743299,0
0:04:56,,-,4.5947336383402799,61.757172558336997,4.6611194543258403,-,32.906399347800999,1.0144482403575299,71.42,161.48061999999999,59.2278455731119,18.482427223134401,1375.0925854012,1251.2222422984501,0,304.433635595731,0
0:04:57,,-,4.52663902548578,60.841922385561503,4.6217634704438497,-,33.164455825785502,1.02101436505595,69.760000000000005,160.16896,59.606985309370899,18.208514995476801,1354.7135156634799,1232.6789488475999,0,299.92188536437999,0
0:04:58,,-,4.5841247082408501,61.614579411839401,4.8207476802961304,-,33.198219875305398,1.05161791773027,66.66,161.78381999999999,59.985684073957302,18.439752545141801,1371.91758935855,1248.3332545241401,0,303.730718862321,0
0:04:59,,-,4.5737533014272804,61.475178782624702,4.6688145923940096,-,33.137803902257502,1.0207840879693,68.180000000000007,161.38206,60.366341194463701,18.398033310313,1368.81367828729,1245.5089482834501,0,303.043539728334,0
0:05:00,,-,4.6371274954050996,62.326982465122299,4.7855479378773698,-,32.6555136019117,1.03200697902297,68.180000000000007,161.2457,60.749201433238198,18.652957538835398,1387.78004088936,1262.76679331523,0,307.24252878716101,0
0:05:01,,-,4.5201241577710896,60.754356959288899,4.6332949620461203,-,32.709586581999297,1.02503710082398,66.734999999999999,157.46123249999999,61.129832518558402,18.182308782476699,1352.7637734162699,1230.9048422220901,0,299.49022925111598,0
0:05:02,,-,4.5927968380551896,61.731140296440699,4.8034992979410696,-,32.987551015680197,1.0458767211604101,68.959999999999994,161.43536,61.508620952081003,18.474636397129501,1374.5129479464399,1250.69481942994,0,304.30530886373202,0
0:05:03,,-,4.5441908378583902,61.077833842182599,4.6290355751155996,-,32.789511998184999,1.01867103303637,65.930000000000007,158.49572000000001,61.888409743233701,18.279117585386299,1359.9663483527399,1237.45859871675,0,301.084817206021,0
0:05:04,,-,4.7082078654234198,63.282363782572901,4.9487299466663499,-,32.858776507329701,1.0510856971735001,67.41,164.41299000000001,62.272995718767497,18.938880046920499,1409.0526754908899,1282.12315800536,0,311.95210657064803,0
0:05:05,,-,4.3626300743439801,58.637500999247003,4.4915430608336102,-,33.302819061927302,1.0295493737247501,65.209999999999994,154.67812000000001,62.650034924475101,17.548785021550501,1305.62960560335,1188.0165889031,0,289.05513111997601,0
0:05:06,,-,4.59562136041668,61.7691043066758,4.8888391084743601,-,33.037486792914102,1.06380372207842,63.82,161.01786000000001,63.022394350133297,18.4859981066638,1375.3582591357899,1251.4639837560501,0,304.49245346862398,0
0:05:07,,-,4.4341963696397997,59.599413570427402,4.5405678775300196,-,33.554021427356503,1.02398890329227,66.66,158.38416000000001,63.397728506385597,17.8366621758205,1327.0476658810501,1207.50527911265,0,293.79690489358899,0
0:05:08,,-,4.45832642128501,59.923742221572702,4.7190056931494002,-,33.808372415350398,1.0584702077039201,67.41,160.4358,63.767355849756797,17.933725892355,1334.26920639121,1214.0762927344999,0,295.39569166289601,0
0:05:09,,-,4.6272825967511899,62.194658558483702,4.77904538497146,-,32.813396810172001,1.03279738919054,68.180000000000007,161.65477999999999,64.145009031334496,18.613356195817101,1384.83370096879,1260.08586398646,0,306.59023454658302,0
0:05:10,,-,4.5060065829929403,60.564604610120199,4.6690056665149404,-,32.8726805591158,1.0361737339970201,65.209999999999994,157.51475500000001,64.5246440904872,18.125520496377401,1348.5387249304799,1227.06039225826,0,298.55483996551197,0
0:05:11,,-,4.4823012771012003,60.245984907274199,4.6959423994854204,-,33.6400680539519,1.0476632669641499,66.66,160.38396,64.898252844025507,18.0301653299124,1341.44430054548,1220.6050439558601,0,296.98419560969802,0
0:05:12,,-,4.5292718738004503,60.877310131726503,4.6304202709360904,-,32.805524627366701,1.0223321540313599,66.66,158.18418,65.2728286445804,18.2191056915206,1355.5014634491299,1233.3959171489701,0,300.09633020656202,0
0:05:13,,-,4.3548753611680198,58.533270983441199,4.60409747967309,-,32.836760674052002,1.0572283011190999,62.5,152,65.642107848894696,17.5175915001861,1303.3088076138499,1185.90485177705,0,288.54132646643501,0
0:05:14,,-,4.3327094622082098,58.235342233981399,4.4403781839704299,-,32.458165318180697,1.0248502057895501,64.510000000000005,149.92124000000001,66.003216723628498,17.428428635348599,1296.67509046993,1179.86870953637,0,287.072678719311,0
0:05:15,,-,4.44901740893983,59.798621087900898,4.5404505608336097,-,32.568229494639802,1.02055131357995,65.209999999999994,154.28685999999999,66.368238714565194,17.8962801649784,1331.48324427439,1211.5412941433001,0,294.77890368450198,0
0:05:16,,-,4.3402324053096697,58.336457060613803,4.5139058969571897,-,33.0389657992908,1.0400147907828801,65.209999999999994,152.78702999999999,66.733573404781794,17.4586898559809,1298.92652528498,1181.9173318237499,0,287.57112696441601,0
0:05:17,,-,4.3840502197243998,58.925406179091397,4.4322950086781701,-,33.034509812048697,1.01100461594548,64.510000000000005,154.11438999999999,67.096207663397493,17.634948074572499,1312.0401367482,1193.8496500645999,0,290.47436741231201,0
0:05:18,,-,4.47185400152346,60.105564536605598,4.6548123527403398,-,32.418088772713098,1.0409133104870001,61.22,153.78464,67.464312916249895,17.988140911144299,1338.3176837891299,1217.76007739126,0,296.291989632911,0
0:05:19,,-,4.4834003412510004,60.260757274878998,4.6298049197774196,-,32.858676180341703,1.0326548082667,60.6,156.04499999999999,67.836547764532895,18.034586342045198,1341.7732238481699,1220.9043373683101,0,297.05701639131701,0
0:05:20,,-,4.5003362096539803,60.488389914704001,4.6659924568055997,-,32.770658264072097,1.0368097491907999,61.22,156.29465999999999,68.209966506652506,18.102711282434999,1346.84171941316,1225.51625546986,0,298.17913758390699,0
0:05:21,,-,4.4267967186476698,59.499955895801897,4.5660803996514998,-,32.712706095128397,1.0314637625931899,62.5,153.8125,68.581032457877996,17.806896900680801,1324.8331294106499,1205.49023131329,0,293.30662562367098,0
0:05:22,,-,4.5231551161893604,60.795095647706503,4.5790441353765701,-,32.522674155807401,1.0123562021977,63.82,156.29517999999999,68.953046901674199,18.194500886043901,1353.6708659216599,1231.7302225132901,0,299.69105170639699,0
0:05:23,,-,4.5807857150128699,61.569700470603102,4.6493636809085901,-,32.213032693581297,1.01497078670826,60.6,156.28739999999999,69.331462064925702,18.426321364100101,1370.91830948905,1247.42399124087,0,303.50948691992102,0
0:05:24,,-,4.2949343412510004,57.727612113588698,4.3939710698016503,-,32.367526242440398,1.02305896218237,60.6,147.74279999999999,69.700390984427699,17.276477297383899,1285.36991092536,1169.58191703271,0,284.56980949701,0
0:05:25,,-,4.4432281998673497,59.720809138001997,4.55195025145101,-,32.220053429682899,1.0244691577144101,63.15,152.25465,70.063602176792003,17.8729929314229,1329.7506740978599,1209.9647964119999,0,294.39532759415999,0
0:05:26,,-,4.36050169986735,58.608893815421403,4.4116224436294402,-,32.063764590265599,1.01172359221042,63.15,148.90770000000001,70.429538747448504,17.5402235837253,1304.99263462916,1187.4369972021,0,288.91411124138602,0
0:05:27,,-,4.4463606961754696,59.762912583003697,4.4679364096808598,-,31.7988372202047,1.0048524433755299,61.85,150.2955,70.795605523707707,17.885593473608498,1330.6881544364701,1210.8178271561401,0,294.60287765356202,0
0:05:28,,-,4.4500250613990699,59.812164803750903,4.4914124614692597,-,32.165040202043002,1.0093004869633699,64.215000000000003,152.382195,71.165393435472495,17.900333471374399,1331.7848102702501,1211.81569463499,0,294.84566779440001,0
0:05:29,,-,4.6508786564864701,62.511809899011702,4.6196413755450303,-,31.393033614491301,0.99328357429883196,65.209999999999994,155.39543,71.543682357818795,18.708271916974599,1391.89543062291,1266.51146274696,0,308.15364057103699,0
0:05:30,,-,4.44239104391706,59.709557041895998,4.5162862467285096,-,32.306696682301201,1.01663410584096,66.66,153.11802,71.921653963958207,17.869625451359099,1329.50013358111,1209.73682494995,0,294.33986008514501,0
0:05:31,,-,4.5779896469106403,61.532118910089302,4.52294259841619,-,31.945485088348999,0.98797571581849197,68.180000000000007,156.06402,72.2965958594515,18.415074112512102,1370.0815139709,1246.6625754819099,0,303.32422761116902,0
0:05:32,,-,4.6803029396050002,62.907297575336003,4.6919722033618703,-,31.8448425076901,1.0024932710355401,67.41,158.75055,72.681426820626996,18.8266318076967,1400.70140649264,1274.52418348324,0,310.10320766015502,0
0:05:33,,-,4.3068043404273499,57.887155113270801,4.3228284297212696,-,32.099252501979798,1.0037206448278799,65.209999999999994,147.63543999999999,73.054985670754505,17.324224656248202,1288.9223144248699,1172.81431485042,0,285.35628098550302,0
0:05:34,,-,4.5098253377455002,60.615931958944799,4.55253964879173,-,31.1977292828674,1.0094713892107401,64.510000000000005,149.98575,73.421458434676595,18.140881529758801,1349.6815858140501,1228.10030256871,0,298.80785950576802,0
0:05:35,,-,4.4408506117551703,59.6888523085372,4.3761130425113404,-,31.387243612977599,0.985422259178801,66.66,148.98509999999999,73.793502977083193,17.863429025719299,1329.0391195135201,1209.3173397010901,0,294.23779554770999,0
0:05:36,,-,4.4314214638934599,59.562116450181001,4.4960691220543003,-,30.919929669613101,1.0145884697918199,64.510000000000005,146.30868000000001,74.162288577535605,17.8255000503211,1326.21720374389,1206.74962621449,0,293.61304774075199,0
0:05:37,,-,4.5322633932817604,60.917518726905399,4.4520750954294597,-,31.020430147198098,0.98230722910518198,65.209999999999994,149.983,74.534873849282704,18.2311391510096,1356.39675283511,1234.21055756295,0,300.29453955303001,0
0:05:38,,-,4.4306627379539698,59.551918520886701,4.42528410905798,-,31.611489811720201,0.99878604416221595,68.995000000000005,149.99512999999999,74.907427583764104,17.822448056873199,1325.9901354313599,1206.5430125463199,0,293.56277677525901,0
0:05:39,,-,4.6596484053796301,62.629682868005702,4.6012401227254403,-,30.519686814957002,0.987465088012487,65.930000000000007,151.70492999999999,75.285276214273907,18.743548444068701,1394.52000423871,1268.8996109484001,0,308.734698527592,0
0:05:40,,-,4.4872810808469596,60.312917753319397,4.4800287808469603,-,31.442246977176101,0.998383809734818,65.930000000000007,150.58412000000001,75.665478247542495,18.0501967109589,1342.9346352953401,1221.96112718057,0,297.314142866319,0
0:05:41,,-,4.4793111849004301,60.205795495973597,4.5392727906079404,-,31.368383262508999,1.01338634518397,63.15,149.60235,76.0381843688765,18.018137611693898,1340.5494383100299,1219.79079221406,0,296.78608083067098,0
0:05:42,,-,4.5818780479571997,61.584382365016097,4.4888191604810599,-,31.3819024633593,0.97968979390064204,65.209999999999994,153.17829,76.4147171058476,18.4205143532457,1370.48626788148,1237.0455490126201,9.9169521983770608,300.98431849455397,1.06748678131077
0:05:43,,-,4.34177888918106,58.357243134154103,4.3916982834735601,-,32.129307723985001,1.0114974519814599,63.15,148.59195,76.785533163953701,17.4649106247685,1299.3893504827699,1182.33846505356,0,287.673592470453,0
0:05:44,,-,4.34177888918106,58.357243134154103,4.3916982834735601,-,32.129307723985001,1.0114974519814599,63.15,148.59195,77.146474650198897,17.4649106247685,1299.3893504827699,1182.33846505356,0,287.673592470453,0
0:05:45,,-,2.5846170058362801,34.739475884896301,2.53979971980859,-,23.830099338091799,0.98265998949689704,34.68,66.585599999999999,77.434377799170903,10.396684437033,773.51332211525903,703.83411533151695,0,171.249176479688,0
0:05:46,,-,5.5153003453346097,74.130380985680205,5.2139209115054097,-,27.842541726652598,0.94535575309436504,67.41,163.26702,77.769047019507795,21.990659466537998,1636.10506431043,1298.06975785025,189.34722139023299,315.832057871107,20.381832227151001
0:05:47,,-,5.2048794285279003,69.958056835052503,4.9728596123640498,-,29.495116958630401,0.95542263382852699,68.185000000000002,163.33716749999999,78.211252730029798,20.803441551717,1547.77605144774,1277.85619449256,129.60047146560899,310.91391593493,13.9505351416156
0:05:48,,-,5.10659140246708,68.636981215955402,4.9264841238449,-,30.5078843638703,0.96473043084371901,68.180000000000007,165.60921999999999,78.637604418040993,20.456399223565501,1521.95610223327,1301.66431645691,82.622166838969207,316.70664633988099,8.8936670440225196
0:05:49,,-,4.7289976303548702,63.561796106920198,4.6632115350672301,-,31.402897951728502,0.98608878658230603,67.41,158.21127000000001,79.045553119604307,19.022507379335401,1415.27454902256,1287.78455610629,0,313.32957569496199,0
0:05:50,,-,4.7333280234039403,63.620000314569097,4.6222769076142303,-,31.762514504938601,0.97653847034462504,72.28,160.75072,79.438607501275698,19.0150134275741,1414.7169990115201,1262.8907792560999,24.219482906862599,307.27269568275,2.60704875208424
0:05:51,,-,4.6511131176153704,62.5149612582711,4.5050963795886503,-,33.411356823691698,0.96860606604606103,75,166.2,79.827804157477004,18.649179108036499,1387.4989256379099,1203.7441027923901,58.364534085104403,292.88177683513197,6.2825117422071504
0:05:52,,-,5.0809575527854696,68.292440225611202,5.0893799068200503,-,31.854058672714402,1.0016576312529799,68.959999999999994,171.77936,80.231707846645605,20.438274682471999,1520.60763637591,1383.6290855188599,0,336.649412535002,0
0:05:53,,-,4.6075967421312596,61.930063738323298,4.5583999948515297,-,31.2217644145348,0.98932268815326696,64.510000000000005,153.14673999999999,80.634423101847702,18.5341693693377,1378.94220107873,1254.7250789882601,0,305.285907296414,0
0:05:54,,-,4.6987095396004896,63.154698112909799,4.6180693310177299,-,31.8931700793622,0.98283779665392501,67.034999999999997,159.5097825,81.021249804279606,18.900672801499599,1406.2100564315699,1279.53660621157,0,311.32277523395902,0
0:05:55,,-,4.6637261845626101,62.684491727992103,4.7337963534305398,-,31.974094125336201,1.0150245031751399,66.66,158.71745999999999,81.410409587793197,18.759951409488199,1395.7403848659201,1270.0100579110599,0,309.00488027033202,0
0:05:56,,-,4.6470286459691303,62.460062445821599,4.5545014003430602,-,31.314371200664802,0.98008894442552397,66.66,155.11781999999999,81.797332761705704,18.684226711080999,1390.10646730443,1256.5061143109001,8.3201783211148506,305.71924922406299,0.89560584726747605
0:05:57,,-,4.5055009344206196,60.557808258341701,4.5550247582049401,-,31.856526519277502,1.0109918573994701,65.930000000000007,153.02352999999999,82.177679131685395,18.123486512761801,1348.3873965494799,1226.92269575825,0,298.52133716745698,0
0:05:58,,-,4.5521966648389496,61.185439043534302,4.4593200541328697,-,31.400295401133999,0.97959740812090601,65.209999999999994,152.33055999999999,82.554063229908294,18.300781057191202,1361.5781106550201,1228.60780749436,10.2467228339363,298.93134002295898,1.10298415865838
0:05:59,,-,4.3621602749555501,58.631186491337999,4.3480743673967499,-,31.795370013407702,0.99677088720474805,64.510000000000005,147.98594,82.924489218334699,17.546895242144402,1305.4890060155401,1187.8886547309601,0,289.02400358417498,0
0:06:00,,-,4.4624852755450304,59.979640800336398,4.4171802053096698,-,30.935579946118501,0.98984756980966704,65.209999999999994,147.43980999999999,83.291295170674005,17.9504549842333,1335.5138508269599,1215.20881778649,0,295.67124520352399,0
0:06:01,,-,4.6255334054778601,62.171147923089599,4.5757710698016503,-,30.591282690213699,0.98924181682110901,60.6,150.22739999999999,83.669048512504304,18.606320031601001,1384.3102103511101,1259.6095301661501,0,306.47433823993998,0
0:06:02,,-,4.5205800486750798,60.7604845252026,4.4432112893276798,-,30.633157362313899,0.98288521417288599,61.22,147.29532,84.049216626515701,18.1841426146676,1352.90021053127,1231.02898888303,0,299.52043525134599,0
0:06:03,,-,4.38476831551049,58.9350580041733,4.3721383155104903,-,31.353435371646199,0.997119574150515,63.15,146.57114999999999,84.419377078733802,17.637836632245399,1312.25504543905,1194.04519946754,0,290.52194634246803,0
0:06:04,,-,4.38476831551049,58.9350580041733,4.3721383155104903,-,31.353435371646199,0.997119574150515,63.15,146.57114999999999,84.783892369133497,17.637836632245399,1312.25504543905,1194.04519946754,0,290.52194634246803,0
0:06:05,,-,2.4690387379993401,33.1860045430019,2.33146029725697,-,24.307224944000101,0.94427854102692199,31.08,64.491,85.067850807491695,9.8420122411260298,732.245710739777,578.42538626301598,87.257015331288699,140.73610371362901,9.3925743090730496
0:06:06,,-,6.0923786580861599,81.886809920512903,5.68736949588014,-,25.275081974036802,0.93352199773918199,64.510000000000005,163.27481,85.419846762284394,24.222112416231401,1802.1251637676201,1361.1754240703499,276.70408497819102,331.18623456699498,29.7851544648214
0:06:07,,-,5.3309162528411997,71.652100172596803,5.13977526654672,-,28.966367632899999,0.964144815407181,65.209999999999994,163.80752000000001,85.890779354210594,21.352009383073302,1588.58949810065,1355.6958121588,89.176448498261493,329.85299565907502,9.5991871365189994
0:06:08,,-,4.9336608707651202,66.312646112434393,4.6848135988628199,-,30.088269925407101,0.94956133418556199,63.82,157.6354,86.314895998023303,19.6915367923568,1465.05033735134,1182.1032226432301,149.939564560977,287.61635587426599,16.139888542624
0:06:09,,-,4.6902692790776204,63.0412537510433,4.5454654801385797,-,30.867639763419199,0.96912676217014104,63.484999999999999,153.91938250000001,86.712730061524795,18.8085338690729,1399.3549198590299,1216.3411798397899,56.567832470730998,295.94675908510601,6.0891100614349902
0:06:10,,-,4.7010687155829904,63.186407467513398,4.4852330671187497,-,31.947943986046301,0.95408796137167795,67.41,159.89652000000001,87.101183228727507,18.783708118286501,1397.5078840005201,1147.83680059879,122.934031684583,279.27902690968102,13.2329420543146
0:06:11,,-,4.5490436106627099,61.143059283100897,4.5250551160157499,-,31.8951108008531,0.99472669494952004,65.209999999999994,154.48249000000001,87.484367471757594,18.298637981397501,1361.4186658159699,1238.78008930739,0,301.406347763356,0
0:06:12,,-,4.7505999418084697,63.852149755490203,4.5826043040236799,-,32.7785462694046,0.96463696378507402,66.66,165.3168,87.870095819109807,19.0299117623711,1415.82543512041,1210.47466536406,77.278395805152698,294.519383300257,8.3184494946343097
0:06:13,,-,4.7074280547271599,63.271882456010196,4.7466082394358198,-,32.688894702378803,1.0083230554462399,65.930000000000007,163.37454,88.262407587462803,18.935743239528399,1408.81929702091,1281.91080260791,0,311.90043859073302,0
0:06:14,,-,4.5075754541328701,60.585691587807297,4.3992511678383899,-,33.056540376574702,0.97596839201101704,65.209999999999994,158.39509000000001,88.645168444778193,18.105630049056,1347.05887564977,1200.06642136956,25.471826097148799,291.98696383687599,2.7418542623411
0:06:15,,-,4.4327370276641602,59.579798758926898,4.4372879072757101,-,32.9446455065153,1.001026652288,65.930000000000007,155.52887000000001,89.016511471971697,17.830791937416901,1326.6109201438101,1207.1078760676101,0,293.700213155136,0
0:06:16,,-,4.6136219984161899,62.011048365809003,4.4460652285270799,-,32.940110839633398,0.96368216339643198,68.180000000000007,161.79114000000001,89.391691590689405,18.476961486877801,1374.68593462371,1171.12917307207,79.177203371936599,284.94627082045503,8.5228421283031803
0:06:17,,-,4.4785703068536202,60.195837457709999,4.4737859448426196,-,32.586883759904801,0.99893172113348805,67.41,155.64968999999999,89.768776819309394,18.015157411826099,1340.32771143986,1219.5890388233399,0,296.736992414437,0
0:06:18,,-,4.5350113922186797,60.954454196487603,4.44705885640803,-,32.359316175434202,0.98060588426270301,67.055000000000007,156.4057875,90.143373147467798,18.236100151888898,1356.7658513005299,1228.5823069416999,5.9232652337264602,298.92513550893102,0.63759582709649698
0:06:19,,-,4.5503802439170604,61.1610247838315,4.4630556439170599,-,32.448255329294902,0.98080938398132,66.66,157.25094000000001,90.520900381638,18.2987934774902,1361.4302347252701,1233.67983677804,5.0757868754222004,300.16541040828298,0.54637103072359605
0:06:20,,-,4.5153251723563699,60.689854467155598,4.3984837308756299,-,32.246979883403199,0.97412336055084803,67.41,155.31263999999999,90.8973181226457,18.128729845838201,1348.7775005303699,1193.72725770388,33.320688439891697,290.44458824911999,3.5867264197945898
0:06:21,,-,4.3959766413508703,59.085707545038602,4.3506352085994999,-,32.171731457731298,0.98968569752512603,67.41,151.13321999999999,91.267371862458504,17.6829223941075,1315.6094261216001,1197.09741265209,0,291.26457728761301,0
0:06:22,,-,4.5858286043502803,61.637481241267203,4.4258318204616502,-,31.528771019231101,0.96511060536870996,66.66,154.18458000000001,91.639939036256195,18.371965392765802,1366.8742252217701,1170.68084767298,72.563107038396396,284.83718921483597,7.8108834271686103
0:06:23,,-,4.2953419663404304,57.733090945435798,4.2442301972763303,-,32.524923765040199,0.98810065194701002,65.930000000000007,149.19959,92.008323220766201,17.2781169791681,1285.4919032501,1169.69292011114,0,284.59681754528901,0
0:06:24,,-,4.6843091784429802,62.9611448715455,4.5499157935605803,-,31.343951564017601,0.97130988161480103,64.510000000000005,156.11420000000001,92.381073476850304,18.7944884483266,1398.3099405554999,1225.1096786191799,46.915033932833701,298.08021377595702,5.0500574739325801
0:06:25,,-,4.4551581194841896,59.8811575199488,4.31837443848036,-,31.887195962519002,0.96929768207201805,62.5,151.0625,92.759903114076906,17.866444186507501,1329.2634474761601,1156.13712734417,53.0188213571912,281.29857112996802,5.7070851837665399
0:06:26,,-,4.3610499599861097,58.6162629030391,4.3043083802370701,-,32.073698142280698,0.98698900946568802,62.5,148.875,93.125794803395095,17.542428973317399,1305.1567156148101,1187.5862975335499,0,288.95043735609602,0
0:06:27,,-,4.4517073155104896,59.834775746108697,4.3805133795699698,-,31.052209905706299,0.984007498495584,63.15,147.32894999999999,93.492106606704795,17.907100379237299,1332.2882682152499,1212.27380035494,0,294.95712904013197,0
0:06:28,,-,4.35378402103475,58.518602433262799,4.18127076226168,-,31.280260881575099,0.96037624789387999,62.5,145.1875,93.857178864641099,17.422472969434299,1296.2319889259099,1090.65474999201,88.202704754024097,265.36611921946599,9.4943708023707298
0:06:29,,-,4.5444904332681499,61.081860662206303,4.3842858123863202,-,30.812783535622799,0.96474750618704297,61.85,148.9348,94.225326982275902,18.204764221029901,1354.43445804462,1158.46368589246,73.454945663600896,281.86464376945401,7.9068832791820096
0:06:30,,-,4.3529952451806997,58.508000607267498,4.2703615727428499,-,32.075615096198902,0.98101682455790895,62.5,148.625,94.594337223080302,17.5059042439152,1302.4392757472899,1181.07638663532,4.0096196980873602,287.36651742951898,0.431605995488414
0:06:31,,-,4.5143789176185498,60.677135989496698,4.4679651417645001,-,31.593493280630099,0.98971867964540905,62.5,151.625,94.962876617222094,18.159198414965399,1351.04436207343,1229.34031795756,0,299.10956641303301,0
0:06:32,,-,4.5409250866932904,61.033939337275399,4.3912482015180796,-,31.637555620768101,0.96703823949577605,64.510000000000005,152.95321000000001,95.338593566580897,18.2005063616939,1354.1176733100301,1168.04611964388,63.651846068967203,284.19613616639401,6.8516518911697801
0:06:33,,-,4.5890083209607697,61.680219367752301,4.4749168788356801,-,31.240932674967301,0.97513810519715804,65.239999999999995,152.75945999999999,95.717098987068496,18.429050459688899,1371.12135420085,1217.9036728596,29.501688214805501,296.32692770306699,3.17563920503826
0:06:34,,-,4.6221519132528597,62.125697758774997,4.4602003881091399,-,31.722955617183398,0.96496187745812301,65.930000000000007,156.12224000000001,96.098873013550104,18.5168230707893,1377.65163646672,1179.2602040510901,73.781914555863693,286.92462385671303,7.9420790695224603
0:06:35,,-,4.5134309242362196,60.6643941429599,4.4267806074737397,-,31.596050187504002,0.98080167433222698,65.930000000000007,152.10051000000001,96.477765304286393,18.150172806915101,1350.37285683448,1223.6271980507499,5.06717181106404,297.719512907725,0.54544368256878795
0:06:36,,-,4.60709058748649,61.9232605844959,4.4337576222877901,-,31.4224774292924,0.96237691403995695,65.209999999999994,154.15644,96.8559155147843,18.445008854166002,1372.3086587499499,1163.4062322812999,84.698949902488394,283.06720980080303,9.1172174276090807
0:06:37,,-,4.61789735053698,62.068512776034702,4.5707752733618996,-,32.549240182335701,0.98979577205855396,65.209999999999994,159.69928999999999,97.238461845707803,18.575603815857999,1382.0249238998299,1257.5301056472399,0,305.96839553460802,0
0:06:38,,-,4.5881136510993796,61.668194235206698,4.4293199295286998,-,32.736883046480301,0.96539019439227902,68.180000000000007,160.01846,97.620360764730805,18.382356089585699,1367.6472930651801,1172.55797217128,71.397447351183104,285.29391050395998,7.6854087568550202
0:06:39,,-,4.75352877837524,63.891515838376897,4.6551429764488699,-,31.916954135251299,0.97930257572564905,66.66,161.31720000000001,98.007769662408506,19.108827556646801,1421.69677021452,1281.53249581769,12.0129413548624,311.80839314298998,1.2931045591886301
0:06:40,,-,4.6181556959584,62.071985160731202,4.4423026875598701,-,32.102395363098097,0.96192137728218496,63.82,157.44394,98.396262793198204,18.487281874617398,1375.45377147154,1164.07866067637,86.873327756681803,283.230817682816,9.3512731707946006
0:06:41,,-,4.4513320149526203,59.829731383771801,4.4007072007236498,-,31.7091332495229,0.98862704151051595,64.510000000000005,150.43732,98.772322476713796,17.905590723663401,1332.17594984056,1212.1715997830499,0,294.93226272093602,0
0:06:42,,-,4.5651543567580504,61.359601569328603,4.3805645223599603,-,30.909364497415702,0.95956547797231995,63.82,150.2961,99.1460825974317,18.264743539364801,1358.8969193287401,1139.87151859081,95.952491403215205,277.34100209022199,10.328578191949999
0:06:43,,-,4.3691748616342601,58.725468570353001,4.2561471098331296,-,30.348979887337801,0.97413064128112004,60,141.24,99.516085373633999,17.5419767382765,1305.1230693277701,1155.12123608918,32.2123743088192,281.05139564213601,3.4674245757609401
0:06:44,,-,4.6283854366378296,62.209481675239701,4.43390495747615,-,30.912853295972301,0.95798092405567803,60.6,151.803,99.888629258005494,18.510657233155499,1377.1928981467699,1148.2628096281601,104.152519855202,279.38267874164501,11.2112507917332
0:06:45,,-,4.6283854366378296,62.209481675239701,4.43390495747615,-,30.912853295972301,0.95798092405567803,60.6,151.803,100.271182840824,18.510657233155499,1377.1928981467699,1148.2628096281601,104.152519855202,279.38267874164501,11.2112507917332
0:06:46,,-,5.7853977631919804,77.760722623548205,5.33378043516469,-,26.4891034761709,0.92193841348289196,62.5,162.25,100.69947563443201,22.937032470848301,1706.51521583111,1224.9983003862801,325.54722006738598,298.05311444921603,35.042757811344103
0:06:47,,-,4.9658813146078602,66.745716594191705,4.7516997439848803,-,28.994587441397599,0.95686937382233905,65.209999999999994,153.37392,101.141661115929,19.855110899802199,1477.22025094528,1226.42546147179,116.918601936722,298.400355589242,12.5854253968485
0:06:48,,-,4.9380939856489796,66.372230989905603,4.7776845984155898,-,30.014337602876001,0.96751593070128405,61.22,157.02930000000001,101.551375564541,19.7946744497787,1472.7237790635299,1272.58759585335,67.009119832276198,309.63201845580198,7.2130376568650396
0:06:49,,-,4.7165730307739997,63.394798800725802,4.5839757838633801,-,30.7588579787542,0.97188695138494197,60.6,153.80279999999999,101.951494999632,18.926561204211598,1408.1361535933399,1236.2929421957599,44.688175746337301,300.80120248072001,4.8103526099394296
0:06:50,,-,4.62753174404458,62.198007312427102,4.5248360784433999,-,30.595087798631901,0.97780767992929796,58.82,150.04982000000001,102.33922464290499,18.595662338301,1383.5172779695999,1240.5871639136101,18.175560261936599,301.846025283117,1.95646504434194
0:06:51,,-,4.55298449284449,61.1960281296302,4.4902864272433103,-,30.979758490650699,0.98622923805259899,58.82,149.52044000000001,102.720629553246,18.314490275317599,1362.5980764836299,1239.85325694413,0,301.66745911049497,0
0:06:52,,-,4.45175561365118,59.835424914666397,4.4343329768270596,-,31.329482591613001,0.99608634472865099,59.4,148.0248,103.094921330907,17.907294659676701,1332.30272267995,1212.2869527404,0,294.96032913391798,0
0:06:53,,-,4.37452688585015,58.7974043797063,4.2875700491035902,-,31.048523313305498,0.98012200198658594,61.85,144.72900000000001,103.461713513584,17.588723018662101,1308.60099258846,1182.97044763501,7.6967997324372996,287.82735952190097,0.82850373869077598
0:06:54,,-,4.5070249296307097,60.578292064928903,4.3908842523905101,-,30.3585407527824,0.97423118818876497,61.22,145.64238,103.83045434189501,18.095873269505802,1346.33297125123,1192.0230543648399,32.8041304034926,290.02994023475497,3.5311227560271901
0:06:55,,-,4.5532751206452904,61.199934417275401,4.4412110884523699,-,29.892241604919999,0.97538825807278795,60.6,144.834,104.206407049029,18.2866467757216,1360.5265201136899,1209.56901811083,28.2048473703559,294.29903117051902,3.03604385041506
0:06:56,,-,4.3412184802885099,58.349710756565898,4.2112377495911,-,30.082383688581601,0.97005892901092405,63.15,139.68780000000001,104.5753002868,17.412698815091201,1295.5047918427799,1129.9022814698301,48.566733119158002,274.915396951297,5.2278507125035496
0:06:57,,-,4.4622931937051797,59.977059055177101,4.4344523832240101,-,30.407571647557901,0.99376087377664102,62.5,144.6875,104.94071155863701,17.9496823303854,1335.4563653806699,1215.15651071294,0,295.65851842163897,0
0:06:58,,-,4.32124529713517,58.081253993752298,4.26184022521422,-,31.098257738131899,0.98625278875968203,63.15,143.4768,105.305808851509,17.3823137539834,1293.2441432963701,1176.7468270818399,0,286.31309661358603,0
0:06:59,,-,4.4423318509102101,59.708761436965197,4.2777358906706198,-,30.684898061379702,0.96294829702876195,62.5,145.3125,105.669233616089,17.787824753820399,1323.4141616842401,1124.3605591805599,79.291889668617898,273.56704602933399,8.5351872624992406
0:07:00,,-,4.7293405745683597,63.566405572155297,4.7080769914001097,-,29.972466090145598,0.99550390105491804,62.5,150.75,106.04962130298,19.0238868807313,1415.37718392641,1287.8779455085,0,313.35229817725099,0
0:07:01,,-,4.4986999894858499,60.466397708143099,4.4938411577574504,-,30.5764777205606,0.99891994759824898,61.85,146.46080000000001,106.433194806069,18.096129547222699,1346.35203831337,1225.0706855568201,0,298.07072641285203,0
0:07:02,,-,4.4015910263189104,59.1611697085876,4.3736489208121299,-,31.336091693950699,0.99365181695897997,61.22,146.74433999999999,106.803145044122,17.7055063934733,1317.2896756744101,1198.62630287768,0,291.63657004322999,0
0:07:03,,-,3.8150345275895501,51.277345800934803,3.8078304004512602,-,29.414108624306799,0.99811164824690402,44.11,118.56768,107.14467798661499,15.3460686864514,1141.74751027198,1038.89723143579,0,252.77304901114201,0
0:07:04,,-,3.8150345275895501,51.277345800934803,3.8078304004512602,-,29.414108624306799,0.99811164824690402,44.11,118.56768,107.461830072802,15.3460686864514,1141.74751027198,1038.89723143579,0,252.77304901114201,0
0:07:05,,-,4.75137339446042,63.862545624468098,4.7030541327841,-,31.440395775707,0.98983046423321397,54.54,157.23882,107.817902098357,19.112514431799202,1421.9710737258599,1293.87784810992,0,314.812128493898,0
0:07:06,,-,4.4218291841867403,59.4331879594992,4.4190370143410904,-,33.541141871873897,0.99936854868667602,54.05,156.09639999999999,108.199196201175,17.786914873129501,1323.3464665608301,1204.1374892185099,0,292.97749129404002,0
0:07:07,,-,4.3044383747203199,57.855354498929003,4.3828854919565501,-,34.312100009933701,1.0182247044578301,54.54,155.54808,108.561912965717,17.3147075019506,1288.2142381451199,1172.17002311336,0,285.19951900568401,0
0:07:08,,-,3.8334679702746799,51.525107127347802,3.8786911385046499,-,33.486910806457601,1.0117969338939701,50.84,135.69195999999999,108.900173859012,15.4202176556227,1147.2641935783299,1043.9169638741,0,253.994395103187,0
0:07:09,,-,4.3074412789624503,57.895716115086699,4.3667446234452303,-,32.579861433143698,1.01376765012965,57.14,148.56399999999999,109.238559571275,17.326786756915499,1289.1129347145099,1172.98776378671,0,285.39848267316398,0
0:07:10,,-,4.2670643290167698,57.353015174956603,4.3258767117949004,-,31.3355294624325,1.0137828676212299,53.57,141.4248,109.59496818591801,17.164369498897301,1277.0290907179599,1161.9924500591301,0,282.72322385866897,0
0:07:11,,-,4.5408656129218299,61.033139958626698,4.6302305539202404,-,31.6639187891499,1.0196801554188499,51.72,151.22927999999999,109.96107933587901,18.265741787629999,1358.9711889996699,1236.5530847677901,0,300.86449751041101,0
0:07:12,,-,4.2298808499770901,56.853237230874903,4.4520498372248003,-,33.929955734043297,1.05252369868738,52.17,151.03215,110.325644914251,17.014798054859899,1265.90097528157,1151.8667714708699,0,280.25955510240198,0
0:07:13,,-,4.2298808499770901,56.853237230874903,4.4520498372248003,-,33.929955734043297,1.05252369868738,52.17,151.03215,110.677284074052,17.014798054859899,1265.90097528157,1151.8667714708699,0,280.25955510240198,0
0:07:14,,-,4.1560400591342201,55.860753482986802,4.42339360867616,-,35.031375522961099,1.06432891544304,51.72,153.03948,111.025853961387,16.717771687223699,1243.80221352944,1131.75869836723,0,275.36707989470301,0
0:07:15,,-,3.94550317447132,53.030956646119897,4.2091376155049796,-,35.500354151601599,1.0668189656364899,50.42,147.32723999999999,111.36260338256299,15.8708819750328,1180.7936189424399,1074.42600976124,0,261.41752062317198,0
0:07:16,,-,3.9109856905485398,52.567011969738502,4.2667459451336702,-,35.840570917645003,1.09096434575173,49.99,147.37052,111.689166853434,15.7320345608531,1170.46337132747,1065.02632589883,0,259.130492919424,0
0:07:17,,-,3.5337583118729299,47.496751503668499,3.8860030223678099,-,36.562992880947697,1.0996799100015899,46.51,135.90222,111.99861570303401,14.2146283036616,1057.5683457924199,962.30104871097706,0,234.13650820218399,0
0:07:18,,-,3.5337637497688501,47.496824593667299,3.8860088795407401,-,36.562936616363103,1.09967987525905,46.51,135.90222,112.29238491400901,14.214650177729499,1057.5699732230701,962.302529540303,0,234.13686850129,0
0:07:19,,-,3.3096964617587599,44.485167496757498,3.6301518178591898,-,34.277215844656197,1.0968231859939599,44.77,119.89406,112.576840751449,13.3133340907261,990.51205635002202,901.28528749817497,0,219.29082420880201,0
0:07:20,,-,3.8826536677433001,52.1862052116035,4.2521074975151896,-,33.505040915897801,1.0951549794001201,46.51,136.78591,112.875798576295,15.6180683136668,1161.98428253681,1057.3110457773801,0,257.25329580958299,0
0:07:21,,-,3.5120696640662898,47.205237420245801,3.8121128848988102,-,31.669018737864299,1.0854320242854001,38.700000000000003,116.7966,113.18316826253201,14.127385193134,1051.07745836917,956.39486988167403,0,232.69948172303501,0
0:07:22,,-,3.5120746222725501,47.205304062803101,3.8121182342641999,-,31.668974028812301,1.0854320150514101,38.700000000000003,116.7966,113.475134429283,14.127405137638601,1051.07894224032,956.39622008354502,0,232.69981023930501,0
0:07:23,,-,3.3240102877519999,44.677557631075302,3.65739827358188,-,33.320489532811997,1.1002969175692101,42.55,116.88485,113.759283704327,13.3709118020862,994.79583807521203,905.18317992564801,0,220.23921652692201,0
0:07:24,,-,3.1822577589172298,42.772281705876701,3.5193655903919998,-,33.9766694564644,1.1059335405908399,44.44,114.52188,114.029723784144,12.800708825351601,952.37273660616097,866.58161323195998,0,210.84710784232601,0
0:07:25,,-,3.1822577589172298,42.772281705876701,3.5193655903919998,-,33.9766694564644,1.1059335405908399,44.44,114.52188,114.294271766534,12.800708825351601,952.37273660616097,866.58161323195998,0,210.84710784232601,0
0:07:26,,-,3.4214722089673701,45.987529690421702,3.8510500397812701,-,34.151877572977902,1.12555350579438,44.77,123.29658000000001,114.56876295668999,13.7629547381247,1023.96383251648,931.72367894048398,0,226.69675886629801,0
0:07:27,,-,3.3896052507464098,45.559210359494699,3.8500948012809402,-,35.002341341627897,1.1358534450090101,47.61,125.49996,114.85187276997,13.6347691277061,1014.42682310133,923.04577722541001,0,224.58534725679101,0
0:07:28,,-,2.96439617057383,39.844034550723499,3.5085133511020001,-,37.176609892417702,1.1835507635347,46.15,116.8518,115.115983722549,11.924355315395401,887.17203546541805,807.25428622368395,0,196.412235090921,0
0:07:29,,-,2.9265931367272602,39.335929257086804,3.3757119512867,-,37.0586463280247,1.1534613093030299,47.61,115.31142,115.360849075012,11.772291697158099,875.85850226855996,796.95989257690201,0,193.90751644206901,0
0:07:30,,-,2.9265931367272602,39.335929257086804,3.3757119512867,-,37.0586463280247,1.1534613093030299,47.61,115.31142,115.60414310342,11.772291697158099,875.85850226855996,796.95989257690201,0,193.90751644206901,0
0:07:31,,-,2.7106932004929898,36.434048393723003,3.1246596918723601,-,36.989305902181997,1.1527160990790399,47.61,107.1225,115.83846301708699,10.9038289802702,811.24487613210101,738.16675600137,0,179.602617031964,0
0:07:32,,-,2.7106932004929898,36.434048393723003,3.1246596918723601,-,36.989305902181997,1.1527160990790399,47.61,107.1225,116.063808816012,10.9038289802702,811.24487613210101,738.16675600137,0,179.602617031964,0
0:07:33,,-,1.58668526880877,21.326414903343601,1.7210801364499599,-,24.577085806863899,1.0847016546275099,27.27,42.922980000000003,116.24243400758201,6.38247988133008,474.85650317095798,432.08073767208901,0,105.12913325354999,0
0:07:34,,-,3.6200827560026299,48.657026290357997,3.97835665619071,-,29.4150734050022,1.0989684281648,45.8,113.0802,116.458858961199,14.5618704686679,1083.4031628688899,985.80862783326597,0,239.85611382804501,0
