t,Marker,P,V'O2,V'O2/kg,V'CO2,HF,V'E/V'O2,RER,AF,V'E,W,EU/kg,EU,EUKH,EUFett,CHO,Fett
0:00:08,,-,2.1299157237403601,28.025206891320501,1.9148838156869299,-,25.715200554421902,0.89904205802293102,21.97,58.50611,0,8.2205699155342593,624.76331358060395,401.80195356269098,165.54053603845199,97.762032497005194,17.8192180881003
0:00:09,,-,2.1191043495220598,27.882951967395499,1.9099998252683901,-,25.4120850689328,0.90132410218457004,27.02,58.44426,0.17315306732663899,8.1834048838315603,621.93877117119803,404.63980320242803,160.16960998913501,98.452506861904695,17.241077501521499
0:00:10,,-,2.1190997940804701,27.882892027374499,1.90999577516126,-,25.412139697445099,0.90132412852697197,27.02,58.44426,0.34591365196027801,8.1833873446184207,621.93743819099996,404.638989648809,160.169213373617,98.452308916985103,17.2410348087855
0:00:11,,-,2.1190997940804701,27.882892027374499,1.90999577516126,-,25.412139697445099,0.90132412852697197,27.02,58.44426,0.51867405145777801,8.1833873446184207,621.93743819099996,404.638989648809,160.169213373617,98.452308916985103,17.2410348087855
0:00:12,,-,2.12254368718173,27.928206410285998,1.9049923466502501,-,24.332163484735901,0.89750442271445396,21.81,55.35378,0.69149409617636604,8.1890379445109502,622.36688378283202,397.11954122786898,168.02526278349299,96.622759422839295,18.0866806010219
0:00:13,,-,2.12254368718173,27.928206410285998,1.9049923466502501,-,24.332163484735901,0.89750442271445396,21.81,55.35378,0.86437378611604099,8.1890379445109502,622.36688378283202,397.11954122786898,168.02526278349299,96.622759422839295,18.0866806010219
0:00:14,,-,2.1225473582440002,27.928254713736901,1.9049956458075199,-,24.332121400922301,0.89750442476983605,21.81,55.35378,1.0372536256018801,8.1890521120422903,622.36796051521401,397.12023246919898,168.02554930564401,96.622927608077504,18.0867114430187
0:00:15,,-,2.3135122967662101,30.440951273239602,2.2020794896401701,-,27.562831669030899,0.951833924858841,18.510000000000002,66.913650000000004,1.2191622770795201,9.0443990805765004,687.37433012381405,559.61942228329099,65.384467129543594,136.16044337792999,7.03815577282493
0:00:16,,-,2.3135122967662101,30.440951273239602,2.2020794896401701,-,27.562831669030899,0.951833924858841,18.510000000000002,66.913650000000004,1.41009959100281,9.0443990805765004,687.37433012381405,559.61942228329099,65.384467129543594,136.16044337792999,7.03815577282493
0:00:17,,-,2.3135122967662101,30.440951273239602,2.2020794896401701,-,27.562831669030899,0.951833924858841,18.510000000000002,66.913650000000004,1.60103690492609,9.0443990805765004,687.37433012381405,559.61942228329099,65.384467129543594,136.16044337792999,7.03815577282493
0:00:18,,-,1.70956261643022,22.494244953029298,1.5661818851031799,-,26.575113168342,0.91613016689237303,24.99,49.680120000000002,1.7664439900486799,6.6257458257745299,503.55668275886399,351.96749313778002,105.500749132218,85.636859644228807,11.3563777322086
0:00:19,,-,1.70956261643022,22.494244953029298,1.5661818851031799,-,26.575113168342,0.91613016689237303,24.99,49.680120000000002,1.9063208463705901,6.6257458257745299,503.55668275886399,351.96749313778002,105.500749132218,85.636859644228807,11.3563777322086
0:00:20,,-,2.0601006418235799,27.106587392415602,1.84227244894723,-,24.339063336058999,0.89426332459003699,25.53,54.481020000000001,2.0600896567706202,7.9418256858074896,603.57875212136901,378.70241716392798,169.337669734391,92.141707339155204,18.227951532227198
0:00:21,,-,2.0601006418235799,27.106587392415602,1.84227244894723,-,24.339063336058999,0.89426332459003699,25.53,54.481020000000001,2.2277504212487802,7.9418256858074896,603.57875212136901,378.70241716392798,169.337669734391,92.141707339155204,18.227951532227198
0:00:22,,-,2.0601006418235799,27.106587392415602,1.84227244894723,-,24.339063336058999,0.89426332459003699,25.53,54.481020000000001,2.3954111857269398,7.9418256858074896,603.57875212136901,378.70241716392798,169.337669734391,92.141707339155204,18.227951532227198
0:00:23,,-,1.98800927191275,26.158016735694101,1.7407801058357599,-,23.616137340661499,0.87563983248472399,22.55,50.782600000000002,2.5597696872462499,7.6289797212857504,579.80245881771702,328.108728420207,198.09859083415901,79.831807401510204,21.323852619392799
0:00:24,,-,1.98802887616358,26.158274686362901,1.7407971737679899,-,23.615904458390201,0.87563978302332801,22.55,50.782600000000002,2.7208267189352102,7.6290548597732801,579.80816934276902,328.11186480712001,198.10063645738001,79.832570512681301,21.3240728156491
0:00:25,,-,2.07551719874595,27.3094368256046,1.7868849107064999,-,23.392097174301799,0.86093476449443596,22.22,52.328099999999999,2.8851244921095902,7.9359973356937701,603.13579751272698,311.76888618678998,235.41262806150499,75.856176687783403,25.34043359112
0:00:26,,-,2.07551719874595,27.3094368256046,1.7868849107064999,-,23.392097174301799,0.86093476449443596,22.22,52.328099999999999,3.0526622136408998,7.9359973356937701,603.13579751272698,311.76888618678998,235.41262806150499,75.856176687783403,25.34043359112
0:00:27,,-,2.07551719874595,27.3094368256046,1.7868849107064999,-,23.392097174301799,0.86093476449443596,22.22,52.328099999999999,3.2201999351722099,7.9359973356937701,603.13579751272698,311.76888618678998,235.41262806150499,75.856176687783403,25.34043359112
0:00:28,,-,2.0273596277417401,26.675784575549201,1.7445985845944001,-,23.3261525744579,0.86052743712653301,23.25,51.243000000000002,3.38578577066315,7.75108181607908,589.08221802201001,303.70212662661299,230.724097719182,73.8934614663292,24.8357478707408
0:00:29,,-,2.0273596277417401,26.675784575549201,1.7445985845944001,-,23.3261525744579,0.86052743712653301,23.25,51.243000000000002,3.5494197201137099,7.75108181607908,589.08221802201001,303.70212662661299,230.724097719182,73.8934614663292,24.8357478707408
0:00:30,,-,2.0273596277417401,26.675784575549201,1.7445985845944001,-,23.3261525744579,0.86052743712653301,23.25,51.243000000000002,3.71305366956426,7.75108181607908,589.08221802201001,303.70212662661299,230.724097719182,73.8934614663292,24.8357478707408
0:00:31,,-,2.1241169995433902,27.9489078887289,1.83340296576527,-,22.6162871491197,0.86313652504046801,20.68,51.555239999999998,3.8806475892214398,8.1262368882851099,617.59400350966803,323.78611375111001,236.543394744468,78.780076338469598,25.462152286810401
0:00:32,,-,2.1241169995433902,27.9489078887289,1.83340296576527,-,22.6162871491197,0.86313652504046801,20.68,51.555239999999998,4.0522014790852401,8.1262368882851099,617.59400350966803,323.78611375111001,236.543394744468,78.780076338469598,25.462152286810401
0:00:33,,-,2.1241169995433902,27.9489078887289,1.83340296576527,-,22.6162871491197,0.86313652504046801,20.68,51.555239999999998,4.2237553689490399,8.1262368882851099,617.59400350966803,323.78611375111001,236.543394744468,78.780076338469598,25.462152286810401
0:00:34,,-,2.6273091408690599,34.569857116698202,2.2701721661669998,-,23.262371012717399,0.86406739536409105,20.76,64.646640000000005,4.4156537206964899,10.053606961473299,764.07412907196999,402.95600860473701,290.28796787671598,98.042824478038099,31.247359297816502
0:00:35,,-,2.6273091408690599,34.569857116698202,2.2701721661669998,-,23.262371012717399,0.86406739536409105,20.76,64.646640000000005,4.62789653432759,10.053606961473299,764.07412907196999,402.95600860473701,290.28796787671598,98.042824478038099,31.247359297816502
0:00:36,,-,2.1106894890081902,27.7722301185288,1.8128789321249199,-,23.9794106445202,0.85890366231784598,24.09,54.708390000000001,4.8191636806293197,8.0664384776381706,613.04932430050098,312.72839952794601,243.41842470048499,76.089634921641405,26.202198568405301
0:00:37,,-,2.1106894890081902,27.7722301185288,1.8128789321249199,-,23.9794106445202,0.85890366231784598,24.09,54.708390000000001,4.9894551596016798,8.0664384776381706,613.04932430050098,312.72839952794601,243.41842470048499,76.089634921641405,26.202198568405301
0:00:38,,-,2.1106894890081902,27.7722301185288,1.8128789321249199,-,23.9794106445202,0.85890366231784598,24.09,54.708390000000001,5.15974663857404,8.0664384776381706,613.04932430050098,312.72839952794601,243.41842470048499,76.089634921641405,26.202198568405301
0:00:39,,-,2.2051655418287899,29.015336076694599,1.9446011148740301,-,24.1630838997288,0.88183906286751501,21.66,56.965800000000002,5.3343529612406204,8.4752131434062203,644.11619889887299,377.73665856914602,206.93004145445499,91.906729578867697,22.274493159790701
0:00:40,,-,2.20516171264316,29.015285692673199,1.94459784547605,-,24.1631258580727,0.881839111538536,21.66,56.965800000000002,5.5132739733253402,8.4751985277777404,644.11508811110798,377.736110892228,206.92958157538999,91.906596324143194,22.274443657200202
0:00:41,,-,2.20516171264316,29.015285692673199,1.94459784547605,-,24.1631258580727,0.881839111538536,21.66,56.965800000000002,5.6921948311339801,8.4751985277777404,644.11508811110798,377.736110892228,206.92958157538999,91.906596324143194,22.274443657200202
0:00:42,,-,2.2836958360367401,30.048629421536099,2.0478336994697601,-,24.417752627151,0.896719110818052,21.58,59.431319999999999,5.8746401101689596,8.8090910650092304,669.49092094070102,425.46167083853101,182.46263731928801,103.518654705239,19.6407575155316
0:00:43,,-,2.2836958360367401,30.048629421536099,2.0478336994697601,-,24.417752627151,0.896719110818052,21.58,59.431319999999999,6.0606098104302601,8.8090910650092304,669.49092094070102,425.46167083853101,182.46263731928801,103.518654705239,19.6407575155316
0:00:44,,-,2.04884117491246,26.958436512006099,1.80763004368299,-,23.998287716030902,0.88226948277736394,23.16,53.105879999999999,6.2367221575062004,7.87523655271126,598.51797800605596,351.84830413621802,191.43455486713799,85.607859887157701,20.606518284944901
0:00:45,,-,2.04884117491246,26.958436512006099,1.80763004368299,-,23.998287716030902,0.88226948277736394,23.16,53.105879999999999,6.4029771513967697,7.87523655271126,598.51797800605596,351.84830413621802,191.43455486713799,85.607859887157701,20.606518284944901
0:00:46,,-,2.0488605952002499,26.958692042108598,1.8076471016292901,-,23.998060246355799,0.88226944569286903,23.16,53.105879999999999,6.5692329324687497,7.8753111277915604,598.52364571215901,351.85156255703401,191.43644059700199,85.608652690275903,20.606721269860302
0:00:47,,-,2.2844388437130201,30.0584058383292,1.95807682891372,-,23.1501841887975,0.85713690007614995,23.62,56.900579999999998,6.7444758558751401,8.7266500370246796,663.22540281387501,334.40112586344401,267.23763327500399,81.362804346336603,28.7661607400435
0:00:48,,-,2.2844388437130201,30.0584058383292,1.95807682891372,-,23.1501841887975,0.85713690007614995,23.62,56.900579999999998,6.9287051344345496,8.7266500370246796,663.22540281387501,334.40112586344401,267.23763327500399,81.362804346336603,28.7661607400435
0:00:49,,-,2.2228315814502899,29.247783966451198,1.8997630996858099,-,22.842756250057999,0.85465903739153404,24.89,55.006900000000002,7.1103953953948498,8.4861115276356198,644.94447610030704,319.82779187068797,265.19092305898403,77.816980990434999,28.5458474767475
0:00:50,,-,2.22283598700034,29.247841934215,1.8997668621897299,-,22.842710976854601,0.85465903615921601,24.89,55.006900000000002,7.28954681626354,8.4861283441344604,644.945754154219,319.82842299193197,265.19145122154703,77.817134547915202,28.545904329553
0:00:51,,-,2.22283598700034,29.247841934215,1.8997668621897299,-,22.842710976854601,0.85465903615921601,24.89,55.006900000000002,7.46869841463971,8.4861283441344604,644.945754154219,319.82842299193197,265.19145122154703,77.817134547915202,28.545904329553
0:00:52,,-,2.49233374256284,32.793865033721602,2.1503707618093002,-,23.201326938076399,0.86279406529163205,25.53,62.165550000000003,7.6589121353389897,9.5341188800080392,724.59303488061096,379.05375110091597,278.34795994719502,92.227190048884694,29.9621054840898
0:00:53,,-,2.49233374256284,32.793865033721602,2.1503707618093002,-,23.201326938076399,0.86279406529163205,25.53,62.165550000000003,7.8601879783613802,9.5341188800080392,724.59303488061096,379.05375110091597,278.34795994719502,92.227190048884694,29.9621054840898
0:00:54,,-,2.1600666887676998,28.4219301153645,1.87752542521554,-,23.646019942624498,0.86919789790686897,23.07,54.99888,8.0481849637345402,8.2761218395544702,628.98525980613897,342.47134996226902,228.28023996804399,83.326362521233307,24.572684603664602
0:00:55,,-,2.1600666887676998,28.4219301153645,1.87752542521554,-,23.646019942624498,0.86919789790686897,23.07,54.99888,8.2229030914584698,8.2761218395544702,628.98525980613897,342.47134996226902,228.28023996804399,83.326362521233307,24.572684603664602
0:00:56,,-,2.1600666887676998,28.4219301153645,1.87752542521554,-,23.646019942624498,0.86919789790686897,23.07,54.99888,8.3976212191823993,8.2761218395544702,628.98525980613897,342.47134996226902,228.28023996804399,83.326362521233307,24.572684603664602
0:00:57,,-,2.2124733662233602,29.1114916608337,1.90055433181522,-,22.213600737663501,0.85901794834232303,23.8,53.192999999999998,8.5742345274908303,8.4556652633496601,642.63056001457403,328.064139935843,254.91990810404201,79.820958621859504,27.440248450381301
0:00:58,,-,2.2124733662233602,29.1114916608337,1.90055433181522,-,22.213600737663501,0.85901794834232303,23.8,53.192999999999998,8.7527430163837696,8.4556652633496601,642.63056001457403,328.064139935843,254.91990810404201,79.820958621859504,27.440248450381301
0:00:59,,-,2.2124733662233602,29.1114916608337,1.90055433181522,-,22.213600737663501,0.85901794834232303,23.8,53.192999999999998,8.9312515052767107,8.4556652633496601,642.63056001457403,328.064139935843,254.91990810404201,79.820958621859504,27.440248450381301
0:01:00,,-,2.2124733662233602,29.1114916608337,1.90055433181522,-,22.213600737663501,0.85901794834232303,23.8,53.192999999999998,9.1097599941696394,8.4556652633496601,642.63056001457403,328.064139935843,254.91990810404201,79.820958621859504,27.440248450381301
0:01:01,,-,2.2502541671009699,29.608607461854898,2.0657985337224698,-,25.0038421537452,0.91802897820376606,15,58.814999999999998,9.2911149782240692,8.7253332260170904,663.12532517729903,467.59540546926399,134.86486756632601,113.77017164702301,14.5172085647283
0:01:02,,-,2.2502541671009699,29.608607461854898,2.0657985337224698,-,25.0038421537452,0.91802897820376606,15,58.814999999999998,9.4753164574399893,8.7253332260170904,663.12532517729903,467.59540546926399,134.86486756632601,113.77017164702301,14.5172085647283
0:01:03,,-,1.8172876826256299,23.9116800345478,1.55746336937994,-,23.9806335654219,0.85702631689535602,25.53,47.919809999999998,9.6406930600023095,6.9419238588343903,527.58621327141395,265.81583729812002,212.77775387985201,64.675386203922201,22.9039562841606
0:01:04,,-,1.81728310064371,23.911619745311899,1.5574594539957001,-,23.9806940286648,0.85702632322064798,25.53,47.919809999999998,9.7872446012728709,6.94190636679809,527.584883876655,265.81517868215002,212.77720662763099,64.675225956727502,22.9038973764942
0:01:05,,-,1.87879897357907,24.721039126040399,1.52315264541941,-,21.273782114038401,0.81070549156083505,29.26,44.943359999999998,9.9354097243228701,7.0947895010961597,539.20400208330796,187.03891815117601,301.51416664361898,45.508252591527103,32.455776818473502
0:01:06,,-,1.87879897357907,24.721039126040399,1.52315264541941,-,21.273782114038401,0.81070549156083505,29.26,44.943359999999998,10.0851886137905,7.0947895010961597,539.20400208330796,187.03891815117601,301.51416664361898,45.508252591527103,32.455776818473502
0:01:07,,-,1.87879897357907,24.721039126040399,1.52315264541941,-,21.273782114038401,0.81070549156083505,29.26,44.943359999999998,10.234967503258,7.0947895010961597,539.20400208330796,187.03891815117601,301.51416664361898,45.508252591527103,32.455776818473502
0:01:08,,-,2.08437592536362,27.425999017942299,1.7553333489168399,-,22.196979650841399,0.84213856414150801,19.73,49.620950000000001,10.393593200131001,7.9329080973944404,602.90101540197702,273.58508103864602,273.12282691626899,66.565713148089003,29.399658440933202
0:01:09,,-,2.08437592536362,27.425999017942299,1.7553333489168399,-,22.196979650841399,0.84213856414150801,19.73,49.620950000000001,10.5610657044093,7.9329080973944404,602.90101540197702,273.58508103864602,273.12282691626899,66.565713148089003,29.399658440933202
0:01:10,,-,2.0843897603567401,27.4261810573255,1.7553449022769101,-,22.196832319921601,0.84213851730709599,19.73,49.620950000000001,10.7285387635128,7.9329606597758398,602.90501014296399,273.586798494025,273.12473122152898,66.566131020444104,29.399863425353001
0:01:11,,-,2.0822514115395601,27.398044888678399,1.8017850149666801,-,25.116894967707601,0.86530618011899396,23.07,56.221589999999999,10.896406871869701,7.9703338161458896,605.74537002708701,321.96093479588899,227.648602977221,78.3359938676128,24.504693538990502
0:01:12,,-,2.0822514115395601,27.398044888678399,1.8017850149666801,-,25.116894967707601,0.86530618011899396,23.07,56.221589999999999,11.064669474655,7.9703338161458896,605.74537002708701,321.96093479588899,227.648602977221,78.3359938676128,24.504693538990502
0:01:13,,-,1.53234908030581,20.162487898760698,1.2923071303943701,-,25.082665884675201,0.84335034817031795,32.6,43.977400000000003,11.2103787814369,5.8337057737128699,443.36163880217799,203.001521157794,199.04921231860399,49.392097605302602,21.4261800127668
0:01:14,,-,1.53234908030581,20.162487898760698,1.2923071303943701,-,25.082665884675201,0.84335034817031795,32.6,43.977400000000003,11.3335347922153,5.8337057737128699,443.36163880217799,203.001521157794,199.04921231860399,49.392097605302602,21.4261800127668
0:01:15,,-,1.6221513420831299,21.344096606356899,1.4538855992592301,-,25.841497591814601,0.89627000979587301,21.81,45.626519999999999,11.461154399741201,6.2565728340081703,475.49953538462103,301.47852447495899,130.28910844817401,73.3524390450021,14.024661835110299
0:01:16,,-,1.6221513420831299,21.344096606356899,1.4538855992592301,-,25.841497591814601,0.89627000979587301,21.81,45.626519999999999,11.5932376040147,6.2565728340081703,475.49953538462103,301.47852447495899,130.28910844817401,73.3524390450021,14.024661835110299
0:01:17,,-,1.6221513420831299,21.344096606356899,1.4538855992592301,-,25.841497591814601,0.89627000979587301,21.81,45.626519999999999,11.725320808288201,6.2565728340081703,475.49953538462103,301.47852447495899,130.28910844817401,73.3524390450021,14.024661835110299
0:01:18,,-,1.6221513420831299,21.344096606356899,1.4538855992592301,-,25.841497591814601,0.89627000979587301,21.81,45.626519999999999,11.8574040125617,6.2565728340081703,475.49953538462103,301.47852447495899,130.28910844817401,73.3524390450021,14.024661835110299
0:01:19,,-,1.73519366433623,22.8314955833714,1.63300037292254,-,28.076554796917399,0.941105541407807,17.690000000000001,51.725560000000002,11.994864177753801,6.7659691315524704,514.21365399798799,400.953398427141,66.480822535273902,97.555571393464902,7.1561703482533803
0:01:20,,-,1.73519635212275,22.831530948983499,1.6330028905959899,-,28.076511306861999,0.94110553459743196,17.690000000000001,51.725560000000002,12.137701414372801,6.7659796007789303,514.21444965919795,400.95400757864502,66.480936584405697,97.555719605509694,7.1561826248014802
0:01:21,,-,1.73519635212275,22.831530948983499,1.6330028905959899,-,28.076511306861999,0.94110553459743196,17.690000000000001,51.725560000000002,12.2805387615004,6.7659796007789303,514.21444965919795,400.95400757864502,66.480936584405697,97.555719605509694,7.1561826248014802
0:01:22,,-,1.21706066006887,16.0139560535378,1.16226947082543,-,28.490938157542399,0.95498072442802695,19.350000000000001,37.964700000000001,12.402218409079399,4.7615659593390802,361.87901290976998,298.25957802613499,30.808453136706099,72.569240395653395,3.3163028134236998
0:01:23,,-,1.21706066006887,16.0139560535378,1.16226947082543,-,28.490938157542399,0.95498072442802695,19.350000000000001,37.964700000000001,12.5027403571099,4.7615659593390802,361.87901290976998,298.25957802613499,30.808453136706099,72.569240395653395,3.3163028134236998
0:01:24,,-,1.21706366387034,16.0139955772413,1.1622722779177601,-,28.490867839839002,0.954980673912874,19.350000000000001,37.964700000000001,12.603262428576199,4.7615776532568104,361.87990164751801,298.26025214658301,30.808586773921402,72.569404415226998,3.3163171984845401
0:01:25,,-,1.15094312500462,15.1439884869029,1.0663401914266899,-,26.903996667842002,0.926492515798651,18.29,34.074269999999999,12.700727526214701,4.4719579124980502,339.86880134985199,248.98681975291501,59.853475701312199,60.580734733069399,6.4427853284512597
0:01:26,,-,1.15094312500462,15.1439884869029,1.0663401914266899,-,26.903996667842002,0.926492515798651,18.29,34.074269999999999,12.7951355265897,4.4719579124980502,339.86880134985199,248.98681975291501,59.853475701312199,60.580734733069399,6.4427853284512597
0:01:27,,-,1.15094312500462,15.1439884869029,1.0663401914266899,-,26.903996667842002,0.926492515798651,18.29,34.074269999999999,12.8895435269646,4.4719579124980502,339.86880134985199,248.98681975291501,59.853475701312199,60.580734733069399,6.4427853284512597
0:01:28,,-,1.1459207975038901,15.0779052303143,1.0447929621268099,-,26.5878061261878,0.91174971638758295,22.72,34.329920000000001,12.9835773081235,4.4365055657149499,337.174422994336,230.86129360396399,75.420021426305894,56.170631047193098,8.1184091955119406
0:01:29,,-,1.1459207975038901,15.0779052303143,1.0447929621268099,-,26.5878061261878,0.91174971638758295,22.72,34.329920000000001,13.0772368700664,4.4365055657149499,337.174422994336,230.86129360396399,75.420021426305894,56.170631047193098,8.1184091955119406
0:01:30,,-,1.14592444305324,15.077953198068901,1.04479625810293,-,26.587721541938102,0.91174969208191303,22.72,34.329920000000001,13.1708965807128,4.4365196534155098,337.17549365957899,230.861999957911,75.420287456507594,56.170802909467298,8.11843783170157
0:01:31,,-,1.15352029592298,15.177898630565499,1.0931452570934299,-,26.987301489213301,0.94766018505011296,19.04,34.367199999999997,13.2652793648861,4.5050072682687698,342.38055238842702,274.17118335515102,37.111384671428901,66.708317118041606,3.99476691834542
0:01:32,,-,1.1535317203520601,15.1780489520008,1.0931558597653299,-,26.987034210467101,0.94765999103318999,19.04,34.367199999999997,13.3603855426162,4.5050516745783797,342.38392726795598,274.17367301309099,37.1119618995507,66.708922874231305,3.99482905269653
0:01:33,,-,1.1535317203520601,15.1780489520008,1.0931558597653299,-,26.987034210467101,0.94765999103318999,19.04,34.367199999999997,13.4554921890795,4.5050516745783797,342.38392726795598,274.17367301309099,37.1119618995507,66.708922874231305,3.99482905269653
0:01:34,,-,1.0780107079325201,14.184351420164701,1.02239889148409,-,27.781931830193699,0.94841255653658396,18.34,33.067019999999999,13.547493627645199,4.2108740842812598,320.026430405376,257.04192563074099,33.922198497340098,62.540614508696201,3.6514745422325201
0:01:35,,-,1.0780107079325201,14.184351420164701,1.02239889148409,-,27.781931830193699,0.94841255653658396,18.34,33.067019999999999,13.6363898583134,4.2108740842812598,320.026430405376,257.04192563074099,33.922198497340098,62.540614508696201,3.6514745422325201
0:01:36,,-,1.0780107079325201,14.184351420164701,1.02239889148409,-,27.781931830193699,0.94841255653658396,18.34,33.067019999999999,13.7252860889815,4.2108740842812598,320.026430405376,257.04192563074099,33.922198497340098,62.540614508696201,3.6514745422325201
0:01:37,,-,0.81643380755357098,10.742550099389099,0.76230345488135398,-,29.120548144914999,0.93369903086887396,18.75,26.962499999999999,13.803277457661199,3.1777818958956798,241.511424088072,182.55558607310101,36.9454357103725,44.4174175360343,3.9769037363156601
0:01:38,,-,0.81643380755357098,10.742550099389099,0.76230345488135398,-,29.120548144914999,0.93369903086887396,18.75,26.962499999999999,13.8703639643523,3.1777818958956798,241.511424088072,182.55558607310101,36.9454357103725,44.4174175360343,3.9769037363156601
0:01:39,,-,0.81643380755357098,10.742550099389099,0.76230345488135398,-,29.120548144914999,0.93369903086887396,18.75,26.962499999999999,13.937450471043499,3.1777818958956798,241.511424088072,182.55558607310101,36.9454357103725,44.4174175360343,3.9769037363156601
0:01:40,,-,0.84341720667833897,11.097594824714999,0.77614895025692998,-,27.995824383275998,0.92024320124279402,21.12,27.202559999999998,14.0055325771007,3.2721018358414402,248.679739523949,177.142855116248,48.799031249419002,43.100451366483597,5.2528558933712599
0:01:41,,-,0.84341720667833897,11.097594824714999,0.77614895025692998,-,27.995824383275998,0.92024320124279402,21.12,27.202559999999998,14.074610282524,3.2721018358414402,248.679739523949,177.142855116248,48.799031249419002,43.100451366483597,5.2528558933712599
0:01:42,,-,0.84341720667833897,11.097594824714999,0.77614895025692998,-,27.995824383275998,0.92024320124279402,21.12,27.202559999999998,14.143687987947301,3.2721018358414402,248.679739523949,177.142855116248,48.799031249419002,43.100451366483597,5.2528558933712599
0:01:43,,-,0.82771720371909696,10.891015838409199,0.75741956678551703,-,29.035738162760499,0.91507046535009895,21.73,27.72748,14.2120801239328,3.2071531522602399,243.743639571778,169.52708633170801,51.901959601566297,41.247466260756099,5.5868632509759202
0:01:44,,-,0.82771404049555297,10.8909742170468,0.757416684074249,-,29.035849126844798,0.915070479680136,21.73,27.72748,14.279786561224199,3.2071409069183598,243.742708925795,169.52645042594699,51.901750139320498,41.247311539159803,5.5868407039096404
0:01:45,,-,0.82771404049555297,10.8909742170468,0.757416684074249,-,29.035849126844798,0.915070479680136,21.73,27.72748,14.347492869259099,3.2071409069183598,243.742708925795,169.52645042594699,51.901750139320498,41.247311539159803,5.5868407039096404
0:01:46,,-,0.85266113811190203,11.219225501472399,0.79574438956790805,-,28.3730182116322,0.93324810290987503,18.510000000000002,27.339269999999999,14.4163738507532,3.3184257609420098,252.20035783159301,190.268273308446,38.945022368560302,46.2939837733446,4.19214449607753
0:01:47,,-,0.85266113811190203,11.219225501472399,0.79574438956790805,-,28.3730182116322,0.93324810290987503,18.510000000000002,27.339269999999999,14.486429505706401,3.3184257609420098,252.20035783159301,190.268273308446,38.945022368560302,46.2939837733446,4.19214449607753
0:01:48,,-,0.85266113811190203,11.219225501472399,0.79574438956790805,-,28.3730182116322,0.93324810290987503,18.510000000000002,27.339269999999999,14.5564851606596,3.3184257609420098,252.20035783159301,190.268273308446,38.945022368560302,46.2939837733446,4.19214449607753
0:01:49,,-,0.79792382214729896,10.4989976598329,0.751074719620903,-,30.066429067675202,0.94128624659893001,20.54,27.482520000000001,14.624356045087101,3.1114475006041,236.47001004591101,184.52269463382899,30.435927506049001,44.896032757622599,3.2762031761086101
0:01:50,,-,0.79792382214729896,10.4989976598329,0.751074719620903,-,30.066429067675202,0.94128624659893001,20.54,27.482520000000001,14.6900421589887,3.1114475006041,236.47001004591101,184.52269463382899,30.435927506049001,44.896032757622599,3.2762031761086101
0:01:51,,-,0.79792382214729896,10.4989976598329,0.751074719620903,-,30.066429067675202,0.94128624659893001,20.54,27.482520000000001,14.7557282728903,3.1114475006041,236.47001004591101,184.52269463382899,30.435927506049001,44.896032757622599,3.2762031761086101
0:01:52,,-,0.76267709105979398,10.0352248823657,0.72482464605677399,-,30.9696728495916,0.95036897600999004,22.22,27.397259999999999,14.8200325919683,2.9805406225736601,226.52108731559801,183.35838884316701,22.6015342391315,44.612746677169604,2.43288850797971
0:01:53,,-,0.76267709105979398,10.0352248823657,0.72482464605677399,-,30.9696728495916,0.95036897600999004,22.22,27.397259999999999,14.8829551162227,2.9805406225736601,226.52108731559801,183.35838884316701,22.6015342391315,44.612746677169604,2.43288850797971
0:01:54,,-,0.68794876660770898,9.0519574553645903,0.65306617658173804,-,33.063595872351598,0.94929478513643195,23.62,26.76146,14.9427876564691,2.6878052955112799,204.27320245885701,164.64731105486501,21.0793430152616,40.060173006049901,2.2690358466374199
0:01:55,,-,0.68794876660770898,9.0519574553645903,0.65306617658173804,-,33.063595872351598,0.94929478513643195,23.62,26.76146,14.9995302127077,2.6878052955112799,204.27320245885701,164.64731105486501,21.0793430152616,40.060173006049901,2.2690358466374199
0:01:56,,-,0.68794573048000396,9.0519175063158404,0.65306327020307997,-,33.063741792727299,0.949294749961476,23.62,26.76146,15.0562726434942,2.6877934105775001,204.27229920388999,164.64656000998701,21.079272656745999,40.059990270069903,2.2690282730620002
0:01:57,,-,0.75400083341365598,9.9210635975481001,0.72381415439556995,-,32.704459872223502,0.959964660938877,26.43,29.152290000000001,15.115819203274,2.9534596211913899,224.46293121054501,188.56972551847099,15.5659464239092,45.880711804980699,1.6755593567178899
0:01:58,,-,0.75402062582409801,9.9213240240012901,0.72383318392937901,-,32.703601407519898,0.95996470008797696,26.43,29.152290000000001,15.1781708361429,2.95353717691901,224.468825445845,188.57470521840099,15.566327371726899,45.881923410803203,1.6756003629415399
0:01:59,,-,0.74785809907225598,9.8402381456875805,0.71578033663246099,-,30.679616933296298,0.95710715377745004,23.9,27.007000000000001,15.240247206480101,2.9273821181849802,222.481040982058,184.87813016841301,17.441254749136402,44.9825134229715,1.8774224703053199
0:02:00,,-,0.74785491644000301,9.8401962689474107,0.71577727211851805,-,30.679747495971299,0.95710712918197705,23.9,27.007000000000001,15.302047363958,2.9273696428792402,222.48009285882199,184.877324837678,17.441197757855001,44.9823174787537,1.8774163356141
0:02:01,,-,0.74785491644000301,9.8401962689474107,0.71577727211851805,-,30.679747495971299,0.95710712918197705,23.9,27.007000000000001,15.363847389752101,2.9273696428792402,222.48009285882199,184.877324837678,17.441197757855001,44.9823174787537,1.8774163356141
0:02:02,,-,0.74785491644000301,9.8401962689474107,0.71577727211851805,-,30.679747495971299,0.95710712918197705,23.9,27.007000000000001,15.425647415546299,2.9273696428792402,222.48009285882199,184.877324837678,17.441197757855001,44.9823174787537,1.8774163356141
0:02:03,,-,0.74785491644000301,9.8401962689474107,0.71577727211851805,-,30.679747495971299,0.95710712918197705,23.9,27.007000000000001,15.4874474413404,2.9273696428792402,222.48009285882199,184.877324837678,17.441197757855001,44.9823174787537,1.8774163356141
0:02:04,,-,0.70236681364773801,9.2416686006281292,0.71719428623303605,-,31.992342980016801,1.02111072490497,12.76,24.639559999999999,15.5475420917441,2.76580776378787,210.20139004787799,191.266142645386,0,46.536774366273903,0
0:02:05,,-,0.70236681364773801,9.2416686006281292,0.71719428623303605,-,31.992342980016801,1.02111072490497,12.76,24.639559999999999,15.6059313667574,2.76580776378787,210.20139004787799,191.266142645386,0,46.536774366273903,0
0:02:06,,-,0.70236681364773801,9.2416686006281292,0.71719428623303605,-,31.992342980016801,1.02111072490497,12.76,24.639559999999999,15.664320641770701,2.76580776378787,210.20139004787799,191.266142645386,0,46.536774366273903,0
0:02:07,,-,0.63752500276482704,8.3884868784845601,0.63672429833883903,-,31.8499037872092,0.99874404231596503,21.81,24.012810000000002,15.720014696669301,2.5104711213479698,190.79580522244601,173.60864116790799,0,42.240545296328001,0
0:02:08,,-,0.63752500276482704,8.3884868784845601,0.63672429833883903,-,31.8499037872092,0.99874404231596503,21.81,24.012810000000002,15.7730135314533,2.5104711213479698,190.79580522244601,173.60864116790799,0,42.240545296328001,0
0:02:09,,-,0.63752500276482704,8.3884868784845601,0.63672429833883903,-,31.8499037872092,0.99874404231596503,21.81,24.012810000000002,15.8260123662374,2.5104711213479698,190.79580522244601,173.60864116790799,0,42.240545296328001,0
0:02:10,,-,0.53830435289703804,7.0829520118031297,0.53422267837539905,-,31.195326416414701,0.99241753387340703,20.329999999999998,20.24868,15.8748869872206,2.11975612969399,161.101465856743,146.58921114612201,0,35.6664747314164,0
0:02:11,,-,0.53830435289703804,7.0829520118031297,0.53422267837539905,-,31.195326416414701,0.99241753387340703,20.329999999999998,20.24868,15.919637394403001,2.11975612969399,161.101465856743,146.58921114612201,0,35.6664747314164,0
0:02:12,,-,0.53830435289703804,7.0829520118031297,0.53422267837539905,-,31.195326416414701,0.99241753387340703,20.329999999999998,20.24868,15.964387801585399,2.11975612969399,161.101465856743,146.58921114612201,0,35.6664747314164,0
0:02:13,,-,0.57964383228345695,7.6268925300454899,0.57023407724885899,-,31.2992202962457,0.983766315605345,18.399999999999999,21.270399999999999,16.010856529013001,2.2825443634433902,173.473371621697,157.84663761840099,0,38.405507936350702,0
0:02:14,,-,0.57964383228345695,7.6268925300454899,0.57023407724885899,-,31.2992202962457,0.983766315605345,18.399999999999999,21.270399999999999,16.059043576685699,2.2825443634433902,173.473371621697,157.84663761840099,0,38.405507936350702,0
0:02:15,,-,0.57964383228345695,7.6268925300454899,0.57023407724885899,-,31.2992202962457,0.983766315605345,18.399999999999999,21.270399999999999,16.107230624358401,2.2825443634433902,173.473371621697,157.84663761840099,0,38.405507936350702,0
0:02:16,,-,0.45407395260008998,5.9746572710538199,0.43526276032008798,-,32.457950771248598,0.95857240396132304,19.73,18.092410000000001,16.1500922885809,1.77803435237242,135.13061078030401,112.92274093889399,9.9663993384728098,27.475119449852698,1.0728094013426099
0:02:17,,-,0.45407395260008998,5.9746572710538199,0.43526276032008798,-,32.457950771248598,0.95857240396132304,19.73,18.092410000000001,16.187628569353201,1.77803435237242,135.13061078030401,112.92274093889399,9.9663993384728098,27.475119449852698,1.0728094013426099
0:02:18,,-,0.45407395260008998,5.9746572710538199,0.43526276032008798,-,32.457950771248598,0.95857240396132304,19.73,18.092410000000001,16.225164850125498,1.77803435237242,135.13061078030401,112.92274093889399,9.9663993384728098,27.475119449852698,1.0728094013426099
0:02:19,,-,0.44899410664833,5.9078171927411898,0.42530020056075302,-,32.150065638403099,0.94722891517563801,20.83,17.976289999999999,16.2624404473436,1.7533380156582301,133.253689190025,106.522585310202,14.6265819598693,25.9179039684191,1.57444369858658
0:02:20,,-,0.44899410664833,5.9078171927411898,0.42530020056075302,-,32.150065638403099,0.94722891517563801,20.83,17.976289999999999,16.299455361007499,1.7533380156582301,133.253689190025,106.522585310202,14.6265819598693,25.9179039684191,1.57444369858658
0:02:21,,-,0.44899410664833,5.9078171927411898,0.42530020056075302,-,32.150065638403099,0.94722891517563801,20.83,17.976289999999999,16.336470274671399,1.7533380156582301,133.253689190025,106.522585310202,14.6265819598693,25.9179039684191,1.57444369858658
0:02:22,,-,0.47394316469922498,6.23609427235822,0.44791094762601902,-,30.729317531655099,0.94507312477071703,19.29,17.843250000000001,16.374503409399701,1.8498010638697899,140.584880854104,111.411190455381,16.396561832963901,27.107345609581699,1.76496898094337
0:02:23,,-,0.47394316469922498,6.23609427235822,0.44791094762601902,-,30.729317531655099,0.94507312477071703,19.29,17.843250000000001,16.4135547651926,1.8498010638697899,140.584880854104,111.411190455381,16.396561832963901,27.107345609581699,1.76496898094337
0:02:24,,-,0.54322937911609903,7.1477549883697202,0.50938099497398504,-,31.600021390469202,0.93769043898695503,22.98,21.072659999999999,16.455420661104501,2.1164417067391001,160.84956971217099,123.65359943235499,22.5509408023497,30.086033925147198,2.4274424975618598
0:02:25,,-,0.54322937911609903,7.1477549883697202,0.50938099497398504,-,31.600021390469202,0.93769043898695503,22.98,21.072659999999999,16.500101097135701,2.1164417067391001,160.84956971217099,123.65359943235499,22.5509408023497,30.086033925147198,2.4274424975618598
0:02:26,,-,0.54324365332764801,7.14794280694273,0.509394382778393,-,31.599191071720799,0.93769044453274297,22.98,21.072659999999999,16.544782120221399,2.1164973224362802,160.85379650515799,123.656851664914,22.551530541452401,30.086825222606901,2.4275059786278201
0:02:27,,-,0.45188345298603899,5.9458349077110402,0.43326759128907899,-,31.693570334035801,0.95880384295121401,20.2,17.755800000000001,16.585801567708199,1.7695555973672501,134.48622539991101,112.48347075732499,9.8203382568444901,27.368241060176501,1.05708700288961
0:02:28,,-,0.45188345298603899,5.9458349077110402,0.43326759128907899,-,31.693570334035801,0.95880384295121401,20.2,17.755800000000001,16.6231588525416,1.7695555973672501,134.48622539991101,112.48347075732499,9.8203382568444901,27.368241060176501,1.05708700288961
0:02:29,,-,0.45188345298603899,5.9458349077110402,0.43326759128907899,-,31.693570334035801,0.95880384295121401,20.2,17.755800000000001,16.660516137374898,1.7695555973672501,134.48622539991101,112.48347075732499,9.8203382568444901,27.368241060176501,1.05708700288961
0:02:30,,-,0.49187022830541399,6.4719766882291303,0.460029849133128,-,30.291526387623801,0.93526670788353605,21.5,18.554500000000001,16.699410989319599,1.9152198500300399,145.55670860228301,110.760487135327,21.5357936080255,26.949023633899401,2.3181693873009102
0:02:31,,-,0.49187022830541399,6.4719766882291303,0.460029849133128,-,30.291526387623801,0.93526670788353605,21.5,18.554500000000001,16.739843408375801,1.9152198500300399,145.55670860228301,110.760487135327,21.5357936080255,26.949023633899401,2.3181693873009102
0:02:32,,-,0.49187022830541399,6.4719766882291303,0.460029849133128,-,30.291526387623801,0.93526670788353605,21.5,18.554500000000001,16.780275827432,1.9152198500300399,145.55670860228301,110.760487135327,21.5357936080255,26.949023633899401,2.3181693873009102
0:02:33,,-,0.50440959465566604,6.6369683507324497,0.47285343626520099,-,30.4038625801103,0.93743941684533905,22.72,19.198399999999999,16.821234536881601,1.9650789399278501,149.34599943451701,114.689469316155,21.0580509741207,27.904980368894101,2.2667439154058902
0:02:34,,-,0.50440959465566604,6.6369683507324497,0.47285343626520099,-,30.4038625801103,0.93743941684533905,22.72,19.198399999999999,16.862719536724502,1.9650789399278501,149.34599943451701,114.689469316155,21.0580509741207,27.904980368894101,2.2667439154058902
0:02:35,,-,0.49696883682543902,6.5390636424399897,0.46458169278835199,-,32.222946014671102,0.93483063396093202,25.1,20.280799999999999,16.9038856444195,1.9348681048598799,147.04997596935101,111.690029147351,21.962064556255399,27.175189573564602,2.3640543117605399
0:02:36,,-,0.49696572287599,6.5390226694209304,0.46457878551696402,-,32.2231479212018,0.93483064149454898,25.1,20.280799999999999,16.944732732031799,1.9348559847314699,147.049054839592,111.689333086574,21.961923436859301,27.175020215711498,2.3640391212980898
0:02:37,,-,0.49696572287599,6.5390226694209304,0.46457878551696402,-,32.2231479212018,0.93483064149454898,25.1,20.280799999999999,16.9855796917095,1.9348559847314699,147.049054839592,111.689333086574,21.961923436859301,27.175020215711498,2.3640391212980898
0:02:38,,-,0.56318408460583602,7.4103169027083702,0.53280647028039896,-,31.321907848915799,0.94606095030775195,23.52,21.638400000000001,17.0292109684789,2.1986333934228699,167.09613790013799,132.95041251055599,18.962733015876498,32.348032241011097,2.0411983870695898
0:02:39,,-,0.56318408460583602,7.4103169027083702,0.53280647028039896,-,31.321907848915799,0.94606095030775195,23.52,21.638400000000001,17.075626562339998,2.1986333934228699,167.09613790013799,132.95041251055599,18.962733015876498,32.348032241011097,2.0411983870695898
0:02:40,,-,0.51926992404377903,6.83249900057604,0.47235488475620802,-,30.745474098850298,0.90965192260275096,23.9,20.028199999999998,17.120044259740201,2.0093589918578099,152.711283381193,103.515304553059,35.196877091852897,25.1862054873624,3.7886842940638199
0:02:41,,-,0.51926992404377903,6.83249900057604,0.47235488475620802,-,30.745474098850298,0.90965192260275096,23.9,20.028199999999998,17.162464060679401,2.0093589918578099,152.711283381193,103.515304553059,35.196877091852897,25.1862054873624,3.7886842940638199
0:02:42,,-,0.51927289567905199,6.8325381010401598,0.47235766615434399,-,30.745298152183199,0.909652073283439,23.9,20.028199999999998,17.204883983776099,2.0093705646698199,152.712162914907,103.515975857676,35.197005208039798,25.186368821818998,3.7886980848266698
0:02:43,,-,0.95840180501865102,12.6105500660349,0.93379435787325404,-,33.363136246783,0.97432449832988499,24.39,36.121589999999998,17.265857760059799,3.76709245167938,286.29902632763299,253.56938999974,6.8918903860344498,61.6957153284038,0.74186118256560296
0:02:44,,-,0.95840180501865102,12.6105500660349,0.93379435787325404,-,33.363136246783,0.97432449832988499,24.39,36.121589999999998,17.345385267373,3.76709245167938,286.29902632763299,253.56938999974,6.8918903860344498,61.6957153284038,0.74186118256560296
0:02:45,,-,0.95840180501865102,12.6105500660349,0.93379435787325404,-,33.363136246783,0.97432449832988499,24.39,36.121589999999998,17.424912774686302,3.76709245167938,286.29902632763299,253.56938999974,6.8918903860344498,61.6957153284038,0.74186118256560296
0:02:46,,-,0.95840481749548501,12.610589703887999,0.933797216379049,-,33.363031379118297,0.97432441838017803,24.39,36.121589999999998,17.504440406223001,3.76710422022667,286.29992073722701,253.57010974490899,6.8919838364933703,61.695890448882999,0.74187124181844699
0:02:47,,-,0.95840481749548501,12.610589703887999,0.933797216379049,-,33.363031379118297,0.97432441838017803,24.39,36.121589999999998,17.5839681619834,3.76710422022667,286.29992073722701,253.57010974490899,6.8919838364933703,61.695890448882999,0.74187124181844699
0:02:48,,-,0.444152059040133,5.8441060400017504,0.49919200977994299,-,40.353252079330098,1.1239214129925601,10.81,19.760680000000001,17.642193701362299,1.74899951040636,132.923962790883,120.949978600808,0,29.428218637666301,0
0:02:49,,-,0.444152059040133,5.8441060400017504,0.49919200977994299,-,40.353252079330098,1.1239214129925601,10.81,19.760680000000001,17.679117024359801,1.74899951040636,132.923962790883,120.949978600808,0,29.428218637666301,0
0:02:50,,-,0.444152059040133,5.8441060400017504,0.49919200977994299,-,40.353252079330098,1.1239214129925601,10.81,19.760680000000001,17.7160403473572,1.74899951040636,132.923962790883,120.949978600808,0,29.428218637666301,0
0:02:51,,-,0.444152059040133,5.8441060400017504,0.49919200977994299,-,40.353252079330098,1.1239214129925601,10.81,19.760680000000001,17.752963670354699,1.74899951040636,132.923962790883,120.949978600808,0,29.428218637666301,0
0:02:52,,-,0.76592281213257196,10.0779317385865,0.82163464353970095,-,29.2785769594214,1.07273818004194,17.29,25.364429999999999,17.803261743289401,3.0160810834108598,229.22216233922501,208.573496062381,0,50.747809260919901,0
0:02:53,,-,0.76592281213257196,10.0779317385865,0.82163464353970095,-,29.2785769594214,1.07273818004194,17.29,25.364429999999999,17.866934566161401,3.0160810834108598,229.22216233922501,208.573496062381,0,50.747809260919901,0
0:02:54,,-,0.76592281213257196,10.0779317385865,0.82163464353970095,-,29.2785769594214,1.07273818004194,17.29,25.364429999999999,17.930607389033401,3.0160810834108598,229.22216233922501,208.573496062381,0,50.747809260919901,0
0:02:55,,-,0.85960584303346399,11.3106031978087,0.91186191031665897,-,33.411417840818402,1.0607907306665001,17.850000000000001,31.75515,17.998174248574799,3.3849898205067701,257.25922635851401,234.08494051500699,0,56.954973361315503,0
0:02:56,,-,0.85961696614014604,11.310749554475599,0.91187341370049302,-,33.410985510164501,1.0607903864380299,17.850000000000001,31.75515,18.069635607129499,3.3850336215153298,257.262555235165,234.0879695216,0,56.955710345888001,0
0:02:57,,-,0.85961696614014604,11.310749554475599,0.91187341370049302,-,33.410985510164501,1.0607903864380299,17.850000000000001,31.75515,18.1410974280281,3.3850336215153298,257.262555235165,234.0879695216,0,56.955710345888001,0
0:02:58,,-,0.42431047681286399,5.58303258964294,0.42299295834837702,-,33.440159447813699,0.99689491884720005,24.09,18.284310000000001,18.194465263115902,1.6708665446914599,126.985857396551,115.546786390058,0,28.113573330914299,0
0:02:59,,-,0.42431047681286399,5.58303258964294,0.42299295834837702,-,33.440159447813699,0.99689491884720005,24.09,18.284310000000001,18.2297391123927,1.6708665446914599,126.985857396551,115.546786390058,0,28.113573330914299,0
0:03:00,,-,0.42431047681286399,5.58303258964294,0.42299295834837702,-,33.440159447813699,0.99689491884720005,24.09,18.284310000000001,18.265012961669498,1.6708665446914599,126.985857396551,115.546786390058,0,28.113573330914299,0
0:03:01,,-,0.25502399334402898,3.3555788597898499,0.26608225312244199,-,34.808332673329801,1.0433616446570799,17.440000000000001,11.841760000000001,18.293250234867301,1.0042435477267,76.322509627228897,69.447266785868607,0,16.897145203374301,0
0:03:02,,-,0.25502399334402898,3.3555788597898499,0.26608225312244199,-,34.808332673329801,1.0433616446570799,17.440000000000001,11.841760000000001,18.314450931985899,1.0042435477267,76.322509627228897,69.447266785868607,0,16.897145203374301,0
0:03:03,,-,1.72163055070148,22.653033561861498,1.57420781580348,-,23.6186561532799,0.91437028412516896,30.3,45.813600000000001,18.3954532370261,6.6696590350285998,506.894086662174,351.39619459460999,109.084109725093,85.497857565598594,11.7421000780509
0:03:04,,-,1.72163055070148,22.653033561861498,1.57420781580348,-,23.6186561532799,0.91437028412516896,30.3,45.813600000000001,18.536257149987801,6.6696590350285998,506.894086662174,351.39619459460999,109.084109725093,85.497857565598594,11.7421000780509
0:03:05,,-,1.72163055070148,22.653033561861498,1.57420781580348,-,23.6186561532799,0.91437028412516896,30.3,45.813600000000001,18.677061062949601,6.6696590350285998,506.894086662174,351.39619459460999,109.084109725093,85.497857565598594,11.7421000780509
0:03:06,,-,1.7036101662066601,22.415923239561302,1.5952332160284,-,26.448509696515998,0.93638394961003502,24.29,49.187249999999999,18.8175015398932,6.6352282543731,504.27734733235599,385.54259232183301,72.806787817724498,93.805983533292604,7.8371138662781998
0:03:07,,-,1.7036101662066601,22.415923239561302,1.5952332160284,-,26.448509696515998,0.93638394961003502,24.29,49.187249999999999,18.9575785808189,6.6352282543731,504.27734733235599,385.54259232183301,72.806787817724498,93.805983533292604,7.8371138662781998
0:03:08,,-,1.58922793813868,20.910893922877399,1.51049834765119,-,27.792879133330299,0.95046047920621102,28.57,49.026119999999999,19.093175935796701,6.2108369540501602,472.02360850781201,382.21960161432401,46.959693063620598,92.997469979154204,5.0548647000668003
0:03:09,,-,1.58922793813868,20.910893922877399,1.51049834765119,-,27.792879133330299,0.95046047920621102,28.57,49.026119999999999,19.224293604826599,6.2108369540501602,472.02360850781201,382.21960161432401,46.959693063620598,92.997469979154204,5.0548647000668003
0:03:10,,-,1.70194694101433,22.394038697557001,1.69980872365455,-,30.2054069731232,0.998743663913218,24.48,55.569600000000001,19.360595707720702,6.7019938464423401,509.35153232961801,463.46840435742399,0,112.76603512346099,0
0:03:11,,-,1.70194694101433,22.394038697557001,1.69980872365455,-,30.2054069731232,0.998743663913218,24.48,55.569600000000001,19.502082244478999,6.7019938464423401,509.35153232961801,463.46840435742399,0,112.76603512346099,0
0:03:12,,-,1.6985267899115799,22.349036709362899,1.7913721708411701,-,32.514306119878697,1.05466229998905,25.31,59.529119999999999,19.643426618951398,6.6885258404239503,508.32796387222101,462.53704043763599,0,112.53942589723501,0
0:03:13,,-,1.6985267899115799,22.349036709362899,1.7913721708411701,-,32.514306119878697,1.05466229998905,25.31,59.529119999999999,19.7846288311382,6.6885258404239503,508.32796387222101,462.53704043763599,0,112.53942589723501,0
0:03:14,,-,1.6985299844050901,22.349078742172299,1.7913755528375599,-,32.514244968918199,1.0546623075747401,25.31,59.529119999999999,19.925831176107501,6.6885384198265996,508.32891990682202,462.537910351248,0,112.539637555048,0
0:03:15,,-,1.56528740835094,20.595886951986099,1.68626237564439,-,33.644792463693499,1.0772861051894,24.69,56.861069999999998,20.061495281839601,6.1638505442651903,468.452641364155,426.25374506494001,0,103.71137349511901,0
0:03:16,,-,1.56528740835094,20.595886951986099,1.68626237564439,-,33.644792463693499,1.0772861051894,24.69,56.861069999999998,20.191621015551799,6.1638505442651903,468.452641364155,426.25374506494001,0,103.71137349511901,0
0:03:17,,-,1.68930469796267,22.227693394245701,1.76714084779874,-,31.284817986795002,1.0460758499813201,23.71,56.880290000000002,20.326901662258901,6.6522107227175997,505.56801492653801,460.02571171322199,0,111.92839701051599,0
0:03:18,,-,1.68930158180732,22.227652392201598,1.7671376405657799,-,31.284875696060201,1.0460758810603801,23.71,56.880290000000002,20.467337092434299,6.6521984517980499,505.56708233665199,460.024863132392,0,111.92819054316099,0
0:03:19,,-,1.68930158180732,22.227652392201598,1.7671376405657799,-,31.284875696060201,1.0460758810603801,23.71,56.880290000000002,20.607772393083401,6.6521984517980499,505.56708233665199,460.024863132392,0,111.92819054316099,0
0:03:20,,-,1.8407462227862501,24.2203450366612,1.84762538324313,-,30.724898033142601,1.0037371585347901,26.54,61.068539999999999,20.754502654299799,7.2485631371228099,550.89079842133299,501.26575285199402,0,121.962470280291,0
0:03:21,,-,1.8407462227862501,24.2203450366612,1.84762538324313,-,30.724898033142601,1.0037371585347901,26.54,61.068539999999999,20.907527876083499,7.2485631371228099,550.89079842133299,501.26575285199402,0,121.962470280291,0
0:03:22,,-,1.9177104351371801,25.233032041278701,1.78264194012663,-,28.515253918450998,0.929567836449255,27.9,59.427,21.062750891230799,7.4567751399915796,566.71491063936003,420.81196181540702,94.203009661002199,102.38733864121799,10.140259382239201
0:03:23,,-,1.9177104351371801,25.233032041278701,1.78264194012663,-,28.515253918450998,0.929567836449255,27.9,59.427,21.220171699741702,7.4567751399915796,566.71491063936003,420.81196181540702,94.203009661002199,102.38733864121799,10.140259382239201
0:03:24,,-,2.2502954422732899,29.609150556227402,2.0547776444480998,-,25.814850311973,0.91311460968535496,24.48,62.25264,21.390874405929999,8.7150601831108396,662.344573916424,456.45031689386002,145.22809213523001,111.058471263713,15.6327332761281
0:03:25,,-,2.2502954422732899,29.609150556227402,2.0547776444480998,-,25.814850311973,0.91311460968535496,24.48,62.25264,21.574859009795698,8.7150601831108396,662.344573916424,456.45031689386002,145.22809213523001,111.058471263713,15.6327332761281
0:03:26,,-,2.2502954422732899,29.609150556227402,2.0547776444480998,-,25.814850311973,0.91311460968535496,24.48,62.25264,21.758843613661401,8.7150601831108396,662.344573916424,456.45031689386002,145.22809213523001,111.058471263713,15.6327332761281
0:03:27,,-,2.5660909025226402,33.764353980560998,2.27744177457325,-,24.926240897046998,0.88751406753921902,25.75,68.340500000000006,21.9550837714512,9.8761126601316995,750.58456217000901,454.24935572309602,227.15544858762399,110.52295759686,24.451609105234098
0:03:28,,-,2.56611594211076,33.764683448825799,2.2774633789782102,-,24.9259976723371,0.88751382648162103,25.75,68.340500000000006,22.1635804942423,9.8762084463978308,750.59184192623502,454.25316434126398,227.15824467841901,110.52388426794801,24.451910083790999
0:03:29,,-,2.7142409887121,35.713697219895998,2.3594137585614501,-,24.368816282368801,0.86927202425050099,25.42,70.464240000000004,22.377602768163701,10.3995859251031,790.36853030783402,430.53675501648797,286.65800962845901,104.753468373841,30.8566210579611
0:03:30,,-,2.7142409887121,35.713697219895998,2.3594137585614501,-,24.368816282368801,0.86927202425050099,25.42,70.464240000000004,22.597149582138101,10.3995859251031,790.36853030783402,430.53675501648797,286.65800962845901,104.753468373841,30.8566210579611
0:03:31,,-,2.9470640165511899,38.7771581125156,2.5122131405407901,-,24.092452556592399,0.85244607054064703,26.2,75.456000000000003,22.825618768877298,11.244863344926101,854.60961421438503,417.45485330763898,357.70427267173898,101.570523919134,38.504227413534899
0:03:32,,-,2.9470640165511899,38.7771581125156,2.5122131405407901,-,24.092452556592399,0.85244607054064703,26.2,75.456000000000003,23.063010328381299,11.244863344926101,854.60961421438503,417.45485330763898,357.70427267173898,101.570523919134,38.504227413534899
0:03:33,,-,2.9470640165511899,38.7771581125156,2.5122131405407901,-,24.092452556592399,0.85244607054064703,26.2,75.456000000000003,23.3004018878853,11.244863344926101,854.60961421438503,417.45485330763898,357.70427267173898,101.570523919134,38.504227413534899
0:03:34,,-,2.97285034004882,39.116451842747601,2.5168029292403702,-,23.790629163941901,0.84659590674148899,26.78,75.278580000000005,23.5386588239001,11.3268463827932,860.84032509228405,403.566632445153,377.12802575968698,98.191394755511695,40.595051212022199
0:03:35,,-,2.97285034004882,39.116451842747601,2.5168029292403702,-,23.790629163941901,0.84659590674148899,26.78,75.278580000000005,23.777781136425698,11.3268463827932,860.84032509228405,403.566632445153,377.12802575968698,98.191394755511695,40.595051212022199
0:03:36,,-,3.1008122777551299,40.800161549409601,2.6645816817416201,-,23.229255287955301,0.85931731529090805,26.54,76.541359999999997,24.022442605142199,11.8516085482433,900.72224966649105,460.722712637001,356.40411867103501,112.097983609976,38.364275422070499
0:03:37,,-,3.1008122777551299,40.800161549409601,2.6645816817416201,-,23.229255287955301,0.85931731529090805,26.54,76.541359999999997,24.272643230049599,11.8516085482433,900.72224966649105,460.722712637001,356.40411867103501,112.097983609976,38.364275422070499
0:03:38,,-,3.3848534674867299,44.537545624825299,2.9390680116051802,-,23.318321090751802,0.86829992489673702,27.9,83.6721,24.5346060986232,12.9659263692539,985.41040406329603,533.59161185546998,360.56585060715702,129.82764278721899,38.812255178380802
0:03:39,,-,3.3848534674867299,44.537545624825299,2.9390680116051802,-,23.318321090751802,0.86829992489673702,27.9,83.6721,24.808331210862999,12.9659263692539,985.41040406329603,533.59161185546998,360.56585060715702,129.82764278721899,38.812255178380802
0:03:40,,-,3.4068356951220502,44.8267854621322,2.9607483003326802,-,23.446860121364999,0.86906107757762296,27.64,84.578400000000002,25.082970971714499,13.0525772903675,991.99587406793398,539.672282834562,360.47802636143803,131.30712477726601,38.802801545902902
0:03:41,,-,3.4068356951220502,44.8267854621322,2.9607483003326802,-,23.446860121364999,0.86906107757762296,27.64,84.578400000000002,25.358525381177799,13.0525772903675,991.99587406793398,539.672282834562,360.47802636143803,131.30712477726601,38.802801545902902
0:03:42,,-,3.4068308582629898,44.826721819249897,2.96074412304531,-,23.446893410120001,0.86906108527937798,27.64,84.578400000000002,25.634079595293102,13.0525587837093,991.99446756191003,539.67154309789601,360.47748998993001,131.30694479267501,38.802743809465099
0:03:43,,-,3.59850147758406,47.348703652421896,3.2501275070023898,-,24.033559674418601,0.90318915449895498,22.64,90.333600000000004,25.918608024235201,13.902766063439699,1056.6102208214199,693.89744738611705,265.70005240081599,168.831495714384,28.600651496320399
0:03:44,,-,3.59850147758406,47.348703652421896,3.2501275070023898,-,24.033559674418601,0.90318915449895498,22.64,90.333600000000004,26.212110863352301,13.902766063439699,1056.6102208214199,693.89744738611705,265.70005240081599,168.831495714384,28.600651496320399
0:03:45,,-,3.78617517743346,49.818094439913899,3.37098767812209,-,23.081340905953301,0.89034118078159996,30,92.49,26.512782852237201,14.581948673025099,1108.2280991499099,681.02443335581904,325.13141195062798,165.69937551236501,34.997999133544504
0:03:46,,-,3.78617517743346,49.818094439913899,3.37098767812209,-,23.081340905953301,0.89034118078159996,30,92.49,26.820623990889899,14.581948673025099,1108.2280991499099,681.02443335581904,325.13141195062798,165.69937551236501,34.997999133544504
0:03:47,,-,3.60790131901306,47.472385776487599,3.3024700544580101,-,24.129240880627499,0.91534378644297199,28.98,91.982519999999994,27.122116017069398,13.980453807137,1062.5144893424099,739.93898354616101,225.30937255671299,180.03381594797099,24.2528926325848
0:03:48,,-,3.60790131901306,47.472385776487599,3.3024700544580101,-,24.129240880627499,0.91534378644297199,28.98,91.982519999999994,27.417258930775699,13.980453807137,1062.5144893424099,739.93898354616101,225.30937255671299,180.03381594797099,24.2528926325848
0:03:49,,-,3.7189782903867301,48.933924873509604,3.3725850456326998,-,23.614085144570101,0.90685795460289897,28.43,92.653369999999995,27.716630876624698,14.381098957510901,1092.96352077083,730.890192952034,261.812648292603,177.83216373528799,28.182201107922801
0:03:50,,-,3.7189782903867301,48.933924873509604,3.3725850456326998,-,23.614085144570101,0.90685795460289897,28.43,92.653369999999995,28.0202318546166,14.381098957510901,1092.96352077083,730.890192952034,261.812648292603,177.83216373528799,28.182201107922801
0:03:51,,-,3.8049192235134002,50.064726625176299,3.5004520034866,-,23.916618107853399,0.91998063503023297,29.7,96.049800000000005,28.327837978838399,14.7605338635039,1121.8005736263001,798.13929519529904,221.08370010045499,194.194475716618,23.798030150748598
0:03:52,,-,3.8049243149598602,50.064793617892903,3.5004566387394598,-,23.916586104541199,0.91998062221019095,29.7,96.049800000000005,28.639449457291398,14.7605535688809,1121.8020712349501,798.14031400530496,221.084041637778,194.19472360226399,23.798066914723201
0:03:53,,-,4.0673999659191802,53.518420604199797,3.7948818595745402,-,24.9798866232323,0.93299943240692296,32.43,107.11629000000001,28.962336441753401,15.8287396959413,1202.98421689154,906.60558649942402,186.72478123090801,220.58530085144099,20.0995458806145
0:03:54,,-,4.0673999659191802,53.518420604199797,3.7948818595745402,-,24.9798866232323,0.93299943240692296,32.43,107.11629000000001,29.296498724223301,15.8287396959413,1202.98421689154,906.60558649942402,186.72478123090801,220.58530085144099,20.0995458806145
0:03:55,,-,3.9031150414610698,51.356776861329898,3.6635236855158402,-,25.035772443801999,0.93861534866378404,32.25,103.2,29.6241307733161,15.210086007586,1155.96653657653,892.09483555360202,158.646841997173,217.05470451425799,17.077162755347
0:03:56,,-,4.0716221468892799,53.573975616964198,3.8857967291997699,-,25.544754952141801,0.95436083924647097,34.090000000000003,109.80389,29.952802393452,15.9272253737164,1210.46912840244,995.26851972067595,105.43293289935001,242.15779068629601,11.349077814784801
0:03:57,,-,4.0716221468892799,53.573975616964198,3.8857967291997699,-,25.544754952141801,0.95436083924647097,34.090000000000003,109.80389,30.289043818008299,15.9272253737164,1210.46912840244,995.26851972067595,105.43293289935001,242.15779068629601,11.349077814784801
0:03:58,,-,3.8570752036546998,50.750989521772397,3.7523298685238902,-,25.3424667238484,0.972843325680671,30.3,102.89879999999999,30.617136331392299,15.1552232626695,1151.79696796288,1014.72459565756,33.088710474953302,246.89162911376201,3.5617557023631101
0:03:59,,-,3.8570752036546998,50.750989521772397,3.7523298685238902,-,25.3424667238484,0.972843325680671,30.3,102.89879999999999,30.937079933604299,15.1552232626695,1151.79696796288,1014.72459565756,33.088710474953302,246.89162911376201,3.5617557023631101
0:04:00,,-,3.85707024205555,50.750924237573102,3.7523250731424702,-,25.342499323503901,0.97284333384157895,30.3,102.89879999999999,31.257023330347799,15.155203797245999,1151.7954885907,1014.72332210057,33.088638420504097,246.89131924588099,3.5617479462329502
0:04:01,,-,3.7420531029620201,49.237540828447699,3.66409114467888,-,24.3269824065145,0.97916599360350398,28.43,95.865960000000001,31.572431808951698,14.7255994389108,1119.14555735722,1008.3271846674,9.9356146764506992,245.33508142759101,1.06949565946724
0:04:02,,-,4.1908726497265798,55.143061180612897,4.1609173047216501,-,25.677726095308799,0.99285224164306696,34.479999999999997,113.47368,31.902066853715901,16.5029837492769,1254.22676494504,1141.2441910065299,0,277.67498564635798,0
0:04:03,,-,4.1908726497265798,55.143061180612897,4.1609173047216501,-,25.677726095308799,0.99285224164306696,34.479999999999997,113.47368,32.250463177311701,16.5029837492769,1254.22676494504,1141.2441910065299,0,277.67498564635798,0
0:04:04,,-,4.37991996214196,57.6305258176574,4.3545406037857104,-,26.310480784138299,0.99420552006072704,35.08,121.20140000000001,32.606717457249403,17.2474217185001,1310.8040506060099,1192.72491236263,0,290.20070860404599,0
0:04:05,,-,4.37991996214196,57.6305258176574,4.3545406037857104,-,26.310480784138299,0.99420552006072704,35.08,121.20140000000001,32.970829693528799,17.2474217185001,1310.8040506060099,1192.72491236263,0,290.20070860404599,0
0:04:06,,-,4.1969712381370297,55.223305764960998,4.2362401943171601,-,26.7896522564468,1.00935649875875,32.78,118.008,33.327337467900598,16.526999011453299,1256.05192487045,1142.9049378672701,0,278.079060308338,0
0:04:07,,-,4.1969712381370297,55.223305764960998,4.2362401943171601,-,26.7896522564468,1.00935649875875,32.78,118.008,33.676240780364601,16.526999011453299,1256.05192487045,1142.9049378672701,0,278.079060308338,0
0:04:08,,-,4.1889166201272001,55.117323949042103,4.3209357757848297,-,26.489675031209,1.0315163006643,31.74,116.35884,34.0248092939052,16.495281218708701,1253.64137262186,1140.7115316765301,0,277.54538483613902,0
0:04:09,,-,4.1889166201272001,55.117323949042103,4.3209357757848297,-,26.489675031209,1.0315163006643,31.74,116.35884,34.373043008522401,16.495281218708701,1253.64137262186,1140.7115316765301,0,277.54538483613902,0
0:04:10,,-,4.1716627921058604,54.890299896129697,4.3054561434498497,-,26.804179909171001,1.0320719478087199,32.6,117.36,34.720559549086197,16.427338413654098,1248.47771943771,1136.01302789277,0,276.40219656758501,0
0:04:11,,-,4.5134762966312101,59.387846008305402,4.6829839092205203,-,27.526144336402002,1.0375558885101099,32.6,129.78059999999999,35.081566764210201,17.773345124412401,1350.77422945534,1229.0945192792001,0,299.04976138180098,0
0:04:12,,-,4.5134762966312101,59.387846008305402,4.6829839092205203,-,27.526144336402002,1.0375558885101099,32.6,129.78059999999999,35.4567818279478,17.773345124412401,1350.77422945534,1229.0945192792001,0,299.04976138180098,0
0:04:13,,-,4.4551801054046001,58.620790860586901,4.6759634715021496,-,28.661287979154199,1.0495565523444801,35.08,133.65479999999999,35.829573747342899,17.543784081434801,1333.3275901890499,1213.2194986914201,0,295.18722595898402,0
0:04:14,,-,4.4551801054046001,58.620790860586901,4.6759634715021496,-,28.661287979154199,1.0495565523444801,35.08,133.65479999999999,36.199942522395403,17.543784081434801,1333.3275901890499,1213.2194986914201,0,295.18722595898402,0
0:04:15,,-,4.3825704611835699,57.665400805047,4.7307599888471099,-,29.670404880354798,1.0794487004253399,34.880000000000003,135.96224000000001,36.567293198925398,17.257858958251099,1311.5972808270801,1193.4466872499399,0,290.37632293185902,0
0:04:16,,-,4.2585706336500504,56.033824126974402,4.5699180485199999,-,29.158948079620899,1.07311077862834,35.92,130.28183999999999,36.926471589768298,16.769567542659601,1274.4871332421301,1159.6794758154299,0,282.16045640278003,0
0:04:17,,-,4.2585706336500504,56.033824126974402,4.5699180485199999,-,29.158948079620899,1.07311077862834,35.92,130.28183999999999,37.280495793446697,16.769567542659601,1274.4871332421301,1159.6794758154299,0,282.16045640278003,0
0:04:18,,-,4.3380491194276596,57.0795936766797,4.74116725043167,-,28.459982033649499,1.09292613336227,34.68,129.35640000000001,37.637823606488098,17.082541061263299,1298.27312065601,1181.32278683553,0,287.42646881643202,0
0:04:19,,-,4.3380491194276596,57.0795936766797,4.74116725043167,-,28.459982033649499,1.09292613336227,34.68,129.35640000000001,37.9984550288926,17.082541061263299,1298.27312065601,1181.32278683553,0,287.42646881643202,0
0:04:20,,-,4.3136207421770498,56.758167660224402,4.6680478309695204,-,28.486071758358701,1.08216463847343,35.71,128.94881000000001,38.358071059332502,16.986346033047798,1290.96229851163,1174.6705341991301,0,285.80791586353598,0
0:04:21,,-,4.3136207421770498,56.758167660224402,4.6680478309695204,-,28.486071758358701,1.08216463847343,35.71,128.94881000000001,38.716671697808003,16.986346033047798,1290.96229851163,1174.6705341991301,0,285.80791586353598,0
0:04:22,,-,4.27976628046867,56.312714216693003,4.5842976952668097,-,28.201511972934799,1.0711560853656701,33.14,126.32968,39.073865138906903,16.853032597372199,1280.83047740029,1165.45140229188,0,283.56481807588199,0
0:04:23,,-,4.5922853305856899,60.424806981390603,4.9692520077211597,-,29.144077592175801,1.08208694582299,37.26,140.17212000000001,39.442641575509597,18.083682449201302,1374.3598661393,1250.5555274549699,0,304.271417872256,0
0:04:24,,-,4.5922853305856899,60.424806981390603,4.9692520077211597,-,29.144077592175801,1.08208694582299,37.26,140.17212000000001,39.8244082049927,18.083682449201302,1374.3598661393,1250.5555274549699,0,304.271417872256,0
0:04:25,,-,4.5732298336500499,60.174076758553298,4.97198800170385,-,29.1555519512521,1.08719399255198,35.92,139.44144,40.205382772102297,18.008644961177499,1368.6570170494899,1245.3663993181499,0,303.00885628178798,0
0:04:26,,-,4.5732298336500499,60.174076758553298,4.97198800170385,-,29.1555519512521,1.08719399255198,35.92,139.44144,40.585565276838203,18.008644961177499,1368.6570170494899,1245.3663993181499,0,303.00885628178798,0
0:04:27,,-,4.4009068312753099,57.906668832569899,4.8199433875272604,-,29.287782028016501,1.09521595714639,34.28,134.72040000000001,40.9585849892973,17.330064640202401,1317.0849126553801,1198.4399852096701,0,291.59123727729099,0
0:04:28,,-,4.4959982772965903,59.157872069691997,4.87199655614564,-,29.026154360199101,1.0836295424639599,36.14,136.64534,41.3283944884489,17.704519489954698,1345.54348123656,1224.33496447926,0,297.89171885140303,0
0:04:29,,-,4.4959982772965903,59.157872069691997,4.87199655614564,-,29.026154360199101,1.0836295424639599,36.14,136.64534,41.702156566570203,17.704519489954698,1345.54348123656,1224.33496447926,0,297.89171885140303,0
0:04:30,,-,4.4414192178143699,58.4397265501891,4.9384123500094699,-,29.911150802237199,1.11189962213017,35.08,138.81155999999999,42.073650006956697,17.489595915089101,1329.2092895467699,1209.47218056987,0,294.27546972502898,0
0:04:31,,-,4.4414192178143699,58.4397265501891,4.9384123500094699,-,29.911150802237199,1.11189962213017,35.08,138.81155999999999,42.442874809608597,17.489595915089101,1329.2092895467699,1209.47218056987,0,294.27546972502898,0
0:04:32,,-,4.4929750006700004,59.118092114078898,4.9636065402109102,-,30.3296590743726,1.1047483103001301,37.03,142.56549999999999,42.814242584227003,17.692614311914699,1344.6386877055099,1223.51167606745,0,297.69140536920901,0
0:04:33,,-,4.7018804705178399,61.866848296287401,5.22004371247683,-,31.059700669914299,1.11020340589431,39.47,152.74889999999999,43.196436712980301,18.515250517350001,1407.1590393186,1280.4001033378199,0,311.53287185835001,0
0:04:34,,-,4.7018804705178399,61.866848296287401,5.22004371247683,-,31.059700669914299,1.11020340589431,39.47,152.74889999999999,43.587314223902197,18.515250517350001,1407.1590393186,1280.4001033378199,0,311.53287185835001,0
0:04:35,,-,4.5322880594353396,59.635369203096602,5.0835821702603301,-,31.586185194467799,1.12163704151092,39.47,149.86759000000001,43.971142442532297,17.847422826552101,1356.4041348179601,1234.21727456603,0,300.29617386034801,0
0:04:36,,-,4.3758920739486804,57.5775272887984,4.8975316194499499,-,30.8553176628422,1.1192075893751601,35.29,141.01884000000001,44.341420600304801,17.231560541377,1309.59860114465,1191.6280515446499,0,289.93383249261598,0
0:04:37,,-,4.3758920739486804,57.5775272887984,4.8975316194499499,-,30.8553176628422,1.1192075893751601,35.29,141.01884000000001,44.705197989511703,17.231560541377,1309.59860114465,1191.6280515446499,0,289.93383249261598,0
0:04:38,,-,4.5269055991161302,59.564547356791202,5.1019857075403801,-,30.265201471563799,1.1270360284377301,34.090000000000003,142.80301,45.075252419490099,17.826227561841598,1354.7932946999599,1232.7515412722701,0,299.93954775481001,0
0:04:39,,-,4.5269055991161302,59.564547356791202,5.1019857075403801,-,30.265201471563799,1.1270360284377301,34.090000000000003,142.80301,45.451583890240101,17.826227561841598,1354.7932946999599,1232.7515412722701,0,299.93954775481001,0
0:04:40,,-,4.3855922145283701,57.705160717478499,4.9009734846015602,-,30.2609917904262,1.11751691558688,34.090000000000003,138.50766999999999,45.822041517070197,17.269758137852001,1312.5016184767501,1194.26956084684,0,290.57653548584801,0
0:04:41,,-,4.67487812438267,61.511554268193002,5.2168497384453696,-,31.344421416194599,1.11593277934583,41.95,153.66284999999999,46.198649782216599,18.408919612856899,1399.0778905771199,1273.04691624627,0,309.74377524239998,0
0:04:42,,-,4.6749051892809099,61.5119103852752,5.2168797731978698,-,31.3442399507869,1.1159327434403701,41.95,153.66284999999999,46.587283654580901,18.409026190081502,1399.0859904462,1273.05428646733,0,309.74556848353598,0
0:04:43,,-,4.6989575593455202,61.828388938756802,5.2859023299446797,-,31.602647635039201,1.1249095705135299,42.55,155.733,46.976918414745498,18.503740562357599,1406.2842827391801,1279.60414610527,0,311.33920829811899,0
0:04:44,,-,4.7477187808421304,62.469983958449099,5.4057247849424703,-,32.539290368962803,1.1385941405703099,39.21,161.15309999999999,47.369579750724803,18.695754425152,1420.8773363115499,1292.88263615508,0,314.56998446595497,0
0:04:45,,-,4.7477187808421304,62.469983958449099,5.4057247849424703,-,32.539290368962803,1.1385941405703099,39.21,161.15309999999999,47.764267899700201,18.695754425152,1420.8773363115499,1292.88263615508,0,314.56998446595497,0
0:04:46,,-,4.4611664076909401,58.699557995933397,5.0987698725793598,-,32.741199644153497,1.1429230399899899,36.58,152.28254000000001,48.147045188853902,17.567357178879401,1335.1191455948299,1214.8496681766101,0,295.583860870222,0
0:04:47,,-,4.4611664076909401,58.699557995933397,5.0987698725793598,-,32.741199644153497,1.1429230399899899,36.58,152.28254000000001,48.517911618185799,17.567357178879401,1335.1191455948299,1214.8496681766101,0,295.583860870222,0
0:04:48,,-,4.5545732185201997,59.928594980528899,5.1887662101173797,-,32.337128625160801,1.13924312140123,40.54,154.17362,48.892660602800497,17.9351782056738,1363.07354363121,1240.28589331848,0,301.77272343515199,0
0:04:49,,-,4.5739157381355096,60.1831018175724,5.23466479068514,-,31.9392000998144,1.14446025908186,39.729999999999997,152.84130999999999,49.272096135480297,18.011345942935399,1368.86229166309,1245.5531824955499,0,303.05430231035302,0
0:04:50,,-,4.5739157381355096,60.1831018175724,5.23466479068514,-,31.9392000998144,1.14446025908186,39.729999999999997,152.84130999999999,49.652335660942299,18.011345942935399,1368.86229166309,1245.5531824955499,0,303.05430231035302,0
0:04:51,,-,4.6702783735978803,61.451031231550999,5.3505795243746803,-,32.256458384073902,1.14566608162432,40.54,157.53844000000001,50.036580603740099,18.3908065326474,1397.7012964812,1271.7943277516999,0,309.43900918532898,0
0:04:52,,-,4.4925726344028796,59.112797821090602,5.1367849629970097,-,31.979360533832601,1.1433949723285299,38.21,150.1653,50.417444432309601,17.6910298581451,1344.5182692190299,1223.4021050536401,0,297.66474575514297,0
0:04:53,,-,4.4925726344028796,59.112797821090602,5.1367849629970097,-,31.979360533832601,1.1433949723285299,38.21,150.1653,50.790921729314903,17.6910298581451,1344.5182692190299,1223.4021050536401,0,297.66474575514297,0
0:04:54,,-,4.4754842589042596,58.887950775055998,5.1312029607989498,-,32.461247006054499,1.14651346401009,38.700000000000003,151.8588,51.1636887294801,17.623738578565501,1339.40413197098,1218.7486567383301,0,296.53251988767101,0
0:04:55,,-,4.7959685201016704,63.104848948706199,5.5394113160817398,-,33.436589362058697,1.15501411088585,43.47,167.75073,51.549066708313397,18.885754153003202,1435.3173156282401,1306.0218411011199,0,317.76687131414099,0
0:04:56,,-,4.6393368784842899,61.0439062958459,5.3287611507342403,-,32.839499262613401,1.1486040549129499,42.25,159.536,51.941255398786403,18.268963891814298,1388.4412557778901,1263.36844500345,0,307.38891605923499,0
0:04:57,,-,4.6393368784842899,61.0439062958459,5.3287611507342403,-,32.839499262613401,1.1486040549129499,42.25,159.536,52.326933525391397,18.268963891814298,1388.4412557778901,1263.36844500345,0,307.38891605923499,0
0:04:58,,-,4.7433616761811201,62.412653633962101,5.4648167241249404,-,32.278639170367498,1.15209783634392,38.46,159.64746,52.716935555406202,18.678596846426899,1419.57336032845,1291.6961242279399,0,314.28129543259001,0
0:04:59,,-,4.7433616761811201,62.412653633962101,5.4648167241249404,-,32.278639170367498,1.15209783634392,38.46,159.64746,53.111261488830699,18.678596846426899,1419.57336032845,1291.6961242279399,0,314.28129543259001,0
0:05:00,,-,4.6735887111304404,61.494588304347999,5.3439523210556397,-,32.014990887764498,1.1434365861781299,35.71,155.69560000000001,53.502687233375603,18.403842110454399,1398.6920003945299,1272.69578761342,0,309.65834248501801,0
0:05:01,,-,4.6540706767544799,61.237772062559003,5.4909816170305898,-,35.244211227661403,1.1798234273613799,45.45,171.75555,53.890401500797402,18.326983224239999,1392.8507250422399,1267.38070285348,0,308.365134514229,0
0:05:02,,-,4.72596990404032,62.183814526846398,5.4972297610966496,-,33.5893971445497,1.16319609999991,43.16,166.07968,54.280293049248698,18.610110839573601,1414.36842380759,1286.96005597059,0,313.12896738943698,0
0:05:03,,-,4.72596990404032,62.183814526846398,5.4972297610966496,-,33.5893971445497,1.16319609999991,43.16,166.07968,54.6731731669731,18.610110839573601,1414.36842380759,1286.96005597059,0,313.12896738943698,0
0:05:04,,-,4.6295965818017404,60.915744497391302,5.3783616060154502,-,32.7237972732907,1.1617343997438101,40.54,158.38978,55.062047423154098,18.230608167052399,1385.5262206959801,1260.7160005278699,0,306.74355243987202,0
0:05:05,,-,4.6164980113355503,60.7433948859941,5.3604359133967403,-,32.870234023148697,1.16114767086101,41.09,158.73067,55.446371361520399,18.179028099221799,1381.6061355408599,1257.14904235366,0,305.875679404783,0
0:05:06,,-,4.6164928304475801,60.743326716415602,5.3604299891639799,-,32.870270911974501,1.16114769069061,41.09,158.73067,55.830150628265798,18.1790076977166,1381.60458502647,1257.14763151186,0,305.87533613427303,0
0:05:07,,-,4.5803231552843604,60.267409937952102,5.35946801614931,-,32.412010019145299,1.1701069628604801,40.54,155.34927999999999,56.212426247930097,18.036577323108599,1370.77987655625,1247.29802854831,0,303.47883906284898,0
0:05:08,,-,4.6170069108284801,60.7500909319537,5.38362709403052,-,32.501621266378599,1.1660426761337599,39.729999999999997,156.81431000000001,56.5947232359023,18.181032063733198,1381.7584368437199,1257.2876241333099,0,305.90939759934702,0
0:05:09,,-,4.6170069108284801,60.7500909319537,5.38362709403052,-,32.501621266378599,1.1660426761337599,39.729999999999997,156.81431000000001,56.978545023914499,18.181032063733198,1381.7584368437199,1257.2876241333099,0,305.90939759934702,0
0:05:10,,-,4.6414263892797596,61.071399858944197,5.3626453395796903,-,31.579421433578901,1.1553873507432399,38.21,153.06926000000001,57.363381834002901,18.277192049905398,1389.0665957928099,1263.9374534789399,0,307.52736094378099,0
0:05:11,,-,4.5903724140317497,60.3996370267336,5.2798104595109701,-,33.209508129234202,1.1501921812208,39.729999999999997,159.19811000000001,57.747111552377902,18.076149690885298,1373.78737650728,1250.0346085229201,0,304.14467360654999,0
0:05:12,,-,4.5903773890860498,60.399702487974302,5.2798161204042602,-,33.209472136745603,1.1501921678503799,39.729999999999997,159.19811000000001,58.128719363756801,18.0761692818505,1373.7888654206399,1250.03596331279,0,304.14500323912199,0
0:05:13,,-,4.9221615330722397,64.765283329897798,5.6664238563109599,-,33.516494509888503,1.1512063995132999,41.66,172.0558,58.524118349306796,19.3826819807818,1473.08383053942,1340.3862933370201,0,326.12805190681701,0
0:05:14,,-,4.7316419259864899,62.258446394559101,5.5691593017628502,-,35.482579330006402,1.1770035410280399,43.79,175.33516,58.925389148369597,18.632446351488799,1416.06592271315,1288.5046417020901,0,313.50477900294197,0
0:05:15,,-,4.7316419259864899,62.258446394559101,5.5691593017628502,-,35.482579330006402,1.1770035410280399,43.79,175.33516,59.318740793567699,18.632446351488799,1416.06592271315,1288.5046417020901,0,313.50477900294197,0
0:05:16,,-,4.6354984415146001,60.9934005462448,5.4509684672212604,-,34.808069085938399,1.17591852008912,42.25,168.53524999999999,59.7080961306783,18.253848743197899,1387.2925044830399,1262.32317489856,0,307.134592432739,0
0:05:17,,-,4.4391560118439504,58.409947524262499,5.3024381491024704,-,34.401624901794101,1.19446988007523,40.54,159.60597999999999,60.085293973907802,17.480683773281701,1328.53196676941,1208.8558720149099,0,294.12551630533,0
0:05:18,,-,4.5552059749145499,59.936920722559897,5.3432145684829297,-,34.415172631780003,1.17299077097895,43.79,164.21250000000001,60.459154373779597,17.937669898780701,1363.26291230733,1240.4582033884201,0,301.81464802637902,0
0:05:19,,-,4.5552059749145499,59.936920722559897,5.3432145684829297,-,34.415172631780003,1.17299077097895,43.79,164.21250000000001,60.837838516087203,17.937669898780701,1363.26291230733,1240.4582033884201,0,301.81464802637902,0
0:05:20,,-,4.6566400464381701,61.271579558397001,5.4225663620934199,-,32.989666039895802,1.1644804640292299,42.25,160.80350000000001,61.220738875464498,18.337100989602899,1393.6196752098199,1268.0803848698799,0,308.53537344765999,0
0:05:21,,-,4.6310286932668099,60.934588069300098,5.3945198646725103,-,33.239984071748701,1.1648642714124799,40.81,160.87302,61.606790888271497,18.2362475921102,1385.95481700038,1261.10598825286,0,306.83843996419898,0
0:05:22,,-,4.6310234487860402,60.934519062974204,5.3945139380737803,-,33.2400217149304,1.1648643108226699,40.81,160.87302,61.991778119445797,18.236226940186899,1385.9532474542,1261.10456009369,0,306.83809248021601,0
0:05:23,,-,4.4978250728489897,59.181908853276099,5.1392337574869398,-,32.680074840459497,1.1426041863010199,40.26,153.83346,62.371228597833401,17.711713117591302,1346.0901969369399,1224.8324312329901,0,298.012756990995,0
0:05:24,,-,4.6661322228050999,61.396476615856599,5.3141671335913498,-,32.304256031001003,1.1388805288498001,39.47,157.44583,62.752138410447699,18.374479656391799,1396.46045388577,1270.6652620647301,0,309.16429733935001,0
0:05:25,,-,4.6661322228050999,61.396476615856599,5.3141671335913498,-,32.304256031001003,1.1388805288498001,39.47,157.44583,63.140044092082597,18.374479656391799,1396.46045388577,1270.6652620647301,0,309.16429733935001,0
0:05:26,,-,4.6792278633056803,61.568787675074802,5.2797188634831498,-,32.758045660061597,1.12833121568763,40.81,160.22005999999999,63.528494108201897,18.426048186488099,1400.3796621731001,1274.23142236067,0,310.031976243472,0
0:05:27,,-,4.9694600793141603,65.387632622554705,5.5954237715784902,-,32.803905735871901,1.1259621130412101,41.95,170.14920000000001,63.929552275282198,19.568936063221201,1487.2391408048099,1353.2664726345599,0,329.26191548286198,0
0:05:28,,-,4.9694600793141603,65.387632622554705,5.5954237715784902,-,32.803905735871901,1.1259621130412101,41.95,170.14920000000001,64.342674258839097,19.568936063221201,1487.2391408048099,1353.2664726345599,0,329.26191548286198,0
0:05:29,,-,4.6727048159294799,61.482958104335303,5.4098642569514999,-,35.002339425000898,1.15775861520484,46.15,171.40110000000001,64.743461288388502,18.4003614730414,1398.42747195115,1272.45508827754,0,309.59977816971798,0
0:05:30,,-,4.6430151934569102,61.092305177064603,5.4342104027181799,-,35.488386993047897,1.17040547495435,47.24,172.80392000000001,65.130679282608597,18.283448505710101,1389.5420864339701,1264.37011123053,0,307.63263046971502,0
0:05:31,,-,4.6223677480903502,60.820628264346702,5.3594403103809203,-,35.079069610372102,1.159457793594,44.11,169.64706000000001,65.515804962072195,18.202142180315001,1383.36280570394,1258.7474691096199,0,306.26459102423797,0
0:05:32,,-,4.6223677480903502,60.820628264346702,5.3594403103809203,-,35.079069610372102,1.159457793594,44.11,169.64706000000001,65.900072408101096,18.202142180315001,1383.36280570394,1258.7474691096199,0,306.26459102423797,0
0:05:33,,-,4.6507816408126699,61.194495273850997,5.3385047139075796,-,34.104499469100901,1.1478725784629,41.37,165.64547999999999,66.285520908362699,18.314031528678001,1391.8663961795301,1266.48504376853,0,308.14721259574901,0
0:05:34,,-,4.5368860944810896,59.695869664224901,5.2608442261185697,-,34.549093086263099,1.1595715908579101,42.85,164.02979999999999,66.667416271086907,17.865529150456599,1357.7802154347,1235.46939583637,0,300.60082623755898,0
0:05:35,,-,4.8312195515638701,63.568678310050899,5.6479774165640704,-,35.9557039679081,1.1690583208407099,45.45,181.43639999999999,67.056811731045897,19.024567056183098,1445.86709626992,1315.6212821354,0,320.10250173610598,0
0:05:36,,-,4.8312195515638701,63.568678310050899,5.6479774165640704,-,35.9557039679081,1.1690583208407099,45.45,181.43639999999999,67.458441480009697,19.024567056183098,1445.86709626992,1315.6212821354,0,320.10250173610598,0
0:05:37,,-,4.6318071251180504,60.944830593658601,5.4655454214700603,-,36.986337162222299,1.1800028096659501,48.38,179.53818000000001,67.851782435438295,18.239312931781601,1386.1877828154099,1261.3179681679201,0,306.89001658586898,0
0:05:38,,-,4.6151106743208201,60.725140451589802,5.3633186685848999,-,35.3681919066916,1.16212135462476,44.44,170.78291999999999,68.236140591266206,18.1735649887619,1381.1909391459001,1256.77124745475,0,305.78375850480597,0
0:05:39,,-,4.5742867355388297,60.187983362353002,5.3820949176889297,-,34.809931953521001,1.1765976268767799,43.47,166.62051,68.618107849787506,18.012806871154901,1368.97332220777,1245.6542112470299,0,303.07888351509303,0
0:05:40,,-,4.5742867355388297,60.187983362353002,5.3820949176889297,-,34.809931953521001,1.1765976268767799,43.47,166.62051,68.998378217067497,18.012806871154901,1368.97332220777,1245.6542112470299,0,303.07888351509303,0
0:05:41,,-,4.4715895442498397,58.836704529603097,5.1556091926310597,-,34.181569772330597,1.1529701332406099,42.85,160.13045,69.374379864336206,17.608401817460599,1338.2385381270101,1217.6880612856701,0,296.274467466099,0
0:05:42,,-,4.7342758819473003,62.293103709832799,5.44989638782965,-,34.924675731400598,1.1511573308626,46.51,173.24975000000001,69.757031633796998,18.642818447243201,1416.8542019904801,1289.2219116338899,0,313.67929723452301,0
0:05:43,,-,4.5476927873061301,59.8380629908701,5.2652401930209702,-,35.611200574507599,1.1577827349546801,45.8,169.73480000000001,70.142846717000594,17.908084172043001,1361.0143970752699,1238.4122376837299,0,301.31684615175902,0
0:05:44,,-,4.5476872654992402,59.837990335516302,5.2652339935377901,-,35.611243813666498,1.1577827775190599,45.8,169.73480000000001,70.5209060422238,17.908062428053899,1361.0127445321,1238.41073400405,0,301.31648029295599,0
0:05:45,,-,4.6178043544473102,60.760583611148903,5.2470941263349697,-,35.714908502168299,1.136274671594,46.51,172.83116000000001,70.901879630689507,18.184172268693501,1381.9970924207,1257.5047812682899,0,305.96223388522799,0
0:05:46,,-,4.6563947829932699,61.268352407806198,5.4495806366164103,-,36.329917862173801,1.17034334299147,47.24,177.19723999999999,71.287371764886203,18.3361351815281,1393.54627379614,1268.0135955624701,0,308.519123007899,0
0:05:47,,-,4.5971380856920803,60.488659022264201,5.2976208659090096,-,35.098662905556203,1.15237366534564,45.8,169.13939999999999,71.672004883233797,18.102791819815302,1375.8121783059701,1251.87701322618,0,304.59294725697703,0
0:05:48,,-,4.5971380856920803,60.488659022264201,5.2976208659090096,-,35.098662905556203,1.15237366534564,45.8,169.13939999999999,72.054174932763203,18.102791819815302,1375.8121783059701,1251.87701322618,0,304.59294725697703,0
0:05:49,,-,4.5850013268174798,60.3289648265458,5.2670697852636597,-,34.614814410568997,1.1487607984880599,43.47,166.09887000000001,72.435840504761799,18.0549992116364,1372.1799400843599,1248.57197231443,0,303.78880104973899,0
0:05:50,,-,4.3928513512903802,57.800675674873503,5.0964620442477599,-,35.928563791178199,1.1601717510315199,47.24,165.85964000000001,72.809014677334503,17.298343453138301,1314.6741024385101,1196.2463442887999,0,291.05750469313898,0
0:05:51,,-,4.5272602288894799,59.569213538019497,5.2961932255828099,-,36.493804563235201,1.16984510671302,49.99,173.71525,73.1797887786188,17.827624036961598,1354.8994268090801,1232.84811284641,0,299.96304448817602,0
0:05:52,,-,4.6723513235453504,61.478306888754702,5.5393905934212899,-,36.311205697448301,1.1855680812156999,45.11,177.32740999999999,73.562180599041596,18.398969476777602,1398.3216802350901,1272.35882643337,0,309.57635679644102,0
0:05:53,,-,4.6723513235453504,61.478306888754702,5.5393905934212899,-,36.311205697448301,1.1855680812156999,45.11,177.32740999999999,73.950603287995804,18.398969476777602,1398.3216802350901,1272.35882643337,0,309.57635679644102,0
0:05:54,,-,4.7066250351138699,61.929276777814003,5.3919377200569398,-,35.907109391371201,1.14560596602242,46.15,176.8468,74.340450600901207,18.5339338511017,1408.5789726837299,1281.6921270370899,0,311.84723285573898,0
0:05:55,,-,4.6158833564746198,60.735307322034501,5.4885131039783799,-,37.103749547693297,1.18904934984541,48.78,179.55918,74.727950761581695,18.176607687047699,1381.4221842156301,1256.9816616317601,0,305.83495416831101,0
0:05:56,,-,4.4236305906831301,58.205665666883199,5.3208122385389096,-,37.588683456120599,1.20281568034759,46.15,174.12395000000001,75.103687951602097,17.419547156989001,1323.88558393117,1204.6280421108199,0,293.09684722891001,0
0:05:57,,-,4.4236305906831301,58.205665666883199,5.3208122385389096,-,37.588683456120599,1.20281568034759,46.15,174.12395000000001,75.471433947138493,17.419547156989001,1323.88558393117,1204.6280421108199,0,293.09684722891001,0
0:05:58,,-,4.63455975460825,60.981049402740098,5.4618165010877,-,37.0558864473022,1.17849737413719,44.77,179.34862000000001,75.847947441880095,18.250152344844601,1387.01157820819,1262.06755487175,0,307.07239777901498,0
0:05:59,,-,4.4910329029465101,59.092538196664698,5.3386706428109303,-,38.393394955283703,1.1887400422536001,47.24,180.45679999999999,76.227262586750101,17.684966642837399,1344.0574648556401,1222.98281061852,0,297.56272764441002,0
0:06:00,,-,4.7048462829675604,61.905872144310003,5.4468572224615999,-,37.525553308543103,1.1577120472947799,46.51,184.45866000000001,76.609499267315002,18.526929410686101,1408.04663521214,1281.2077433003601,0,311.72937793196201,0
0:06:01,,-,4.28765789347249,56.416551229901202,5.15206316715547,-,37.691383971195698,1.2016031351286101,46.87,169.57566,76.983282445288296,16.884108502569699,1283.19224619529,1167.6004195135899,0,284.087693312309,0
0:06:02,,-,4.28765789347249,56.416551229901202,5.15206316715547,-,37.691383971195698,1.2016031351286101,46.87,169.57566,77.339724735898102,16.884108502569699,1283.19224619529,1167.6004195135899,0,284.087693312309,0
0:06:03,,-,4.6019580616617697,60.552079758707499,5.4401748704705897,-,36.728870132068302,1.1821435131692899,47.24,177.05552,77.709231253490501,18.121772111451001,1377.2546804702799,1253.1895726943201,0,304.91230479180598,0
0:06:04,,-,4.5297960373880501,59.602579439316401,5.3406481167196498,-,36.8074453295118,1.1790041036371099,47.61,174.82391999999999,78.088802505351097,17.837609643764999,1355.65833292614,1233.5386555949899,0,300.13105975547097,0
0:06:05,,-,4.5322538149216296,59.6349186173899,5.2604338092689797,-,36.655060988210003,1.1606661992207801,49.18,174.49064000000001,78.465476424683104,17.847287977154298,1356.3938862637201,1234.2079492164901,0,300.293904918853,0
0:06:06,,-,4.5156337525602899,59.416233586319599,5.3180755469076297,-,36.5939332228414,1.1777030287038599,49.18,173.6054,78.841561673303602,17.781840839532698,1351.4199038044801,1229.6820303424599,0,299.19270811251999,0
0:06:07,,-,4.5156337525602899,59.416233586319599,5.3180755469076297,-,36.5939332228414,1.1777030287038599,49.18,173.6054,79.2169560910271,17.781840839532698,1351.4199038044801,1229.6820303424599,0,299.19270811251999,0
0:06:08,,-,4.5836453464051399,60.311122979015003,5.2911492406219001,-,35.458240705177502,1.1543539782744401,48,170.68799999999999,79.595177484328005,18.049659578443102,1371.7741279616801,1248.20271633887,0,303.69895774668402,0
0:06:09,,-,4.5817606916434004,60.286324890044803,5.3635706709750002,-,36.265294322999999,1.17063527144871,47.61,174.2526,79.976147515489302,18.0422381105281,1371.2100964001299,1247.68949356198,0,303.57408602481303,0
0:06:10,,-,4.5744038116413703,60.189523837386503,5.3780071531352602,-,36.190945709403202,1.17567389644281,48,173.71199999999999,80.356733412246598,18.013267898052899,1369.0083602520201,1245.68609301322,0,303.08664063581898,0
0:06:11,,-,4.5274907819452004,59.572247130857903,5.2629239475628804,-,35.974410074894202,1.1624372530034599,47.61,170.96751,80.735063521414801,17.828531917885201,1354.9684257592801,1232.91089627066,0,299.97832026050099,0
0:06:12,,-,4.5274907819452004,59.572247130857903,5.2629239475628804,-,35.974410074894202,1.1624372530034599,47.61,170.96751,81.111443639681298,17.828531917885201,1354.9684257592801,1232.91089627066,0,299.97832026050099,0
0:06:13,,-,4.4623918613166103,58.715682385744898,5.1630901244505196,-,35.245044560832497,1.15702302373041,45.8,165.06319999999999,81.485117850788001,17.572182818539702,1335.48589420902,1215.18337954141,0,295.66505584949198,0
0:06:14,,-,4.45277847578887,58.589190470906203,5.2480832245976403,-,38.0205754498053,1.17860864921376,50.84,177.94,81.855686563950997,17.5343268495328,1332.6088405645,1212.5654950800099,0,295.028100992703,0
0:06:15,,-,4.4375717212883696,58.389101595899596,5.3162536512637502,-,36.868136511492899,1.1980096289509099,41.95,170.73650000000001,82.225223601105199,17.474445091394099,1328.05782694595,1208.4244433974,0,294.02054583878299,0
0:06:16,,-,4.4375717212883696,58.389101595899596,5.3162536512637502,-,36.868136511492899,1.1980096289509099,41.95,170.73650000000001,82.594128553034594,17.474445091394099,1328.05782694595,1208.4244433974,0,294.02054583878299,0
0:06:17,,-,4.4507554412943602,58.562571595978397,5.2026092467539504,-,36.604994848384599,1.1689272338991801,49.58,171.34848,82.963581500568495,17.526360464443702,1332.0033952977201,1212.0145892047799,0,294.894060633766,0
0:06:18,,-,4.5329194160804196,59.643676527373998,5.2944899491365902,-,37.242274680888499,1.16800884003243,49.99,177.31452999999999,83.336997678329695,17.849909007671101,1356.5930845830001,1234.3892034610101,0,300.33800570827401,0
0:06:19,,-,4.3486578766846398,57.2191825879558,5.1660539797561897,-,36.577954511627198,1.18796514378701,47.61,167.15871000000001,83.706170060212202,17.124316644356501,1301.4480649710999,1184.2117275419801,0,288.12937409780602,0
0:06:20,,-,4.2928810051114201,56.485276383044997,4.9698927306033802,-,35.920469217850503,1.15770568172886,46.87,162.17019999999999,84.065364985501205,16.904676277756899,1284.7553971095299,1169.02275951653,0,284.43376143954401,0
0:06:21,,-,4.2928810051114201,56.485276383044997,4.9698927306033802,-,35.920469217850503,1.15770568172886,46.87,162.17019999999999,84.422241484698304,16.904676277756899,1284.7553971095299,1169.02275951653,0,284.43376143954401,0
0:06:22,,-,4.6269821941418696,60.881344659761503,5.2658948909008201,-,34.317214404030899,1.1380841053522699,46.51,166.69184000000001,84.793005261760399,18.220313128125799,1384.74379773756,1260.0040593692499,0,306.57033074677702,0
0:06:23,,-,4.5171128333469097,59.435695175617198,5.2070275160937003,-,35.870166625867903,1.15273355087648,46.87,169.99749,85.173089477680904,17.787665222238999,1351.86255689016,1230.0848085934001,0,299.290707686958,0
0:06:24,,-,4.7768374167406602,62.853123904482402,5.5110144528902696,-,37.417832010275397,1.15369521130793,50.42,187.31030000000001,85.559402588271894,18.8104189390131,1429.5918393649999,1300.8121240795999,0,316.49930026267702,0
0:06:25,,-,4.7768374167406602,62.853123904482402,5.5110144528902696,-,37.417832010275397,1.15369521130793,50.42,187.31030000000001,85.956511432539898,18.8104189390131,1429.5918393649999,1300.8121240795999,0,316.49930026267702,0
0:06:26,,-,3.0412432119247401,40.016358051641298,3.3434952145190402,-,28.404594430752098,1.0993843574920901,27.52,91.063680000000005,86.281478423457798,11.9759275689914,910.17049524334504,828.18101124442398,0,201.50389567990899,0
0:06:27,,-,5.7154427853660303,75.203194544289801,6.33561238203822,-,31.3803088816178,1.1085077079697301,53.57,188.45926,86.645459563345,22.506496209798001,1710.4937119446499,1556.4099468054101,0,378.688551534162,0
0:06:28,,-,5.7154358617572996,75.203103444174999,6.3356048863516499,-,31.380346895338199,1.10850773932116,53.57,188.45926,87.120596417764503,22.506468945738199,1710.4916398761,1556.40806139182,0,378.68809279606302,0
0:06:29,,-,4.9864509068164198,65.611196142321305,5.57986722617746,-,33.661484518086603,1.1190057478656501,49.18,176.21194,87.565431935010906,19.635843214450102,1492.32408429821,1357.8933570111701,0,330.387678104906,0
0:06:30,,-,4.5563711107899696,59.952251457762699,5.1265139230999601,-,35.0794516323514,1.12513089878913,49.18,168.19560000000001,87.962089670229901,17.9422580168231,1363.6116092785601,1240.77548922855,0,301.89184652762702,0
0:06:31,,-,4.4242888421877504,58.214326870891398,5.1277144471510097,-,35.456798955836099,1.15899179055756,49.58,165.29972000000001,88.335380530223702,17.422139245747498,1324.08258267681,1204.8072949225,0,293.14046105170399,0
0:06:32,,-,4.4070363406455604,57.987320271652202,5.0991978163719898,-,36.211037909577001,1.1570582637004201,51.28,168.30096,88.702464128717196,17.3542016641549,1318.91932647577,1200.1091523610401,0,291.997360671786,0
0:06:33,,-,4.4219859372877597,58.1840254906284,5.0795286283823602,-,36.064766433385898,1.1486985034371,53.57,168.58479,89.069452004473604,17.413070775928201,1323.39337897054,1204.18017569002,0,292.98787729684102,0
0:06:34,,-,4.4219859372877597,58.1840254906284,5.0795286283823602,-,36.064766433385898,1.1486985034371,53.57,168.58479,89.437061276409906,17.413070775928201,1323.39337897054,1204.18017569002,0,292.98787729684102,0
0:06:35,,-,4.56953205628745,60.125421793255903,5.2140954855763901,-,36.236944606212397,1.1410567693473199,50.84,174.22868,89.810803462623994,17.9940837075141,1367.5503617710699,1244.3594331592101,0,302.76385235017199,0
0:06:36,,-,4.3932531529145402,57.805962538349199,5.0283969586255903,-,36.441414693753799,1.14457254877054,47.24,168.12716,90.1833513395284,17.299925683434498,1314.7943519410201,1196.35576154097,0,291.08412689561197,0
0:06:37,,-,4.34031220301486,57.109371092300698,4.9358311086097899,-,36.330179172472803,1.1372064675857401,47.61,165.77802,90.546371444910093,17.091452721145199,1298.95040680703,1181.9390620635199,0,287.57641412737598,0
0:06:38,,-,4.28511803974824,56.383132101950501,4.8372892097693798,-,35.553746381500197,1.1288578669010401,48,160.512,90.9048967971667,16.874106966316901,1282.43212944009,1166.9087751829099,0,283.91941002017199,0
0:06:39,,-,4.6422758421600898,61.082576870527603,5.2487697239446298,-,35.613290898946701,1.1306458087381399,51.28,174.04432,91.275973595211596,18.2805370589886,1389.3208164831401,1264.16877359917,0,307.58364321147798,0
0:06:40,,-,4.6422758421600898,61.082576870527603,5.2487697239446298,-,35.613290898946701,1.1306458087381399,51.28,174.04432,91.661896044234695,18.2805370589886,1389.3208164831401,1264.16877359917,0,307.58364321147798,0
0:06:41,,-,4.3793518764307997,57.623051005668401,4.9338584645101697,-,35.318262693715802,1.1266184138031199,49.18,163.0317,92.036889773787905,17.245184688162201,1310.6340363003301,1192.5702131932601,0,290.16306890346902,0
0:06:42,,-,4.5105346250036797,59.34913980268,5.1300970439758,-,35.924513050350001,1.13735897637004,51.72,170.83116000000001,92.406407536930402,17.761761293758902,1349.89385832568,1228.2934532632801,0,298.85485480858301,0
0:06:43,,-,4.38033708782873,57.636014313535902,4.9461712094012604,-,36.531818622963698,1.12917593103617,51.72,168.81407999999999,92.775966251452004,17.2490642924949,1310.92888622961,1192.8385026114199,0,290.22834613416597,0
0:06:44,,-,4.5220651802359404,59.500857634683399,5.1538436445960301,-,36.917282999288801,1.1397101632062601,52.63,175.88946000000001,93.146004245993197,17.807166769306001,1353.3446744672599,1231.43341486024,0,299.61883573241801,0
0:06:45,,-,4.3353536636004799,57.044127152637998,5.0403869563058601,-,37.021634785546901,1.1626241703473501,50.84,169.14467999999999,93.5141724557744,17.071926788907401,1297.4664359569699,1180.5887694692301,0,287.24787578326698,0
0:06:46,,-,4.3353536636004799,57.044127152637998,5.0403869563058601,-,37.021634785546901,1.1626241703473501,50.84,169.14467999999999,93.874579799095699,17.071926788907401,1297.4664359569699,1180.5887694692301,0,287.24787578326698,0
0:06:47,,-,4.5694837591350996,60.124786304409199,5.1162233448297201,-,35.8578843118623,1.1196501868732101,48.78,172.14462,94.244719013478999,17.993893521081102,1367.53590760216,1244.34628104289,0,302.76065232187102,0
0:06:48,,-,4.4249386239857502,58.2228766313915,5.00814509668312,-,37.432022017698699,1.13179990102824,51.28,174.352,94.618581923790998,17.424697982161,1324.27704664423,1204.98424129248,0,293.183513696467,0
0:06:49,,-,4.3839559840461204,57.6836313690278,4.84928806030495,-,36.660577931183298,1.10614433127345,48.38,168.94296,94.984733171143006,17.263314924870901,1312.0119342901901,1193.82398812509,0,290.46812363140901,0
0:06:50,,-,4.2762628408973002,56.266616327595997,4.8513052454635002,-,36.846481580383298,1.13447311962834,49.58,165.99384000000001,95.344704548505504,16.8392366147344,1279.78198271981,1164.4973575394899,0,283.33269039890399,0
0:06:51,,-,4.4009789789042797,57.9076181434774,4.9424441978764104,-,36.666023803680098,1.1230329028081201,51.72,170.15880000000001,95.705383505090794,17.330348745983699,1317.1065046947599,1198.45963220669,0,291.59601756853698,0
0:06:52,,-,4.4899631758686303,59.078462840376702,5.0901449008377897,-,39.689503681848002,1.1336718590911501,57.69,188.01170999999999,96.074945147608005,17.680754229323998,1343.7373214286299,1222.6915061777499,0,297.49185065152,0
0:06:53,,-,4.4899631758686303,59.078462840376702,5.0901449008377897,-,39.689503681848002,1.1336718590911501,57.69,188.01170999999999,96.4482055146715,17.680754229323998,1343.7373214286299,1222.6915061777499,0,297.49185065152,0
0:06:54,,-,4.5292337638784996,59.595181103664501,5.2358763829266097,-,39.240966411899997,1.15601813814154,52.63,186.67860999999999,96.823098206268696,17.835395500944099,1355.4900580717499,1233.3855391846,0,300.09380515440301,0
0:06:55,,-,4.2832445281804201,56.358480633952901,4.77964044659557,-,37.6802209022052,1.1158925004512901,53.09,170.41890000000001,97.189398413329698,16.866729378510801,1281.8714327668199,1166.3985868827001,0,283.79527661379501,0
0:06:56,,-,4.3936355385075903,57.810993927731502,5.03483385965274,-,37.619164937869002,1.1459379858719301,54.05,174.4734,97.5500623332549,17.301431456517001,1314.90879069529,1196.4598914855601,0,291.10946264855397,0
0:06:57,,-,4.2083179915917297,55.372605152522802,4.6475387021266199,-,36.273447088598601,1.10436965823696,56.6,162.2722,97.907611850516503,16.5716807051054,1259.4477335880099,1145.99484718909,0,278.83086306303898,0
0:06:58,,-,4.2684570151450298,56.1639080940136,4.7508394395025499,-,36.607738919608302,1.11301095984942,55.04,165.61536000000001,98.2599581868445,16.808498525962399,1277.4458879731401,1162.3717016104399,0,282.81549917528997,0
0:06:59,,-,4.2193576933182202,55.517864385766003,4.7272040770667996,-,36.6945708929075,1.1203610645650699,55.04,164.18432000000001,98.612763400334302,16.615153278341602,1262.75164915396,1149.0011412282599,0,279.56232146673,0
0:07:00,,-,4.2867460964370201,56.404553900487201,4.7203432710697397,-,36.1363366327558,1.10114832203221,54.05,164.0958,98.966328819301296,16.880517992211399,1282.91936740807,1167.352122045,0,284.02728030292002,0
0:07:01,,-,4.39983565605531,57.892574421780402,5.0041995657834502,-,37.701283176726598,1.1373605645693601,54.05,175.06795,99.327396000307203,17.325846524137901,1316.7643358344801,1198.1482864157499,0,291.52026433473299,0
0:07:02,,-,4.0753302902735298,53.622766977283298,4.4816437928042401,-,37.748302356537302,1.09970075394881,55.04,163.1936,99.679675454296103,16.047996485340001,1219.64773288584,1109.7800885243,0,270.01948625895398,0
0:07:03,,-,4.0753302902735298,53.622766977283298,4.4816437928042401,-,37.748302356537302,1.09970075394881,55.04,163.1936,100.018466491209,16.047996485340001,1219.64773288584,1109.7800885243,0,270.01948625895398,0
0:07:04,,-,3.8957581753570101,51.259975991539598,4.3932886763202301,-,37.562072236834801,1.12771082766646,42.85,153.61725000000001,100.34979341862901,15.340870322848801,1165.9061445365101,1060.8796207354301,0,258.12156222273097,0
0:07:05,,-,4.1519953736228397,54.631518073984701,4.7349641870880799,-,38.394320237621898,1.1404069034297999,48.78,167.70563999999999,100.684307013292,16.349891276806201,1242.5917370372699,1130.6572633607,0,275.09909084202002,0
0:07:06,,-,4.1778197309401497,54.971312249212502,4.8554826205513502,-,38.381378404739301,1.1622049138675199,47.61,168.44417999999999,101.03054480207901,16.451583450432899,1250.3203422329,1137.68966454254,0,276.81013735828202,0
0:07:07,,-,4.1778197309401497,54.971312249212502,4.8554826205513502,-,38.381378404739301,1.1622049138675199,47.61,168.44417999999999,101.37785600825499,16.451583450432899,1250.3203422329,1137.68966454254,0,276.81013735828202,0
0:07:08,,-,4.1240785485573497,54.264191428386098,4.7004318843595998,-,36.9929544754593,1.1397532391820899,46.87,160.52975000000001,101.722933403965,16.239959301083399,1234.23690688234,1123.0550484760699,0,273.24940352215901,0
0:07:09,,-,3.7718449397585201,49.629538681033097,4.2124352851008098,-,33.910731231753402,1.1168103016903199,40.26,134.75022000000001,102.051136017674,14.8529198923971,1128.82191182218,1027.1359897222401,0,249.91143302244399,0
0:07:10,,-,3.7718449397585201,49.629538681033097,4.2124352851008098,-,33.910731231753402,1.1168103016903199,40.26,134.75022000000001,102.364697659847,14.8529198923971,1128.82191182218,1027.1359897222401,0,249.91143302244399,0
0:07:11,,-,4.0192645757477097,52.885060207206699,4.4906921924005498,-,32.354177623603803,1.1172920089653799,40,136.84,102.688543567228,15.8272187015599,1202.8686213185599,1094.5124637680599,0,266.30473570998998,0
0:07:12,,-,4.0300322393147203,53.026739990983202,4.4601895336483599,-,31.977300018302898,1.1067379288277801,39.47,135.57945000000001,103.02312130941699,15.869620032193501,1206.0911224467,1097.44467730057,0,267.01816965950599,0
0:07:13,,-,4.0300322393147203,53.026739990983202,4.4601895336483599,-,31.977300018302898,1.1067379288277801,39.47,135.57945000000001,103.35814662120799,15.869620032193501,1206.0911224467,1097.44467730057,0,267.01816965950599,0
0:07:14,,-,4.1494886601735104,54.5985350022831,4.7180666551386299,-,32.572774881218301,1.1370236290611599,40.54,142.05215999999999,103.69813726854299,16.340020241636299,1241.8415383643601,1129.9746436770099,0,274.93300332773902,0
0:07:15,,-,4.2236311305392498,55.574093822884798,4.8144670952570099,-,33.044059882706001,1.13988815463682,39.47,146.27582000000001,104.046175063524,16.631981388118898,1264.03058549704,1150.1648691226001,0,279.84546693980599,0
0:07:16,,-,3.77417085836912,49.660142873277898,4.4482892484426602,-,34.145353995893799,1.17861363869595,41.95,136.00190000000001,104.378612367478,14.862078986514501,1129.51800297511,1027.7693759701599,0,250.06554159857899,0
0:07:17,,-,3.77417085836912,49.660142873277898,4.4482892484426602,-,34.145353995893799,1.17861363869595,41.95,136.00190000000001,104.692367368305,14.862078986514501,1129.51800297511,1027.7693759701599,0,250.06554159857899,0
0:07:18,,-,3.9477232020444699,51.943726342690397,4.6952918216006401,-,34.673684803714401,1.18936703038577,39.21,143.54781,105.01333626031099,15.545500256189699,1181.4580194704199,1075.0305601218599,0,261.56461316833702,0
0:07:19,,-,3.7144967590925302,48.874957356480699,4.4794163311770303,-,36.784659904611402,1.2059281840028799,42.25,143.81899999999999,105.331824733734,14.627091962826601,1111.6589891748199,1011.5191281471,0,246.111710011459,0
0:07:20,,-,3.7144967590925302,48.874957356480699,4.4794163311770303,-,36.784659904611402,1.2059281840028799,42.25,143.81899999999999,105.64061889739401,14.627091962826601,1111.6589891748199,1011.5191281471,0,246.111710011459,0
0:07:21,,-,3.5016657879509698,46.074549841460097,4.2712301662132202,-,37.189360117717598,1.2197709389943101,40.81,137.16240999999999,105.940566511171,13.7889977634429,1047.96383002166,953.56172171112996,0,232.01015126791501,0
0:07:22,,-,3.5057412761214302,46.128174685808297,4.4420211693523699,-,36.876651702897099,1.2670704480128601,40,136.08000000000001,106.231836977147,13.805046381635,1049.18352500426,954.67154479304997,0,232.280181214854,0
