t,Marker,P,V'O2,V'O2/kg,V'CO2,HF,V'E/V'O2,RER,AF,V'E,W,EU/kg,EU,EUKH,EUFett,CHO,Fett
0:00:08,,-,2.0077415883344898,30.888332128222999,1.9899857354214701,-,24.974050590641198,0.99115630566393897,27.52,54.104320000000001,0,9.2441303083396402,600.86847004207698,546.74136301384897,0,133.02709562380801,0
0:00:09,,-,2.0077415883344898,30.888332128222999,1.9899857354214701,-,24.974050590641198,0.99115630566393897,27.52,54.104320000000001,0.16690790834502101,9.2441303083396402,600.86847004207698,546.74136301384897,0,133.02709562380801,0
0:00:10,,-,1.5729382376487,24.19904980998,1.56654257623531,-,23.223848925312002,0.99593393989649004,22.22,39.72936,0.31574274438182398,7.2421899911216201,470.74234942290502,428.33719288648598,0,104.218295106201,0
0:00:11,,-,1.5729382376487,24.19904980998,1.56654257623531,-,23.223848925312002,0.99593393989649004,22.22,39.72936,0.44650450811040898,7.2421899911216201,470.74234942290502,428.33719288648598,0,104.218295106201,0
0:00:12,,-,1.5729382376487,24.19904980998,1.56654257623531,-,23.223848925312002,0.99593393989649004,22.22,39.72936,0.57726627183899404,7.2421899911216201,470.74234942290502,428.33719288648598,0,104.218295106201,0
0:00:13,,-,1.2342766189624701,18.988871060960999,1.2831650345699901,-,26.952596759034702,1.0396089619267199,16.04,35.576720000000002,0.69395119850346498,5.6829095778659502,369.38912256128702,336.114012335354,0,81.779565045098295,0
0:00:14,,-,1.2342766189624701,18.988871060960999,1.2831650345699901,-,26.952596759034702,1.0396089619267199,16.04,35.576720000000002,0.79655928810382204,5.6829095778659502,369.38912256128702,336.114012335354,0,81.779565045098295,0
0:00:15,,-,1.2342766189624701,18.988871060960999,1.2831650345699901,-,26.952596759034702,1.0396089619267199,16.04,35.576720000000002,0.89916737770417998,5.6829095778659502,369.38912256128702,336.114012335354,0,81.779565045098295,0
0:00:16,,-,1.2342766189624701,18.988871060960999,1.2831650345699901,-,26.952596759034702,1.0396089619267199,16.04,35.576720000000002,1.00177546730454,5.6829095778659502,369.38912256128702,336.114012335354,0,81.779565045098295,0
0:00:17,,-,1.72893986594856,26.599074860746999,1.6159393329437,-,18.431398701375201,0.93464172165243997,17.489999999999998,34.385339999999999,1.1241293861475199,7.8701398939721896,511.55909310819197,388.23688338149702,76.711374092614605,94.461528803283997,8.2574137882254703
0:00:18,,-,1.7289364427104701,26.5990221955457,1.61593614397749,-,18.4314351949469,0.93464172774574195,17.489999999999998,34.385339999999999,1.26622899366187,7.8701243230021296,511.55808099513803,388.23612531190298,76.711212336914997,94.461344358127207,8.2573963764171197
0:00:19,,-,2.1619187815854799,33.260288947468901,1.9606357332815501,-,20.015719539780999,0.90689611005816295,23.34,46.633319999999998,1.42552430362094,9.7748946263098802,635.368150710142,424.96474002429397,152.119809869329,103.39774696454801,16.374575873985901
0:00:20,,-,2.1619187815854799,33.260288947468901,1.9606357332815501,-,20.015719539780999,0.90689611005816295,23.34,46.633319999999998,1.6020154565959801,9.7748946263098802,635.368150710142,424.96474002429397,152.119809869329,103.39774696454801,16.374575873985901
0:00:21,,-,2.1619187815854799,33.260288947468901,1.9606357332815501,-,20.015719539780999,0.90689611005816295,23.34,46.633319999999998,1.77850660957102,9.7748946263098802,635.368150710142,424.96474002429397,152.119809869329,103.39774696454801,16.374575873985901
0:00:22,,-,2.0553019688051899,31.620030289310598,1.90846159663787,-,22.354510771334201,0.92855532938905305,20.97,48.964950000000002,1.9510891664741301,9.3419424460352491,607.22625899229104,448.90543783237803,102.9115243225,109.22273426578499,11.0776667731432
0:00:23,,-,2.0553019688051899,31.620030289310598,1.90846159663787,-,22.354510771334201,0.92855532938905305,20.97,48.964950000000002,2.1197631273053301,9.3419424460352491,607.22625899229104,448.90543783237803,102.9115243225,109.22273426578499,11.0776667731432
0:00:24,,-,1.9184794621846,29.5150686489939,1.76468340009478,-,22.669369600900701,0.91983439743749396,26.78,47.34704,2.28265611991133,8.7015890426295606,565.60328777092195,402.14709229685002,111.735523957144,97.846007858114405,12.027505269875601
0:00:25,,-,1.9184794621846,29.5150686489939,1.76468340009478,-,22.669369600900701,0.91983439743749396,26.78,47.34704,2.43976814429214,8.7015890426295606,565.60328777092195,402.14709229685002,111.735523957144,97.846007858114405,12.027505269875601
0:00:26,,-,1.9184749307523099,29.514998934650901,1.76467924933208,-,22.6694231458868,0.91983440650959303,26.78,47.34704,2.5968799832976299,8.7015685087483092,565.60195306864,402.14615998273899,111.735243732764,97.845781017698101,12.0274751057873
0:00:27,,-,2.1393603543737298,32.913236221134298,2.0243657496888101,-,22.7798930181944,0.94624813699579402,22.72,52.006079999999997,2.76359896662118,9.7657650286296498,634.77472686092699,505.44096867658402,71.658314518711293,122.97833787751399,7.7134891839301796
0:00:28,,-,2.1393642609224601,32.913296321883998,2.02436937675472,-,22.779851421368701,0.94624810451018804,22.72,52.006079999999997,2.9399254399351,9.7657827846045695,634.77588099929699,505.44182153507597,71.658510481160803,122.978545385663,7.7135102778429303
0:00:29,,-,1.73695846116907,26.7224378641396,1.6791609068820501,-,23.354427239841399,0.96672484945430603,24.69,44.121029999999998,3.1000230993767799,7.96811179970382,517.92726698074796,446.24267334977901,24.857583084620298,108.57485969581001,2.6757355311754898
0:00:30,,-,1.73695846116907,26.7224378641396,1.6791609068820501,-,23.354427239841399,0.96672484945430603,24.69,44.121029999999998,3.2438917846492101,7.96811179970382,517.92726698074796,446.24267334977901,24.857583084620298,108.57485969581001,2.6757355311754898
0:00:31,,-,1.6405607162428999,25.239395634506199,1.5435015860724499,-,25.8834370344102,0.94083783110890695,29.55,46.71855,3.3833453340672701,7.4790505973742896,486.13828882932899,378.643479922903,63.266604445089897,92.127367377835299,6.8101834709461704
0:00:32,,-,1.6405607162428999,25.239395634506199,1.5435015860724499,-,25.8834370344102,0.94083783110890695,29.55,46.71855,3.5183837476309798,7.4790505973742896,486.13828882932899,378.643479922903,63.266604445089897,92.127367377835299,6.8101834709461704
0:00:33,,-,2.0085614214919798,30.9009449460304,1.8458636120741101,-,23.9300523676776,0.91899784209884405,35.29,53.146740000000001,3.6681308214546999,9.1083175800225398,592.040642701465,419.335168381985,118.556265245194,102.02802150413299,12.7617077766624
0:00:34,,-,2.0085614214919798,30.9009449460304,1.8458636120741101,-,23.9300523676776,0.91899784209884405,35.29,53.146740000000001,3.8325865555384402,9.1083175800225398,592.040642701465,419.335168381985,118.556265245194,102.02802150413299,12.7617077766624
0:00:35,,-,2.0085614214919798,30.9009449460304,1.8458636120741101,-,23.9300523676776,0.91899784209884405,35.29,53.146740000000001,3.99704228962218,9.1083175800225398,592.040642701465,419.335168381985,118.556265245194,102.02802150413299,12.7617077766624
0:00:36,,-,1.5840635981670801,24.3702092025705,1.4995881777953399,-,23.484568449805501,0.94667169899649894,20.61,40.168889999999998,4.1445561851962003,7.23168316048418,470.05940543147199,374.92438130720001,52.429936768565398,91.222477203698404,5.6436960999532104
0:00:37,,-,1.5840635981670801,24.3702092025705,1.4995881777953399,-,23.484568449805501,0.94667169899649894,20.61,40.168889999999998,4.2751282422605001,7.23168316048418,470.05940543147199,374.92438130720001,52.429936768565398,91.222477203698404,5.6436960999532104
0:00:38,,-,1.58408120850143,24.370480130791201,1.49960451040827,-,23.484307370322799,0.94667148524974898,20.61,40.168889999999998,4.4057010217501,7.2317631829791402,470.064606893644,374.92820791506398,52.4308368623484,91.223408251840397,5.6437929884121001
0:00:39,,-,1.77739757878093,27.344578135091201,1.6648861455049799,-,22.943701784476399,0.93669878106106197,24.39,44.29224,4.5440654007432402,8.0947526439540702,526.15892185701398,402.80574182852001,75.4359632226234,98.006263218618102,8.1201252123383707
0:00:40,,-,1.77739757878093,27.344578135091201,1.6648861455049799,-,22.943701784476399,0.93669878106106197,24.39,44.29224,4.6902206568146401,8.0947526439540702,526.15892185701398,402.80574182852001,75.4359632226234,98.006263218618102,8.1201252123383707
0:00:41,,-,1.7683863304018399,27.205943544643699,1.6548001161127399,-,22.080751998986099,0.93576843909255503,22.3,42.258499999999998,4.8359890322911001,8.0518981780548096,523.37338157356203,399.10423250590702,76.594868309086706,97.105652677836204,8.2448727996863997
0:00:42,,-,1.7683863304018399,27.205943544643699,1.6548001161127399,-,22.080751998986099,0.93576843909255503,22.3,42.258499999999998,4.9813705271726496,8.0518981780548096,523.37338157356203,399.10423250590702,76.594868309086706,97.105652677836204,8.2448727996863997
0:00:43,,-,1.7683863304018399,27.205943544643699,1.6548001161127399,-,22.080751998986099,0.93576843909255503,22.3,42.258499999999998,5.1267520220541902,8.0518981780548096,523.37338157356203,399.10423250590702,76.594868309086706,97.105652677836204,8.2448727996863997
0:00:44,,-,1.95450812964355,30.069355840669999,1.82525045990882,-,22.563221575365201,0.93386690606484901,23.52,47.486879999999999,5.2797471719085403,8.8952568827340794,578.19169737771597,437.36130856495998,88.138413244069099,106.413943689771,9.4874502953788102
0:00:45,,-,1.95450812964355,30.069355840669999,1.82525045990882,-,22.563221575365201,0.93386690606484901,23.52,47.486879999999999,5.4403559767356802,8.8952568827340794,578.19169737771597,437.36130856495998,88.138413244069099,106.413943689771,9.4874502953788102
0:00:46,,-,1.9545122045165599,30.069418531023899,1.8252542069923501,-,22.563174534337598,0.93386687623361597,23.52,47.486879999999999,5.6009649484055197,8.89527536377107,578.19289864511995,437.36216159565703,88.138651625460099,106.41415123981901,9.4874759553778407
0:00:47,,-,1.7642650461596701,27.1425391716873,1.6605348526831101,-,22.2780132075704,0.94120486958444705,21.12,42.345599999999997,5.7538863702586998,8.0437129030427297,522.84133869777702,407.84770425706,67.430460208289503,99.233018067411194,7.2583918415812203
0:00:48,,-,1.7642613986328399,27.142483055889901,1.66053146486943,-,22.278059266306901,0.94120489523616102,21.12,42.345599999999997,5.8991199257716103,8.0436963230031093,522.84026099520202,407.84690669763199,67.430278399547504,99.232824014022299,7.2583722712107104
0:00:49,,-,1.6517668618394801,25.411797874453601,1.5289465642815701,-,21.7357551053043,0.92564307930168199,23.62,39.30368,6.0394671014608798,7.50245236873059,487.659403967488,355.91634248509598,87.212748300689299,86.597650239682693,9.3878092896328607
0:00:50,,-,1.6517668618394801,25.411797874453601,1.5289465642815701,-,21.7357551053043,0.92564307930168199,23.62,39.30368,6.1749280470074002,7.50245236873059,487.659403967488,355.91634248509598,87.212748300689299,86.597650239682693,9.3878092896328607
0:00:51,,-,1.6517668618394801,25.411797874453601,1.5289465642815701,-,21.7357551053043,0.92564307930168199,23.62,39.30368,6.3103889925539303,7.50245236873059,487.659403967488,355.91634248509598,87.212748300689299,86.597650239682693,9.3878092896328607
0:00:52,,-,1.67691162791954,25.7986404295313,1.5487293751123901,-,21.386601060482899,0.92356052002205202,20.47,38.811120000000003,6.4468462186043602,7.6128095937791196,494.83262359564299,357.81220801365203,91.812219622582703,87.058931390182806,9.8829084631413
0:00:53,,-,1.67691162791954,25.7986404295313,1.5487293751123901,-,21.386601060482899,0.92356052002205202,20.47,38.811120000000003,6.5842997251587096,7.6128095937791196,494.83262359564299,357.81220801365203,91.812219622582703,87.058931390182806,9.8829084631413
0:00:54,,-,1.67691162791954,25.7986404295313,1.5487293751123901,-,21.386601060482899,0.92356052002205202,20.47,38.811120000000003,6.7217532317130502,7.6128095937791196,494.83262359564299,357.81220801365203,91.812219622582703,87.058931390182806,9.8829084631413
0:00:55,,-,1.77489262437835,27.306040375051499,1.6243629339213901,-,20.726605933632001,0.91518941011449295,18.75,39.487499999999997,6.86307444439164,8.0412324260028996,522.68010769018804,363.73367129042401,111.096751160623,88.499676712998607,11.958746088333999
0:00:56,,-,1.77489262437835,27.306040375051499,1.6243629339213901,-,20.726605933632001,0.91518941011449295,18.75,39.487499999999997,7.0082633631944704,8.0412324260028996,522.68010769018804,363.73367129042401,111.096751160623,88.499676712998607,11.958746088333999
0:00:57,,-,1.77489262437835,27.306040375051499,1.6243629339213901,-,20.726605933632001,0.91518941011449295,18.75,39.487499999999997,7.1534522819972999,8.0412324260028996,522.68010769018804,363.73367129042401,111.096751160623,88.499676712998607,11.958746088333999
0:00:58,,-,2.0205980205969598,31.086123393799301,1.82495516003786,-,20.605429469687099,0.90317576352900897,21.81,44.775930000000002,7.3084490024814697,9.1276350737825496,593.29627979586598,389.60373216204698,149.218841476942,94.794095416556402,16.062308016893599
0:00:59,,-,2.0205980205969598,31.086123393799301,1.82495516003786,-,20.605429469687099,0.90317576352900897,21.81,44.775930000000002,7.4732535246469904,9.1276350737825496,593.29627979586598,389.60373216204698,149.218841476942,94.794095416556402,16.062308016893599
0:01:00,,-,2.0206021031678998,31.086186202583001,1.82495881349185,-,20.605387836984001,0.90317574678888402,21.81,44.775930000000002,7.6380582129675103,9.1276534786435608,593.29747611183097,389.60448523190399,149.21917466020301,94.794278645232197,16.0623438816149
0:01:01,,-,1.96835923145892,30.282449714752701,1.79687500532142,-,21.4029529400356,0.91287960886570196,23.34,45.489660000000001,7.8009227553569698,8.9127266014202498,579.32722909231597,398.79579225770698,127.46604664186199,97.030606388736501,13.720780047563199
0:01:02,,-,1.96835923145892,30.282449714752701,1.79687500532142,-,21.4029529400356,0.91287960886570196,23.34,45.489660000000001,7.9618469856603902,8.9127266014202498,579.32722909231597,398.79579225770698,127.46604664186199,97.030606388736501,13.720780047563199
0:01:03,,-,2.2207669382600299,34.165645204000498,2.0222471085966101,-,21.068181083719601,0.91060753551249995,26.08,50.543039999999998,8.1330388302683492,10.0500623397688,653.25405208497295,444.84535235206999,148.538599690963,108.234878917779,15.989085004409301
0:01:04,,-,2.2207669382600299,34.165645204000498,2.0222471085966101,-,21.068181083719601,0.91060753551249995,26.08,50.543039999999998,8.3144982891808397,10.0500623397688,653.25405208497295,444.84535235206999,148.538599690963,108.234878917779,15.989085004409301
0:01:05,,-,2.3672183894845902,36.418744453609101,2.13841275090408,-,22.347870494330799,0.90334409381200897,33.89,57.782449999999997,8.5017698165613904,10.6938606931532,695.10094505495999,456.83959654118399,174.44303450798299,111.153186506371,18.777506405595599
0:01:06,,-,2.3672126939540199,36.418656830061899,2.1384076480791299,-,22.347924263466101,0.90334411163843897,33.89,57.782449999999997,8.6948531805505205,10.693835010259001,695.099275666832,456.83853994552999,174.44257526245701,111.152929427136,18.777456971201001
0:01:07,,-,1.3312614854412399,20.4809459298652,1.2376157928885101,-,23.292185899693902,0.929656424694285,24.59,34.548949999999998,8.8460361460572603,6.0525857843337798,393.41807598169498,292.24373559322601,65.284595750161799,71.105531774507597,7.0274053552380797
0:01:08,,-,1.3312655709826,20.481008784347601,1.23761954244784,-,23.292114417946902,0.92965638819485596,24.59,34.548949999999998,8.9553191121475297,6.0526043056652599,393.41927986824197,292.24458345992701,65.284841627080297,71.105738068108806,7.0274318220753802
0:01:09,,-,1.5131250535540599,23.2788469777547,1.43208717204319,-,24.011254003535701,0.94644336810065499,25.97,40.071710000000003,9.0723195862948192,6.9074482152649299,448.98413399222102,357.785821421668,50.405671626777902,87.052511294809804,5.4257988833991204
0:01:10,,-,1.51312091614932,23.278783325374199,1.4320832759279201,-,24.0113196587487,0.94644338112275195,25.97,40.071710000000003,9.1970372309781592,6.9074293496588997,448.982907727829,357.78486298514503,50.405515340030703,87.052278098575499,5.4257820602831801
0:01:11,,-,1.51312091614932,23.278783325374199,1.4320832759279201,-,24.0113196587487,0.94644338112275195,25.97,40.071710000000003,9.3217547053470007,6.9074293496588997,448.982907727829,357.78486298514503,50.405515340030703,87.052278098575499,5.4257820602831801
0:01:12,,-,1.37203802107484,21.1082772473052,1.2944121336961301,-,24.219102888977002,0.94342293275670497,26.31,37.018169999999998,9.4406166026053793,6.2588115774236304,406.82275253253601,320.24539340873298,49.588311706041701,77.918587204071301,5.3378161147515204
0:01:13,,-,1.37203802107484,21.1082772473052,1.2944121336961301,-,24.219102888977002,0.94342293275670497,26.31,37.018169999999998,9.5536229227533092,6.2588115774236304,406.82275253253601,320.24539340873298,49.588311706041701,77.918587204071301,5.3378161147515204
0:01:14,,-,1.28137951356071,19.713530977857101,1.2348388511824,-,24.1295413831626,0.96367925202035898,26.54,34.740859999999998,9.6631542303178506,5.8738871066487599,381.80266193216897,325.26365867715401,21.9940366730292,79.139576320475399,2.3674958743841898
0:01:15,,-,1.28137951356071,19.713530977857101,1.2348388511824,-,24.1295413831626,0.96367925202035898,26.54,34.740859999999998,9.7692105252990107,5.8738871066487599,381.80266193216897,325.26365867715401,21.9940366730292,79.139576320475399,2.3674958743841898
0:01:16,,-,1.1891037375511599,18.293903654633201,1.1523042207849501,-,24.457983842430501,0.96905272803027698,26.78,32.939399999999999,9.87151174282711,5.4579400656947596,354.76610427015902,308.28494269430797,14.423876094462001,75.008501872094399,1.55262390683121
0:01:17,,-,1.1891037375511599,18.293903654633201,1.1523042207849501,-,24.457983842430501,0.96905272803027698,26.78,32.939399999999999,9.9700578829021609,5.4579400656947596,354.76610427015902,308.28494269430797,14.423876094462001,75.008501872094399,1.55262390683121
0:01:18,,-,1.16471370185497,17.918672336230401,1.1444049816845201,-,25.498334872081699,0.98256333712043498,26.54,33.520020000000002,10.0677435397305,5.3626249983632102,348.57062489360902,317.17087526256,0,77.170529260963505,0
0:01:19,,-,1.16471370185497,17.918672336230401,1.1444049816845201,-,25.498334872081699,0.98256333712043498,26.54,33.520020000000002,10.164568713312001,5.3626249983632102,348.57062489360902,317.17087526256,0,77.170529260963505,0
0:01:20,,-,1.16471370185497,17.918672336230401,1.1444049816845201,-,25.498334872081699,0.98256333712043498,26.54,33.520020000000002,10.2613938868936,5.3626249983632102,348.57062489360902,317.17087526256,0,77.170529260963505,0
0:01:21,,-,1.2117841153675799,18.6428325441167,1.1946631693869201,-,25.257221655126099,0.98587129030365905,27.9,34.623899999999999,10.3601755932057,5.5793486239065597,362.65766055392601,329.98893023090801,0,80.289277428444805,0
0:01:22,,-,1.2117841153675799,18.6428325441167,1.1946631693869201,-,25.257221655126099,0.98587129030365905,27.9,34.623899999999999,10.460913832248499,5.5793486239065597,362.65766055392601,329.98893023090801,0,80.289277428444805,0
0:01:23,,-,1.0664702391915999,16.407234449101502,1.06673076594528,-,25.3621704629122,1.00024428881755,23.52,30.43488,10.5556119426046,4.9102882155424101,319.16873401025703,290.417549537843,0,70.661204267114996,0
0:01:24,,-,1.0664871864083301,16.4074951755128,1.0667474592711299,-,25.361767440536301,1.0002440468728699,23.52,30.43488,10.6442706287036,4.9103662446477401,319.17380590210303,290.422164546283,0,70.662327140214899,0
0:01:25,,-,1.0664871864083301,16.4074951755128,1.0667474592711299,-,25.361767440536301,1.0002440468728699,23.52,30.43488,10.732930019231899,4.9103662446477401,319.17380590210303,290.422164546283,0,70.662327140214899,0
0:01:26,,-,0.93744324208472696,14.422203724380401,0.94766321778214302,-,26.008806619352001,1.0109019674350499,22.98,27.690899999999999,10.8162255584169,4.3162165573769302,280.55407622950003,255.28135637749,0,62.112252159973103,0
0:01:27,,-,0.93744324208472696,14.422203724380401,0.94766321778214302,-,26.008806619352001,1.0109019674350499,22.98,27.690899999999999,10.8941572462584,4.3162165573769302,280.55407622950003,255.28135637749,0,62.112252159973103,0
0:01:28,,-,0.93744324208472696,14.422203724380401,0.94766321778214302,-,26.008806619352001,1.0109019674350499,22.98,27.690899999999999,10.972088934099901,4.3162165573769302,280.55407622950003,255.28135637749,0,62.112252159973103,0
0:01:29,,-,0.73559286749596098,11.316813346091701,0.75759902038382199,-,25.601662049970098,1.02991621297631,17.8,21.395600000000002,11.0416304924504,3.38684836760227,220.14514389414799,200.31414866075099,0,48.738235683880902,0
0:01:30,,-,0.73559286749596098,11.316813346091701,0.75759902038382199,-,25.601662049970098,1.02991621297631,17.8,21.395600000000002,11.1027819213099,3.38684836760227,220.14514389414799,200.31414866075099,0,48.738235683880902,0
0:01:31,,-,0.73559286749596098,11.316813346091701,0.75759902038382199,-,25.601662049970098,1.02991621297631,17.8,21.395600000000002,11.163933350169399,3.38684836760227,220.14514389414799,200.31414866075099,0,48.738235683880902,0
0:01:32,,-,0.779462139819462,11.991725227991701,0.80528814472785004,-,26.553425679910401,1.0331331101140699,20.97,23.71707,11.226908252858101,3.5888331609874,233.27415546418101,212.26047974436,0,51.644885582569501,0
0:01:33,,-,0.779462139819462,11.991725227991701,0.80528814472785004,-,26.553425679910401,1.0331331101140699,20.97,23.71707,11.2917066293759,3.5888331609874,233.27415546418101,212.26047974436,0,51.644885582569501,0
0:01:34,,-,0.779462139819462,11.991725227991701,0.80528814472785004,-,26.553425679910401,1.0331331101140699,20.97,23.71707,11.3565050058937,3.5888331609874,233.27415546418101,212.26047974436,0,51.644885582569501,0
0:01:35,,-,0.85901238997254703,13.2155752303469,0.871729605327349,-,27.516599615932702,1.0148044609172699,23.9,27.078700000000001,11.424609974738599,3.9551018495222401,257.081620218946,233.923333395198,0,56.915652894208698,0
0:01:36,,-,0.85901238997254703,13.2155752303469,0.871729605327349,-,27.516599615932702,1.0148044609172699,23.9,27.078700000000001,11.496021535910501,3.9551018495222401,257.081620218946,233.923333395198,0,56.915652894208698,0
0:01:37,,-,0.97305270735909399,14.9700416516784,1.0212321932562101,-,28.924846297779499,1.0495137473363401,23.07,31.467479999999998,11.5721733064183,4.4801711913393598,291.21112743705902,264.97840488882298,0,64.471631359810999,0
0:01:38,,-,0.97305270735909399,14.9700416516784,1.0212321932562101,-,28.924846297779499,1.0495137473363401,23.07,31.467479999999998,11.653065286261899,4.4801711913393598,291.21112743705902,264.97840488882298,0,64.471631359810999,0
0:01:39,,-,1.17614530620563,18.0945431723943,1.24965878323466,-,30.505295400742899,1.0625037371157799,28.43,39.972580000000001,11.742399029993599,5.4152588835528501,351.99182743093502,320.28389089187601,0,77.927953988291094,0
0:01:40,,-,1.17614530620563,18.0945431723943,1.24965878323466,-,30.505295400742899,1.0625037371157799,28.43,39.972580000000001,11.840174537613301,5.4152588835528501,351.99182743093502,320.28389089187601,0,77.927953988291094,0
0:01:41,,-,0.88071800034386805,13.549507697597999,0.93987866914004203,-,31.025299800085101,1.0671732254513699,27.27,31.25142,11.9256702892186,4.0550397558047901,263.57758412731101,239.834131412441,0,58.353803263367602,0
0:01:42,,-,0.88071800034386805,13.549507697597999,0.93987866914004203,-,31.025299800085101,1.0671732254513699,27.27,31.25142,11.998886284809499,4.0550397558047901,263.57758412731101,239.834131412441,0,58.353803263367602,0
0:01:43,,-,0.88071800034386805,13.549507697597999,0.93987866914004203,-,31.025299800085101,1.0671732254513699,27.27,31.25142,12.072102280400401,4.0550397558047901,263.57758412731101,239.834131412441,0,58.353803263367602,0
0:01:44,,-,0.68165730177005102,10.4870354118469,0.74152476476205498,-,32.004175622194602,1.08782633566243,26.54,25.637640000000001,12.137044102406101,3.13851591250882,204.003534313073,185.626598783194,0,45.164622574986502,0
0:01:45,,-,0.68165730177005102,10.4870354118469,0.74152476476205498,-,32.004175622194602,1.08782633566243,26.54,25.637640000000001,12.193711750826401,3.13851591250882,204.003534313073,185.626598783194,0,45.164622574986502,0
0:01:46,,-,0.66124652568970799,10.173023472149399,0.72420982967452996,-,32.757223151240098,1.0952191074563999,27.77,25.659479999999999,12.249531003227199,3.04453973804628,197.89508297300799,180.06840563763399,0,43.812264145409699,0
0:01:47,,-,0.66124652568970799,10.173023472149399,0.72420982967452996,-,32.757223151240098,1.0952191074563999,27.77,25.659479999999999,12.3045018596086,3.04453973804628,197.89508297300799,180.06840563763399,0,43.812264145409699,0
0:01:48,,-,0.66124652568970799,10.173023472149399,0.72420982967452996,-,32.757223151240098,1.0952191074563999,27.77,25.659479999999999,12.35947271599,3.04453973804628,197.89508297300799,180.06840563763399,0,43.812264145409699,0
0:01:49,,-,0.66124652568970799,10.173023472149399,0.72420982967452996,-,32.757223151240098,1.0952191074563999,27.77,25.659479999999999,12.4144435723714,3.04453973804628,197.89508297300799,180.06840563763399,0,43.812264145409699,0
0:01:50,,-,0.50562512209288502,7.7788480321982396,0.57758717931626602,-,32.252649813954903,1.1423229465448901,15.91,18.598790000000001,12.462945856522399,2.3280209679145498,151.32136291444601,137.690114122919,0,33.5012443121459,0
0:01:51,,-,0.50562512209288502,7.7788480321982396,0.57758717931626602,-,32.252649813954903,1.1423229465448901,15.91,18.598790000000001,12.504979568443099,2.3280209679145498,151.32136291444601,137.690114122919,0,33.5012443121459,0
0:01:52,,-,0.40382721671391297,6.2127264109832696,0.44473929394454298,-,32.092933471548001,1.1013108466624599,24,16.416,12.5427819401456,1.8593186668281501,120.85571334383,109.96885464299601,0,26.7564123218968,0
0:01:53,,-,0.40382721671391297,6.2127264109832696,0.44473929394454298,-,32.092933471548001,1.1013108466624599,24,16.416,12.57635297163,1.8593186668281501,120.85571334383,109.96885464299601,0,26.7564123218968,0
0:01:54,,-,0.40382444344239798,6.21268374526767,0.44473625842513098,-,32.093153870336799,1.10131089300583,24,16.416,12.609923887840401,1.8593058980119801,120.85488337077901,109.96809943512601,0,26.7562285730234,0
0:01:55,,-,0.54192474800178703,8.3373038154121097,0.60117580729815201,-,31.6976850814412,1.1093344777385401,18.12,19.787040000000001,12.649234977544401,2.4951532692005101,162.184962498033,147.57510483170299,0,35.906351540560401,0
0:01:56,,-,0.54192697051993599,8.3373380079990103,0.60117821791360504,-,31.697555084810201,1.10933437643235,18.12,19.787040000000001,12.694286448397399,2.4951635022143099,162.18562764392999,147.575710060289,0,35.906498798123899,0
0:01:57,,-,0.54192697051993599,8.3373380079990103,0.60117821791360504,-,31.697555084810201,1.10933437643235,18.12,19.787040000000001,12.739338011631901,2.4951635022143099,162.18562764392999,147.575710060289,0,35.906498798123899,0
0:01:58,,-,0.54676207409084898,8.4117242167823001,0.60219016905732903,-,30.071434686356898,1.1013751640668299,20.76,19.431360000000002,12.7845905511842,2.5174254943569001,163.63265713319799,148.892389025368,0,36.226858643641897,0
0:01:59,,-,0.54676207409084898,8.4117242167823001,0.60219016905732903,-,30.071434686356898,1.1013751640668299,20.76,19.431360000000002,12.830044067054599,2.5174254943569001,163.63265713319799,148.892389025368,0,36.226858643641897,0
0:02:00,,-,0.54676207409084898,8.4117242167823001,0.60219016905732903,-,30.071434686356898,1.1013751640668299,20.76,19.431360000000002,12.875497582924901,2.5174254943569001,163.63265713319799,148.892389025368,0,36.226858643641897,0
0:02:01,,-,0.46811382098798399,7.20175109212283,0.51327073519107702,-,29.4800097353978,1.09646567176288,20,16.68,12.9176819989527,2.1553098194959301,140.095138267236,127.475164144456,0,31.015855022982102,0
0:02:02,,-,0.46812830577904302,7.2019739350621998,0.51328635668098599,-,29.479097567139199,1.09646511510726,20,16.68,12.956597917214101,2.1553765109948899,140.099473214668,127.479108593509,0,31.016814742946298,0
0:02:03,,-,0.46812830577904302,7.2019739350621998,0.51328635668098599,-,29.479097567139199,1.09646511510726,20,16.68,12.995514437551501,2.1553765109948899,140.099473214668,127.479108593509,0,31.016814742946298,0
0:02:04,,-,0.41692630405974701,6.4142508316884097,0.45581541510537799,-,27.9383907577363,1.0932757436193301,23.25,14.99625,13.0323026912186,1.91963004905422,124.775953188524,113.535953572116,0,27.6243196039213,0
0:02:05,,-,0.41692630405974701,6.4142508316884097,0.45581541510537799,-,27.9383907577363,1.0932757436193301,23.25,14.99625,13.0669626782155,1.91963004905422,124.775953188524,113.535953572116,0,27.6243196039213,0
0:02:06,,-,0.41692630405974701,6.4142508316884097,0.45581541510537799,-,27.9383907577363,1.0932757436193301,23.25,14.99625,13.1016226652123,1.91963004905422,124.775953188524,113.535953572116,0,27.6243196039213,0
0:02:07,,-,0.55391885550526199,8.52182854623479,0.60482262750799498,-,30.774760293095099,1.09189752523644,19.73,19.887840000000001,13.1419768960185,2.55037705563725,165.774508616422,150.84129940708399,0,36.701046084448699,0
0:02:08,,-,0.55391649020807299,8.5217921570472708,0.60482005746981904,-,30.774891705420401,1.09189754802682,19.73,19.887840000000001,13.188025272318001,2.5503661652340499,165.77380074021301,150.84065529739601,0,36.700889366762901,0
0:02:09,,-,0.55391649020807299,8.5217921570472708,0.60482005746981904,-,30.774891705420401,1.09189754802682,19.73,19.887840000000001,13.2340735503014,2.5503661652340499,165.77380074021301,150.84065529739601,0,36.700889366762901,0
0:02:10,,-,0.474827943050802,7.3050452777046404,0.51275665835261197,-,28.157567800447602,1.0798788610841099,19.100000000000001,16.1204,13.276834427142999,2.18622326952128,142.10451251888301,129.303531036588,0,31.460713147588301,0
0:02:11,,-,0.474827943050802,7.3050452777046404,0.51275665835261197,-,28.157567800447602,1.0798788610841099,19.100000000000001,16.1204,13.3163079028427,2.18622326952128,142.10451251888301,129.303531036588,0,31.460713147588301,0
0:02:12,,-,0.47482556461014502,7.30500868630992,0.512754113003839,-,28.157708844041402,1.07987890968936,19.100000000000001,16.1204,13.355781279679899,2.1862123186023501,142.10380070915301,129.30288334771501,0,31.460555559054701,0
0:02:13,,-,0.42197805153062401,6.4919700235480704,0.45825991235424002,-,28.649001899859801,1.0859804454094499,17.91,14.668290000000001,13.393057893522,1.94288952237337,126.287818954269,114.911628267444,0,27.959033641714001,0
0:02:14,,-,0.42197805153062401,6.4919700235480704,0.45825991235424002,-,28.649001899859801,1.0859804454094499,17.91,14.668290000000001,13.4281378432316,1.94288952237337,126.287818954269,114.911628267444,0,27.959033641714001,0
0:02:15,,-,0.42197805153062401,6.4919700235480704,0.45825991235424002,-,28.649001899859801,1.0859804454094499,17.91,14.668290000000001,13.4632177929411,1.94288952237337,126.287818954269,114.911628267444,0,27.959033641714001,0
0:02:16,,-,0.42197805153062401,6.4919700235480704,0.45825991235424002,-,28.649001899859801,1.0859804454094499,17.91,14.668290000000001,13.4982977426506,1.94288952237337,126.287818954269,114.911628267444,0,27.959033641714001,0
0:02:17,,-,0.34797203194243198,5.3534158760374204,0.37388495256014398,-,27.639204065662199,1.0744684004431699,17.91,12.196709999999999,13.530301551982699,1.6021478190338001,104.139608237197,94.758560633654596,0,23.055610859769999,0
0:02:18,,-,0.34796976256006301,5.3533809624625004,0.37388256579592799,-,27.6393843224809,1.07446854877625,17.91,12.196709999999999,13.5592291266082,1.60213737024574,104.138929065973,94.757942643163602,0,23.055460497120102,0
0:02:19,,-,0.34796976256006301,5.3533809624625004,0.37388256579592799,-,27.6393843224809,1.07446854877625,17.91,12.196709999999999,13.588156606904301,1.60213737024574,104.138929065973,94.757942643163602,0,23.055460497120102,0
0:02:20,,-,0.40475061597948497,6.2269325535305402,0.42263737705930499,-,26.1639626523428,1.04419205400475,18.010000000000002,13.18332,13.619444244885401,1.8635702215038901,121.132064397753,110.220311591439,0,26.817594061177399,0
0:02:21,,-,0.40475061597948497,6.2269325535305402,0.42263737705930499,-,26.1639626523428,1.04419205400475,18.010000000000002,13.18332,13.6530920405514,1.8635702215038901,121.132064397753,110.220311591439,0,26.817594061177399,0
0:02:22,,-,0.40475061597948497,6.2269325535305402,0.42263737705930499,-,26.1639626523428,1.04419205400475,18.010000000000002,13.18332,13.6867398362174,1.8635702215038901,121.132064397753,110.220311591439,0,26.817594061177399,0
0:02:23,,-,0.40475061597948497,6.2269325535305402,0.42263737705930499,-,26.1639626523428,1.04419205400475,18.010000000000002,13.18332,13.720387631883501,1.8635702215038901,121.132064397753,110.220311591439,0,26.817594061177399,0
0:02:24,,-,0.46971154842501001,7.2263315142309201,0.485645243166347,-,26.400841200479402,1.0339222971944499,17.54,14.926539999999999,13.756735599081001,2.16266614498667,140.57329942413401,127.910251847834,0,31.121715778061802,0
0:02:25,,-,0.46971154842501001,7.2263315142309201,0.485645243166347,-,26.400841200479402,1.0339222971944499,17.54,14.926539999999999,13.7957837378099,2.16266614498667,140.57329942413401,127.910251847834,0,31.121715778061802,0
0:02:26,,-,0.46971384277259598,7.2263668118860904,0.48564759499236798,-,26.400712243866401,1.0339222538678401,17.54,14.926539999999999,13.834831971905899,2.1626767087206602,140.57398606684299,127.91087663676799,0,31.121867794833999,0
0:02:27,,-,0.40331669553619898,6.2048722390184397,0.41697136359610198,-,26.661777503914099,1.0338559454915399,16.62,13.146420000000001,13.871120432013701,1.85696810323004,120.702926709952,109.829831251653,0,26.722586679234301,0
0:02:28,,-,0.40331669553619898,6.2048722390184397,0.41697136359610198,-,26.661777503914099,1.0338559454915399,16.62,13.146420000000001,13.904649022766501,1.85696810323004,120.702926709952,109.829831251653,0,26.722586679234301,0
0:02:29,,-,0.40331669553619898,6.2048722390184397,0.41697136359610198,-,26.661777503914099,1.0338559454915399,16.62,13.146420000000001,13.938177613519301,1.85696810323004,120.702926709952,109.829831251653,0,26.722586679234301,0
0:02:30,,-,0.38701791384867901,5.9541217515181302,0.39536463645123698,-,27.493843616139198,1.0215667603588501,18.57,13.314690000000001,13.9710287277542,1.7819245504829899,115.825095781394,105.39140243836501,0,25.642676992302899,0
0:02:31,,-,0.38701791384867901,5.9541217515181302,0.39536463645123698,-,27.493843616139198,1.0215667603588501,18.57,13.314690000000001,14.0032023654712,1.7819245504829899,115.825095781394,105.39140243836501,0,25.642676992302899,0
0:02:32,,-,0.38701791384867901,5.9541217515181302,0.39536463645123698,-,27.493843616139198,1.0215667603588501,18.57,13.314690000000001,14.035376003188301,1.7819245504829899,115.825095781394,105.39140243836501,0,25.642676992302899,0
0:02:33,,-,0.46040420918238301,7.0831416797289597,0.46657628852391703,-,26.9941928247592,1.0134057839143,19.48,15.233359999999999,14.0706000217727,2.1198128927142301,137.78783802642499,125.375708870235,0,30.505038654558401,0
0:02:34,,-,0.46041677481485499,7.0833349971516197,0.46658898587161501,-,26.9934561028922,1.0134057041237099,19.48,15.233359999999999,14.108874943528599,2.1198707479405501,137.79159861613601,125.37913070054699,0,30.505871216678099,0
0:02:35,,-,0.46041677481485499,7.0833349971516197,0.46658898587161501,-,26.9934561028922,1.0134057041237099,19.48,15.233359999999999,14.147150387588701,2.1198707479405501,137.79159861613601,125.37913070054699,0,30.505871216678099,0
0:02:36,,-,0.46041677481485499,7.0833349971516197,0.46658898587161501,-,26.9934561028922,1.0134057041237099,19.48,15.233359999999999,14.185425831648701,2.1198707479405501,137.79159861613601,125.37913070054699,0,30.505871216678099,0
0:02:37,,-,0.41671814333969798,6.4110483590722804,0.42039452082253798,-,26.637141140628,1.0088222160268201,17.29,13.58994,14.2218848947513,1.9186716265000401,124.71365572250301,113.47926795257899,0,27.6105274823794,0
0:02:38,,-,0.41671814333969798,6.4110483590722804,0.42039452082253798,-,26.637141140628,1.0088222160268201,17.29,13.58994,14.256527576896399,1.9186716265000401,124.71365572250301,113.47926795257899,0,27.6105274823794,0
0:02:39,,-,0.111568953501194,1.7164454384799099,0.112172479243317,-,37.168135667380099,1.0054094416339301,29.41,8.38185,14.2784864023876,0.51369058175742599,33.389887814232701,30.3820780830033,0,7.3922331102197703,0
0:02:40,,-,0.111571506611817,1.71648471710488,0.112175000239341,-,37.167285142323202,1.00540903001,29.41,8.38185,14.287761477347701,0.51370233689933598,33.390651898456802,30.3827733374075,0,7.3924022718753104,0
0:02:41,,-,0.111571506611817,1.71648471710488,0.112175000239341,-,37.167285142323202,1.00540903001,29.41,8.38185,14.297036658430599,0.51370233689933598,33.390651898456802,30.3827733374075,0,7.3924022718753104,0
0:02:42,,-,0.111571506611817,1.71648471710488,0.112175000239341,-,37.167285142323202,1.00540903001,29.41,8.38185,14.3063118395135,0.51370233689933598,33.390651898456802,30.3827733374075,0,7.3924022718753104,0
0:02:43,,-,0.57919064059589198,8.9106252399368095,0.58490952014525499,-,25.878353256156402,1.00987391568254,15.5,17.220500000000001,14.335024116487901,2.6667344971822802,173.33774231684799,157.723225998895,0,38.375480778319996,0
0:02:44,,-,0.57918843182999002,8.9105912589229206,0.584907277528534,-,25.878451944633401,1.0098738948919901,15.5,17.220500000000001,14.383173397543899,2.6667243274871701,173.33708128666601,157.72262451527499,0,38.375334431940303,0
0:02:45,,-,0.57918843182999002,8.9105912589229206,0.584907277528534,-,25.878451944633401,1.0098738948919901,15.5,17.220500000000001,14.4313225867902,2.6667243274871701,173.33708128666601,157.72262451527499,0,38.375334431940303,0
0:02:46,,-,0.57918843182999002,8.9105912589229206,0.584907277528534,-,25.878451944633401,1.0098738948919901,15.5,17.220500000000001,14.479471776036499,2.6667243274871701,173.33708128666601,157.72262451527499,0,38.375334431940303,0
0:02:47,,-,0.57918843182999002,8.9105912589229206,0.584907277528534,-,25.878451944633401,1.0098738948919901,15.5,17.220500000000001,14.5276209652828,2.6667243274871701,173.33708128666601,157.72262451527499,0,38.375334431940303,0
0:02:48,,-,0.57918843182999002,8.9105912589229206,0.584907277528534,-,25.878451944633401,1.0098738948919901,15.5,17.220500000000001,14.575770154529099,2.6667243274871701,173.33708128666601,157.72262451527499,0,38.375334431940303,0
0:02:49,,-,0.57918843182999002,8.9105912589229206,0.584907277528534,-,25.878451944633401,1.0098738948919901,15.5,17.220500000000001,14.6239193437754,2.6667243274871701,173.33708128666601,157.72262451527499,0,38.375334431940303,0
0:02:50,,-,0.57918622306408796,8.9105572779090405,0.584905034911813,-,25.878550633863199,1.0098738741012701,15.5,17.220500000000001,14.672068441212,2.6667141577920499,173.336420256483,157.722023031654,0,38.375188085560602,0
0:02:51,,-,0.57918622306408796,8.9105572779090405,0.584905034911813,-,25.878550633863199,1.0098738741012701,15.5,17.220500000000001,14.720217446838801,2.6667141577920499,173.336420256483,157.722023031654,0,38.375188085560602,0
0:02:52,,-,0.57918622306408796,8.9105572779090405,0.584905034911813,-,25.878550633863199,1.0098738741012701,15.5,17.220500000000001,14.7683664524656,2.6667141577920499,173.336420256483,157.722023031654,0,38.375188085560602,0
0:02:53,,-,0.44852157668710402,6.9003319490323598,0.47908712599345599,-,30.058353267149801,1.06814733313861,6.19,14.37318,14.811084240512301,2.0651023643122199,134.23165368029399,122.139870790071,0,29.717730119238801,0
0:02:54,,-,0.44852262436993401,6.9003480672297499,0.47908816860685399,-,30.058283055261001,1.06814716265396,6.19,14.37318,14.8483708545272,2.06510718809864,134.231967226411,122.140156091498,0,29.7177995356442,0
0:02:55,,-,0.44852262436993401,6.9003480672297499,0.47908816860685399,-,30.058283055261001,1.06814716265396,6.19,14.37318,14.8856575120901,2.06510718809864,134.231967226411,122.140156091498,0,29.7177995356442,0
0:02:56,,-,0.79775766885569799,12.2731949054723,0.77916307149453701,-,22.849344746690502,0.97669142135877796,15.66,20.483280000000001,14.937418329478399,3.6683987379931402,238.44591796955399,212.97136073397101,3.9676486893688199,51.817849327000197,0.42708812587393202
0:02:57,,-,0.79775766885569799,12.2731949054723,0.77916307149453701,-,22.849344746690502,0.97669142135877796,15.66,20.483280000000001,15.003653306692099,3.6683987379931402,238.44591796955399,212.97136073397101,3.9676486893688199,51.817849327000197,0.42708812587393202
0:02:58,,-,0.797760297999627,12.2732353538404,0.77916561513784999,-,22.8492694430985,0.976691391000026,15.66,20.483280000000001,15.069888392809,3.66841080109978,238.44670207148599,212.972038189931,3.9676844557229001,51.818014158134098,0.427091975858224
0:02:59,,-,0.797760297999627,12.2732353538404,0.77916561513784999,-,22.8492694430985,0.976691391000026,15.66,20.483280000000001,15.1361235878288,3.66841080109978,238.44670207148599,212.972038189931,3.9676844557229001,51.818014158134098,0.427091975858224
0:03:00,,-,0.71346672104809705,10.9764110930476,0.68344270338229995,-,23.766714690056201,0.95791812458794001,17.59,19.489719999999998,15.1987261022552,3.2660215661322001,212.291401798593,176.959796730861,16.097113041652001,43.055911613348201,1.73273552655027
0:03:01,,-,0.71346672104809705,10.9764110930476,0.68344270338229995,-,23.766714690056201,0.95791812458794001,17.59,19.489719999999998,15.257695936088201,3.2660215661322001,212.291401798593,176.959796730861,16.097113041652001,43.055911613348201,1.73273552655027
0:03:02,,-,1.2631042904373,19.432373699035399,1.2137124226463401,-,23.323774784899602,0.96089644523822004,25.64,33.152520000000003,15.339417701960301,5.7862355766258702,376.10531248068202,317.079566855184,24.9734644387405,77.148313103451102,2.6882093044930602
0:03:03,,-,1.96354249788256,30.2083461212702,1.8152440180943099,-,25.6786191561287,0.92447401574033805,57.69,58.72842,15.472146481309601,8.9160292128423393,579.54189883475203,420.78135069930698,105.82501322653,102.379890681096,11.391282370993499
0:03:04,,-,1.9445299069075399,29.915844721654501,1.87902759505684,-,28.6708421413088,0.96631457730836801,47.61,62.607149999999997,15.6331611669883,8.9194436623359898,579.763838051839,498.76530268415701,28.575564701380301,121.35408824432101,3.07594883760822
0:03:05,,-,1.9445299069075399,29.915844721654501,1.87902759505684,-,28.6708421413088,0.96631457730836801,47.61,62.607149999999997,15.7942066775583,8.9194436623359898,579.763838051839,498.76530268415701,28.575564701380301,121.35408824432101,3.07594883760822
0:03:06,,-,1.8990457516230801,29.216088486508902,1.9215490610078401,-,29.79650171758,1.01184979843984,50.84,63.905880000000003,15.953665326809,8.7436682546707303,568.33843655359703,517.14168232644101,0,125.825226843416,0
0:03:07,,-,1.81767227070497,27.964188780076402,1.9165443736249701,-,31.577947754981501,1.05439490083747,50.84,64.719319999999996,16.108154737851599,8.3690049685083796,543.98532295304506,494.98233267265601,0,120.433657584588,0
0:03:08,,-,2.19281761985174,33.735655690026697,2.4062783972430601,-,32.895841107331698,1.0973454314936399,48.38,79.101299999999995,16.27485509485,10.096265345157301,656.25724743522505,597.14063865811795,0,145.289693104165,0
0:03:09,,-,2.19281761985174,33.735655690026697,2.4062783972430601,-,32.895841107331698,1.0973454314936399,48.38,79.101299999999995,16.457148774693099,10.096265345157301,656.25724743522505,597.14063865811795,0,145.289693104165,0
0:03:10,,-,1.4859410117274701,22.860630949653402,1.77275289416378,-,34.925141435909197,1.1930170041560899,38.700000000000003,57.469499999999996,16.610060362536601,6.8416336159622899,444.70618503754901,404.646404114186,0,98.454112923159499,0
0:03:11,,-,1.4859410117274701,22.860630949653402,1.77275289416378,-,34.925141435909197,1.1930170041560899,38.700000000000003,57.469499999999996,16.733589858380299,6.8416336159622899,444.70618503754901,404.646404114186,0,98.454112923159499,0
0:03:12,,-,1.4859410117274701,22.860630949653402,1.77275289416378,-,34.925141435909197,1.1930170041560899,38.700000000000003,57.469499999999996,16.8571193542241,6.8416336159622899,444.70618503754901,404.646404114186,0,98.454112923159499,0
0:03:13,,-,1.18955247001806,18.300807231047099,1.4475845268623699,-,30.2161955070837,1.21691523774517,18.75,38.643749999999997,16.968329139244101,5.4769887247173896,356.00426710662998,323.93488415692002,0,78.816273517498701,0
0:03:14,,-,2.03437923304628,31.298142046865799,2.3657558975453399,-,32.605425243490501,1.1628883440787301,38.700000000000003,71.904600000000002,17.1023353530747,9.3667764995894007,608.84047247331102,553.99523585377005,0,134.79202818826499,0
0:03:15,,-,2.03437923304628,31.298142046865799,2.3657558975453399,-,32.605425243490501,1.1628883440787301,38.700000000000003,71.904600000000002,17.271457706539501,9.3667764995894007,608.84047247331102,553.99523585377005,0,134.79202818826499,0
0:03:16,,-,2.0873323100498302,32.112804769997403,2.35984066909616,-,32.738246646682001,1.13055341391224,39.729999999999997,74.056719999999999,17.442781112015801,9.6105853377847996,624.68804695601204,568.41523774291704,0,138.30054446299701,0
0:03:17,,-,2.1643510370578598,33.2977082624285,2.3453791716510799,-,30.353468025826501,1.08364083805893,41.37,71.652839999999998,17.619506936328602,9.9651982784049107,647.73788809631901,589.388715618069,0,143.40358044235299,0
0:03:18,,-,2.1643510370578598,33.2977082624285,2.3453791716510799,-,30.353468025826501,1.08364083805893,41.37,71.652839999999998,17.799434127466501,9.9651982784049107,647.73788809631901,589.388715618069,0,143.40358044235299,0
0:03:19,,-,2.27229930496858,34.958450845670498,2.3763619112935102,-,29.677208390878,1.04579617046812,40.26,73.232939999999999,17.983848305304001,10.4622183435987,680.04419233391695,618.78482091140802,0,150.55591749669301,0
0:03:20,,-,2.27229930496858,34.958450845670498,2.3763619112935102,-,29.677208390878,1.04579617046812,40.26,73.232939999999999,18.1727494698412,10.4622183435987,680.04419233391695,618.78482091140802,0,150.55591749669301,0
0:03:21,,-,2.27229930496858,34.958450845670498,2.3763619112935102,-,29.677208390878,1.04579617046812,40.26,73.232939999999999,18.3616506343784,10.4622183435987,680.04419233391695,618.78482091140802,0,150.55591749669301,0
0:03:22,,-,1.5457018053592799,23.780027774758199,1.5439821514483301,-,20.6911190043968,0.99888746076054602,21.35,35.056699999999999,18.520349986696999,7.1167868363129898,462.591144360344,420.92026024930198,0,102.413688625134,0
0:03:23,,-,3.3405298539717001,51.3927669841799,3.3007404996266998,-,23.983231254391001,0.98808890921968895,37.97,85.584379999999996,18.723451499034802,15.380611453404001,999.73974447126204,909.68173203206902,0,221.33375475232799,0
0:03:24,,-,3.3405298539717001,51.3927669841799,3.3007404996266998,-,23.983231254391001,0.98808890921968895,37.97,85.584379999999996,19.001156983610102,15.380611453404001,999.73974447126204,909.68173203206902,0,221.33375475232799,0
0:03:25,,-,3.2811893570011801,50.479836261556699,3.3433982456320299,-,25.9282506260943,1.0189592497909601,32.25,89.719499999999996,19.276395916143301,15.1073933810464,981.98056976801502,893.522329654749,0,217.40202667998801,0
0:03:26,,-,3.28119426960121,50.479911840018602,3.3434032286635902,-,25.928211806349399,1.01895924287041,32.25,89.719499999999996,19.549168500832,15.107415999851,981.98203999031796,893.52366743728498,0,217.40235217452201,0
0:03:27,,-,3.0902868681201898,47.542874894156803,3.1996737449345298,-,26.508568134915901,1.03539699758711,36.36,87.154920000000004,19.814006016759301,14.228431918248701,924.84807468616498,841.53641295113903,0,204.75338514626199,0
0:03:28,,-,3.0413068945027102,46.789336838503203,3.2063754443771502,-,25.4668412911563,1.05427553206577,34.090000000000003,82.361440000000002,20.068872354062599,14.002916213812499,910.18955389781297,828.198353067536,0,201.50811510158999,0
0:03:29,,-,3.0413068945027102,46.789336838503203,3.2063754443771502,-,25.4668412911563,1.05427553206577,34.090000000000003,82.361440000000002,20.3217027857009,14.002916213812499,910.18955389781297,828.198353067536,0,201.50811510158999,0
0:03:30,,-,3.3738340861187801,51.905139786442803,3.6372968495278899,-,26.918875582432101,1.0780900176724999,36.14,96.023979999999995,20.588355070296501,15.5339522336995,1009.70689519047,918.75102729597302,0,223.54039593575999,0
0:03:31,,-,3.3738340861187801,51.905139786442803,3.6372968495278899,-,26.918875582432101,1.0780900176724999,36.14,96.023979999999995,20.868829207849402,15.5339522336995,1009.70689519047,918.75102729597302,0,223.54039593575999,0
0:03:32,,-,3.20907676178579,49.370411719781302,3.52701512383,-,26.460647813468601,1.09907471389599,32.25,89.558250000000001,21.142455028729302,14.7753694637669,960.39901514485098,873.88487290851504,0,212.624056668739,0
0:03:33,,-,3.20907676178579,49.370411719781302,3.52701512383,-,26.460647813468601,1.09907471389599,32.25,89.558250000000001,21.409232532936201,14.7753694637669,960.39901514485098,873.88487290851504,0,212.624056668739,0
0:03:34,,-,3.3427794545962701,51.427376224558003,3.6867948531522599,-,27.707792649212202,1.1029129810173299,38.21,98.123279999999994,21.681567534414398,15.3909691615056,1000.41299549786,910.29433562551003,0,221.48280672153501,0
0:03:35,,-,3.5021475839011802,53.879193598479802,3.98433601414684,-,29.0115986165324,1.13768364087858,41.95,107.6437,21.966084342107099,16.124738767539899,1048.10801989009,953.69292274618499,0,232.04207366087201,0
0:03:36,,-,3.5021475839011802,53.879193598479802,3.98433601414684,-,29.0115986165324,1.13768364087858,41.95,107.6437,22.257225458743299,16.124738767539899,1048.10801989009,953.69292274618499,0,232.04207366087201,0
0:03:37,,-,3.4610108560427402,53.246320862196001,3.9444423271372999,-,26.552132837015598,1.13967927036418,33.14,96.669380000000004,22.546656682721199,15.9353352730904,1035.7967927508801,942.49070888064796,0,229.316474180206,0
0:03:38,,-,3.4610108560427402,53.246320862196001,3.9444423271372999,-,26.552132837015598,1.13967927036418,33.14,96.669380000000004,22.834378014040901,15.9353352730904,1035.7967927508801,942.49070888064796,0,229.316474180206,0
0:03:39,,-,3.4960178721447002,53.784890340687703,3.9747568640488402,-,25.717494385932198,1.13693837085863,33.14,94.680980000000005,23.123554449909101,16.096516084621602,1046.2735455003999,952.02370048167904,0,231.63593685685601,0
0:03:40,,-,3.3225984428364499,51.116899120560703,3.8443691508016702,-,27.6286170535952,1.1570369447112001,33.700000000000003,96.651600000000002,23.406977623875601,15.2980508778251,994.37330705863201,904.79871111851503,0,220.14567180499199,0
0:03:41,,-,3.3225933478787599,51.116820736596402,3.8443633660934,-,27.628659420090301,1.157036977922,33.700000000000003,96.651600000000002,23.683192219614501,15.2980274194015,994.37178226109495,904.79732367696204,0,220.14533422797101,0
0:03:42,,-,3.3225933478787599,51.116820736596402,3.8443633660934,-,27.628659420090301,1.157036977922,33.700000000000003,96.651600000000002,23.9594066035759,15.2980274194015,994.37178226109495,904.79732367696204,0,220.14533422797101,0
0:03:43,,-,3.1308113618418401,48.166328643720703,3.6833199486190402,-,25.8752095342921,1.17647456934364,26.2,84.783199999999994,24.227649361523898,14.4150165379124,936.97607496430703,852.57190529814102,0,207.43841978056901,0
0:03:44,,-,3.9204613810045501,60.314790476993103,4.56828274924551,-,28.186057522567801,1.1652411043709801,42.55,116.62954999999999,24.520743151959099,18.050757171834501,1173.29921616924,1067.6067137064599,0,259.75832450278898,0
0:03:45,,-,3.9204613810045501,60.314790476993103,4.56828274924551,-,28.186057522567801,1.1652411043709801,42.55,116.62954999999999,24.846659600894998,18.050757171834501,1173.29921616924,1067.6067137064599,0,259.75832450278898,0
0:03:46,,-,3.70712872034485,57.032749543766997,4.3027367951444804,-,29.348859510300201,1.16066560395675,40,114.56,25.163708646680199,17.068521745910498,1109.45391348418,1009.51268888666,0,245.62352527656,0
0:03:47,,-,3.6424439326415698,56.037598963716398,4.3833036474476197,-,30.4615093744309,1.20339632634201,41.37,116.91162,25.469201596038602,16.770697259945401,1090.0953218964501,991.89794742758102,0,241.33770010403401,0
0:03:48,,-,3.6424439326415698,56.037598963716398,4.3833036474476197,-,30.4615093744309,1.20339632634201,41.37,116.91162,25.772005852121001,16.770697259945401,1090.0953218964501,991.89794742758102,0,241.33770010403401,0
0:03:49,,-,3.5679053315673799,54.890851254882797,4.2611050117924698,-,29.578766865330099,1.1942875765486101,38.46,111.07248,26.071711830499499,16.427503421986099,1067.7877224290901,971.59984901430198,0,236.39899002781101,0
0:03:50,,-,3.76416344210846,57.9102068016686,4.4921710101621501,-,29.156629803121501,1.1934048771394199,38.96,115.36056000000001,26.376477212151801,17.331123468734798,1126.5230254677599,1025.0441903992701,0,249.402479415881,0
0:03:51,,-,3.76416344210846,57.9102068016686,4.4921710101621501,-,29.156629803121501,1.1934048771394199,38.96,115.36056000000001,26.6894002747818,17.331123468734798,1126.5230254677599,1025.0441903992701,0,249.402479415881,0
0:03:52,,-,3.4430440213595301,52.969908020915803,4.1351063148081,-,29.505141197668099,1.2010030336978701,37.5,106.9875,26.988975660808901,15.852611598886,1030.4197539275899,937.59804154695496,0,228.12604417200799,0
0:03:53,,-,3.66740634705892,56.421636108598697,4.46983058779968,-,30.986552687605499,1.2187988362359301,43.16,119.85532000000001,27.2845292333601,16.885630283709801,1097.5659684411401,998.69562724950401,0,242.991636800366,0
0:03:54,,-,3.66740634705892,56.421636108598697,4.46983058779968,-,30.986552687605499,1.2187988362359301,43.16,119.85532000000001,27.5894086690382,16.885630283709801,1097.5659684411401,998.69562724950401,0,242.991636800366,0
0:03:55,,-,3.7197442375831402,57.226834424355999,4.5696615650860002,-,29.756852334535299,1.2284881091865301,38.46,116.22611999999999,27.896463585835299,17.126606653816701,1113.2294324980801,1012.94810364823,0,246.45939261514201,0
0:03:56,,-,3.94088421280129,60.628987889250602,4.8711425960015404,-,30.8980404967153,1.2360532136870399,44.44,128.16496000000001,28.2148859063897,18.144788853745801,1179.4112754934799,1073.16818982372,0,261.111481708935,0
0:03:57,,-,3.8271692761621598,58.879527325571701,4.7868252547170904,-,31.0804961622398,1.2507482448012499,47.24,125.75288,28.537773465049799,17.621217643982298,1145.3791468588499,1042.2017249089399,0,253.57706202163999,0
0:03:58,,-,3.8271692761621598,58.879527325571701,4.7868252547170904,-,31.0804961622398,1.2507482448012499,47.24,125.75288,28.8559343391772,17.621217643982298,1145.3791468588499,1042.2017249089399,0,253.57706202163999,0
0:03:59,,-,3.6076071935135401,55.501649130977498,4.5173657179077598,-,31.6664187291241,1.2521778219175199,40,120,29.164968877480501,16.6103004449926,1079.6695289245199,982.41132507314796,0,239.029519482518,0
0:04:00,,-,3.8711339506646998,59.555906933303099,4.7651661732881303,-,31.333991937729799,1.2309484078870301,46.51,127.99552,29.475830855107802,17.823641692189799,1158.5367099923401,1054.1740355895799,0,256.49003299016499,0
0:04:01,,-,3.8711398780633401,59.5559981240513,4.7651733445520001,-,31.333943959855901,1.2309483755818,46.51,127.99552,29.797646854262201,17.823668983373999,1158.53848391931,1054.17564971862,0,256.49042572229303,0
0:04:02,,-,3.9088164174859701,60.135637192091899,4.8354554085177304,-,30.545128562674002,1.2370638300858701,42.55,125.52249999999999,30.121029165972701,17.997140929173099,1169.8141603962499,1064.4355968339601,0,258.98676321994202,0
0:04:03,,-,3.7088275568147302,57.058885489457403,4.6130435023394201,-,33.635599954164,1.24380102112411,51.72,132.19631999999999,30.4376647902121,17.076343601965799,1109.96233412777,1009.9753102581,0,245.73608522094801,0
0:04:04,,-,4.0035644785650897,61.593299670232199,5.0400702556381498,-,34.642934001080299,1.2588957371918099,54.54,146.54898,30.758238720254099,18.433384033448501,1198.16996217415,1090.23706668362,0,265.26449311036998,0
0:04:05,,-,3.8118773771990901,58.644267341524497,4.8488497565527302,-,35.060015518704802,1.2720371818769201,51.72,141.09216000000001,31.083096027717598,17.550810024048602,1140.80265156316,1038.03748697577,0,252.56386544422699,0
0:04:06,,-,4.0052285344860801,61.618900530555003,5.0682451887498301,-,33.532356229763302,1.2654072408380499,45.45,140.84954999999999,31.408022503468199,18.441045751402299,1198.6679738411499,1090.69021673423,0,265.374748597137,0
0:04:07,,-,4.0052285344860801,61.618900530555003,5.0682451887498301,-,33.532356229763302,1.2654072408380499,45.45,140.84954999999999,31.740985829535202,18.441045751402299,1198.6679738411499,1090.69021673423,0,265.374748597137,0
0:04:08,,-,3.60524397044122,55.465291852941903,4.51518849188869,-,32.859648603892303,1.2523947141741101,46.15,125.11265,32.057323363880997,16.5994195915227,1078.9622734489701,981.76778020105496,0,238.87293922166799,0
0:04:09,,-,3.8162491767450701,58.711525796078,4.80678002839658,-,31.932715699643801,1.2595561258650201,42.55,127.99039999999999,32.365805766494702,17.570938851841898,1142.11102536972,1039.22800056402,0,252.85352811776499,0
0:04:10,,-,3.8921652179887398,59.879464892134401,4.8562501718434703,-,30.4309563870993,1.24769887706692,41.37,124.39959,32.686214361594097,17.920474759165401,1164.83085934575,1059.9011988009499,0,257.88350335789602,0
0:04:11,,-,3.8921652179887398,59.879464892134401,4.8562501718434703,-,30.4309563870993,1.24769887706692,41.37,124.39959,33.009778489190097,17.920474759165401,1164.83085934575,1059.9011988009499,0,257.88350335789602,0
0:04:12,,-,3.5285027434479801,54.284657591507298,4.3425719015100999,-,29.915158829337699,1.2307123494728101,35.08,110.60724,33.3182265920642,16.246084328424399,1055.9954813475899,960.86987018642503,0,233.78828958307199,0
0:04:13,,-,3.5285027434479801,54.284657591507298,4.3425719015100999,-,29.915158829337699,1.2307123494728101,35.08,110.60724,33.611558670216297,16.246084328424399,1055.9954813475899,960.86987018642503,0,233.78828958307199,0
0:04:14,,-,3.8184248568377401,58.7449977975037,4.6372774298164101,-,29.919863368639,1.2144477379232299,42.55,120.37394999999999,33.916941675093803,17.5809562118462,1142.7621537699999,1039.8204743695401,0,252.99768232835501,0
0:04:15,,-,3.84282745646532,59.120422407158799,4.6323230706683098,-,29.241476822214398,1.2054465424604801,43.47,118.62963000000001,34.235389927186198,17.693311712240401,1150.0652612956201,1046.4657073312801,0,254.614527331213,0
0:04:16,,-,3.84282745646532,59.120422407158799,4.6323230706683098,-,29.241476822214398,1.2054465424604801,43.47,118.62963000000001,34.554852499768302,17.693311712240401,1150.0652612956201,1046.4657073312801,0,254.614527331213,0
0:04:17,,-,4.0741064740558803,62.678561139321303,4.8996213066536196,-,28.308376507692099,1.2026247565827399,39.47,121.01502000000001,34.883928435268899,18.758176527819298,1219.2814743082499,1109.4468230528901,0,269.938399769559,0
0:04:18,,-,4.0741064740558803,62.678561139321303,4.8996213066536196,-,28.308376507692099,1.2026247565827399,39.47,121.01502000000001,35.222617733687798,18.758176527819298,1219.2814743082499,1109.4468230528901,0,269.938399769559,0
0:04:19,,-,3.1328379126591002,48.1975063486015,3.7974040204243802,-,26.612956790105201,1.21212910667351,27.14,87.282240000000002,35.522182184644699,14.4243472704828,937.58257258138201,853.12376872642301,0,207.57269312078401,0
0:04:20,,-,4.1873130452419902,64.420200696030605,4.95429262017662,-,27.922595883500001,1.1831674791561499,40.81,122.79729,35.826452189373398,19.2794070994651,1253.1614614652301,1140.27485161594,0,277.43913664621499,0
0:04:21,,-,4.1873188698834802,64.420290305899599,4.9542994025985401,-,27.9225570426294,1.1831674531002201,40.81,122.79729,36.1745528374435,19.279433917530401,1253.16320463947,1140.2764377625101,0,277.43952256995402,0
0:04:22,,-,4.23436912162542,65.144140332698797,5.0469513002977298,-,29.505552400221799,1.1919015927360599,41.37,130.89467999999999,36.5246094223059,19.496064713380701,1267.2442063697399,1153.0890023460199,0,280.55693487737699,0
0:04:23,,-,3.71387491226151,57.136537111715597,4.3479323628318998,-,28.953218010921599,1.17072665761494,35.29,112.61039,36.854986796172099,17.099582853338401,1111.47288546699,1011.34978893235,0,246.07050825604699,0
0:04:24,,-,3.71387491226151,57.136537111715597,4.3479323628318998,-,28.953218010921599,1.17072665761494,35.29,112.61039,37.1637292643574,17.099582853338401,1111.47288546699,1011.34978893235,0,246.07050825604699,0
0:04:25,,-,3.8549615745747601,59.307101147304003,4.5864236797058497,-,28.3830170245133,1.18974562806421,35.71,114.55768,37.478336152505598,17.7491801415403,1153.69670920012,1049.7700291188401,0,255.418498569062,0
0:04:26,,-,3.7324922646260901,57.422957917324503,4.5312491746491004,-,31.7773732913233,1.2140009552311899,42.85,124.7792,37.7937168910737,17.185301669073599,1117.0446084897901,1016.41960302928,0,247.30403966649101,0
0:04:27,,-,3.7324922646260901,57.422957917324503,4.5312491746491004,-,31.7773732913233,1.2140009552311899,42.85,124.7792,38.104007060098603,17.185301669073599,1117.0446084897901,1016.41960302928,0,247.30403966649101,0
0:04:28,,-,3.94060576197207,60.624704030339501,4.8498888156347002,-,32.194035045137603,1.23074702433759,48,133.77600000000001,38.422947692096997,18.143506798443099,1179.3279418988,1073.0923630406401,0,261.09303236998602,0
0:04:29,,-,3.7083040553029099,57.050831620044796,4.4612399333551096,-,30.148552635570699,1.2030404915086399,40,117.56,38.740882914971003,17.0739332737542,1109.80566279402,1009.8327521062999,0,245.70139953924601,0
0:04:30,,-,3.7083040553029099,57.050831620044796,4.4612399333551096,-,30.148552635570699,1.2030404915086399,40,117.56,39.0491622657471,17.0739332737542,1109.80566279402,1009.8327521062999,0,245.70139953924601,0
0:04:31,,-,3.7964470033359099,58.4068769743985,4.5292929034891198,-,31.2308903287249,1.1930346714992399,41.37,124.52370000000001,39.361105373646403,17.479764832014698,1136.18471408096,1033.83554002862,0,251.54149392423901,0
0:04:32,,-,3.8927199945202999,59.887999915696902,4.6915932324339797,-,31.463963545390602,1.2052223738255601,41.66,128.47944000000001,39.6807139298433,17.9230290851701,1164.9968905360599,1060.05227365979,0,257.92026123109201,0
0:04:33,,-,3.8927199945202999,59.887999915696902,4.6915932324339797,-,31.463963545390602,1.2052223738255601,41.66,128.47944000000001,40.0043241772144,17.9230290851701,1164.9968905360599,1060.05227365979,0,257.92026123109201,0
0:04:34,,-,3.4681975986386799,53.356886132902702,4.2519559488930998,-,31.2732700243415,1.22598434142336,36.36,113.69772,40.310288691301402,15.968424782933401,1037.9476108906699,944.44777818944897,0,229.79264676142299,0
0:04:35,,-,4.1054679589712801,63.161045522635099,4.8991092825935798,-,29.262700671546099,1.19331324262026,37.97,125.60476,40.625096305007801,18.902572427622999,1228.6672077955,1117.9870759959999,0,272.01632019367401,0
0:04:36,,-,4.1054679589712801,63.161045522635099,4.8991092825935798,-,29.262700671546099,1.19331324262026,37.97,125.60476,40.966392751617697,18.902572427622999,1228.6672077955,1117.9870759959999,0,272.01632019367401,0
0:04:37,,-,4.1054732642899303,63.161127142921998,4.8991154479541201,-,29.262662856672801,1.1933132022969,37.97,125.60476,41.3076894187489,18.9025968545997,1228.6687955489799,1117.9885207223399,0,272.01667170859702,0
0:04:38,,-,3.6253309127153899,55.774321734082903,4.2770886403319199,-,27.136783474011999,1.17977882386697,27.02,102.27070000000001,41.629028669404001,16.6919047564251,1084.97380916763,987.23778802555205,0,240.20384136874799,0
0:04:39,,-,3.6159693039607101,55.630296984010997,4.2863790467342504,-,29.482086555112598,1.18540249831192,34.68,111.60024,41.930021157652,16.648801634127501,1082.1721062182901,984.68846655894799,0,239.583568505827,0
0:04:40,,-,3.6159693039607101,55.630296984010997,4.2863790467342504,-,29.482086555112598,1.18540249831192,34.68,111.60024,42.230624520490402,16.648801634127501,1082.1721062182901,984.68846655894799,0,239.583568505827,0
0:04:41,,-,4.2756521958317197,65.779264551257199,5.0638738509403698,-,31.2199762483332,1.1843512098287801,46.87,140.23504,42.558648317385902,19.686142021989099,1279.5992314292901,1164.3310687514299,0,283.29223083976302,0
0:04:42,,-,3.8733032227808999,59.589280350475299,4.6207642162763198,-,30.9763509591325,1.1929776602821101,41.66,125.97984,42.897368477395602,17.8336295483128,1159.1859206403301,1054.76476439674,0,256.633762626943,0
0:04:43,,-,3.8733032227808999,59.589280350475299,4.6207642162763198,-,30.9763509591325,1.1929776602821101,41.66,125.97984,43.219364566462303,17.8336295483128,1159.1859206403301,1054.76476439674,0,256.633762626943,0
0:04:44,,-,3.8373902610953698,59.036773247620999,4.5669995387013698,-,30.678505961078798,1.1901316332099501,38.700000000000003,123.29819999999999,43.5398678943709,17.668277543100402,1148.43804030153,1044.9850687746,0,254.25427464102299,0
0:04:45,,-,3.6751606553485701,56.540933159208798,4.4360683716236302,-,31.603271500789401,1.2070406677780701,40.54,121.98486,43.852135211809802,16.921333003968702,1099.88664525797,1000.80725411829,0,243.50541462732201,0
0:04:46,,-,3.4875211521320399,53.654171571262196,4.2163160600485003,-,32.407542512224097,1.2089721828557001,43.79,119.32774999999999,44.149859840709603,16.057395120326799,1043.73068282124,949.70990257668097,0,231.07296899675899,0
0:04:47,,-,3.4875265995936799,53.654255378364297,4.2163224034742202,-,32.407491892152997,1.20897211334974,43.79,119.32774999999999,44.439785256811902,16.057420201764302,1043.73231311468,949.71138601091195,0,231.07332992966201,0
0:04:48,,-,4.0558537345638301,62.397749762520498,4.8773380162737903,-,32.628523773486499,1.20254287641324,50.84,139.65747999999999,44.753334032396502,18.674136478378099,1213.8188710945799,1104.4762990937299,0,268.72902654348599,0
0:04:49,,-,4.1553098675244904,63.927844115761403,4.9649018098914803,-,31.4348638643927,1.19483310948584,45.8,137.21680000000001,45.094639942944497,19.132056690019802,1243.5836848512899,1131.55985507072,0,275.31869953058902,0
0:04:50,,-,3.8551221197694998,59.309571073376901,4.5792350329446796,-,32.433213816706797,1.18783138138786,45.8,131.6292,45.427602226464401,17.749919330641699,1153.7447564917099,1049.81374824042,0,255.42913582492,0
0:04:51,,-,3.85511652222075,59.309484957242297,4.57922848581177,-,32.4332609090565,1.1878314077972101,45.8,131.6292,45.748086648377203,17.749893558166701,1153.74308128083,1049.81222393498,0,255.42876494768399,0
0:04:52,,-,3.8425856573519299,59.116702420798902,4.6787903230432297,-,31.038652260569901,1.21761510093898,40.54,125.10644000000001,46.068049978648503,17.692198410346499,1149.9928966725199,1046.3998614188399,0,254.598506427942,0
0:04:53,,-,3.9939045602774801,61.444685542730497,4.7454954717983799,-,29.775373498594,1.1881844946912501,40,124.68,46.393782184075398,18.388907421549099,1195.27898240069,1087.60651057926,0,264.624455128774,0
0:04:54,,-,3.9939045602774801,61.444685542730497,4.7454954717983799,-,29.775373498594,1.1881844946912501,40,124.68,46.7258041236311,18.388907421549099,1195.27898240069,1087.60651057926,0,264.624455128774,0
0:04:55,,-,3.7208806675830202,57.2443179628157,4.3739236568558599,-,31.114445837684698,1.1755076412318901,41.66,121.77218000000001,47.046477529311097,17.131839053776002,1113.5695384954399,1013.25757240194,0,246.53468914889001,0
0:04:56,,-,3.9998646404318201,61.536379083566402,4.8487600102666502,-,32.906938567248702,1.21223102433366,46.51,138.32074,47.367398672179498,18.4163490793376,1197.0626901569401,1089.22953934262,0,265.019352638106,0
0:04:57,,-,3.8696423374430098,59.532959037584803,4.6624076011859001,-,33.064815515882103,1.20486783909511,46.51,134.64644999999999,47.694503255014098,17.816773942340401,1158.0903062521299,1053.7678445485301,0,256.39120305317101,0
0:04:58,,-,3.8479793813632299,59.199682790203497,4.6404050118453704,-,34.615777996401498,1.20593292009829,50.84,140.52176,48.015294562513198,17.717032426784399,1151.6071077409799,1047.86866200294,0,254.95587883283099,0
0:04:59,,-,3.8479793813632299,59.199682790203497,4.6404050118453704,-,34.615777996401498,1.20593292009829,50.84,140.52176,48.335185425774498,17.717032426784399,1151.6071077409799,1047.86866200294,0,254.95587883283099,0
0:05:00,,-,3.7383043731815002,57.512374972023103,4.5423348078178103,-,35.0807229450904,1.2150789112851299,50.42,138.40289999999999,48.650517528506299,17.212062029652198,1118.7840319273901,1018.0023366699201,0,247.689133009713,0
0:05:01,,-,3.8693714600598299,59.528791693228101,4.6749888246292404,-,34.779527214975403,1.2082036767172899,52.63,142.15362999999999,48.966738816163797,17.815526757024202,1158.0092392065701,1053.6940801405301,0,256.37325550864398,0
0:05:02,,-,3.8026498697893101,58.502305689066397,4.6321827283534196,-,33.930023646155099,1.2181460000181601,48,135.93600000000001,49.2856346940954,17.5083243369399,1138.0410819010899,1035.5246835314699,0,251.952477744883,0
0:05:03,,-,3.57552450192328,55.008069260358099,4.2687282431936104,-,30.699132376510601,1.1938747003124901,42.25,115.84950000000001,49.5923165048779,16.462583934349102,1070.0679557326901,973.67467558043995,0,236.90381400983901,0
0:05:04,,-,3.57552450192328,55.008069260358099,4.2687282431936104,-,30.699132376510601,1.1938747003124901,42.25,115.84950000000001,49.889557603692502,16.462583934349102,1070.0679557326901,973.67467558043995,0,236.90381400983901,0
0:05:05,,-,3.9645209239082599,60.992629598588699,4.7505375066267401,-,33.245479726228297,1.1982626899452999,49.18,138.88432,50.202967760199698,18.253618017221299,1186.4851711193901,1079.6048586275599,0,262.677581174588,0
0:05:06,,-,3.6373734429003801,55.959591429236703,4.25665569565429,-,29.5421742328212,1.1702553401445901,33.33,112.25543999999999,50.518948734941702,16.747351492657899,1088.5778470227699,990.517168900927,0,241.00174425813299,0
0:05:07,,-,3.6373734429003801,55.959591429236703,4.25665569565429,-,29.5421742328212,1.1702553401445901,33.33,112.25543999999999,50.8213314702258,16.747351492657899,1088.5778470227699,990.517168900927,0,241.00174425813299,0
0:05:08,,-,3.7903661642714201,58.313325604175702,4.4274194381979104,-,31.413060068534801,1.1680716971176699,46.15,125.71259999999999,51.1300735137158,17.4517671708502,1134.36486610526,1032.17962660943,0,251.13859528210099,0
0:05:09,,-,4.10833635316851,63.205174664131,4.85121142136434,-,33.384262681954397,1.1808213847006199,52.63,144.73249999999999,51.458391640780903,18.915779211747498,1229.52564876359,1118.7681873512499,0,272.20637161830899,0
0:05:10,,-,3.6374663945696502,55.961021454917699,4.3084611337223304,-,32.753369262149697,1.1844676118944799,47.24,125.94184,51.780354323277002,16.747779464737601,1088.6056652079501,990.54248118346504,0,241.00790296434701,0
0:05:11,,-,3.6374663945696502,55.961021454917699,4.3084611337223304,-,32.753369262149697,1.1844676118944799,47.24,125.94184,52.082744785834699,16.747779464737601,1088.6056652079501,990.54248118346504,0,241.00790296434701,0
0:05:12,,-,4.08609199635083,62.862953790012803,4.6570364585644999,-,30.127965819159801,1.13972873413608,41.09,129.02260000000001,52.4037828575416,18.813360785869101,1222.8684510814901,1112.71067973347,0,270.73252548259597,0
0:05:13,,-,3.6970243760713402,56.877298093405301,4.34405533733963,-,33.435240730372399,1.1750139829902499,48.38,130.57762,52.727296521270702,17.021998888742299,1106.4299277682501,1006.76110820887,0,244.95404092673201,0
0:05:14,,-,3.9807888826618099,61.242905887104698,4.7914466392107702,-,33.421767373666299,1.20364248907541,48.38,140.01172,53.046433147000997,18.328519653688002,1191.35377748972,1084.0348938442601,0,263.75544862390802,0
0:05:15,,-,3.7345348406770902,57.454382164262903,4.3555839145843898,-,33.236789933788799,1.1662989101461201,45.45,130.66874999999999,53.367128935828902,17.1947061857155,1117.6559020715099,1016.97583039473,0,247.43937479190399,0
0:05:16,,-,3.7345348406770902,57.454382164262903,4.3555839145843898,-,33.236789933788799,1.1662989101461201,45.45,130.66874999999999,53.677588908626603,17.1947061857155,1117.6559020715099,1016.97583039473,0,247.43937479190399,0
0:05:17,,-,3.6384766575535701,55.976563962362597,4.2563515787483501,-,34.6027175242765,1.1698169259687501,48.78,132.9255,53.984056118979701,16.7524309610872,1088.90801247067,990.81759256435203,0,241.074840039988,0
0:05:18,,-,3.9034682751424699,60.053358079114901,4.6178325443016996,-,32.981935787681302,1.1830075765463099,45.11,135.23978,54.297545230547499,17.972516781813599,1168.21359081788,1062.9792088946599,0,258.63241092327502,0
0:05:19,,-,3.9709855985526601,61.0920861315793,4.5771658038252303,-,31.228494015490401,1.1526523303165599,42.85,130.17830000000001,54.624855436466,18.283382950697298,1188.4198917953299,1081.36529684682,0,263.10591164156301,0
0:05:20,,-,3.9709855985526601,61.0920861315793,4.5771658038252303,-,31.228494015490401,1.1526523303165599,42.85,130.17830000000001,54.954972073075801,18.283382950697298,1188.4198917953299,1081.36529684682,0,263.10591164156301,0
0:05:21,,-,3.66762040098804,56.424929245969899,4.2455160717743503,-,32.279283856122802,1.1575669255822201,44.44,124.78752,55.272479006603199,16.886615840030998,1097.6300296020199,998.753917687701,0,243.00581938873501,0
0:05:22,,-,4.0373228611860199,62.112659402861802,4.7012493535981497,-,32.590663299428797,1.1644472129774399,44.77,138.02591000000001,55.592743320317403,18.588815832919,1208.2730291397299,1099.43003466045,0,267.50122497821098,0
0:05:23,,-,3.9603972972183499,60.9291891879746,4.6263057427872303,-,32.944810888453297,1.1681418291131,49.18,137.55645999999999,55.925177222898299,18.234631837582398,1185.2510694428599,1078.48192662769,0,262.4043617099,0
0:05:24,,-,3.8862987261258302,59.789211171166599,4.5686648526065001,-,34.104398385279602,1.17558252068824,50.84,139.86084,56.251333643696,17.893464004619801,1163.07516030029,1058.30365568292,0,257.494806735503,0
0:05:25,,-,3.8863047870851801,59.789304416695103,4.5686718012120702,-,34.104345197127003,1.1755824752588899,50.84,139.86084,56.574410329042998,17.893491910750001,1163.0769741987499,1058.30530618276,0,257.49520831697299,0
0:05:26,,-,3.6571653817451,56.264082796078497,4.3530259453692901,-,34.764848380833101,1.19027320095985,45.8,133.73599999999999,56.887962838703203,16.838478390062601,1094.50109535407,995.90684239452901,0,242.313100339301,0
0:05:27,,-,3.8505240001917498,59.238830772180798,4.5187247071121099,-,34.400416668849097,1.1735350063750001,52.17,139.97210999999999,57.200028081193501,17.728748470408998,1152.36865057659,1048.5616039506201,0,255.124477846866,0
0:05:28,,-,3.8437085726012499,59.133978040019301,4.5119748321591597,-,35.222992961814498,1.1738597625016201,50.84,142.70787999999999,57.519847193500297,17.697368585109199,1150.3289580321,1046.7056498816301,0,254.672907513778,0
0:05:29,,-,3.93410078390714,60.524627444725297,4.5448390550654496,-,34.2096014800969,1.1552421518169,48.78,141.60834,57.843140265363701,18.1135562982221,1177.38115938444,1071.32094953093,0,260.662031516041,0
0:05:30,,-,3.93410078390714,60.524627444725297,4.5448390550654496,-,34.2096014800969,1.1552421518169,48.78,141.60834,58.170190587414901,18.1135562982221,1177.38115938444,1071.32094953093,0,260.662031516041,0
0:05:31,,-,3.79479278227568,58.381427419625901,4.4150211605076404,-,32.904162931689903,1.1634419621352901,45.11,131.36032,58.491450421461401,17.472148396150502,1135.6896457497801,1033.38506817385,0,251.43189006663101,0
0:05:32,,-,3.77958094214851,58.147399109977002,4.3824905417815803,-,33.844275849080098,1.15951757849915,49.18,134.9991,58.806287470888599,17.402109386557701,1131.13711012625,1029.24263159068,0,250.42399795393601,0
0:05:33,,-,3.9021412760472098,60.032942708418602,4.5622158726253801,-,35.629937555935399,1.16915702171778,52.17,146.54553000000001,59.125586576753598,17.966406955416101,1167.8164521020501,1062.61784501284,0,258.54448783767299,0
0:05:34,,-,4.2564580744430396,65.483970376046798,4.9592641050681801,-,35.390305123517699,1.1651152245208201,54.05,158.42054999999999,59.464707597239403,19.5977676214677,1273.8548953954,1159.10419087488,0,282.02048439778002,0
0:05:35,,-,3.5832346781513298,55.126687356174301,4.0956929096376804,-,34.509964070731101,1.14301553694238,48.78,130.68162000000001,59.7905729195015,16.498083459868901,1072.37542489148,975.77428455626398,0,237.41466777524701,0
0:05:36,,-,3.5832346781513298,55.126687356174301,4.0956929096376804,-,34.509964070731101,1.14301553694238,48.78,130.68162000000001,60.088454981971303,16.498083459868901,1072.37542489148,975.77428455626398,0,237.41466777524701,0
0:05:37,,-,3.6625506292858701,56.346932758244201,4.2088093480144604,-,33.067676670892801,1.1491470764556,46.51,127.80947999999999,60.389633897875697,16.863273378769701,1096.1127696200299,997.37333469498901,0,242.66991111800201,0
0:05:38,,-,4.0858478059871999,62.859197015187704,4.67736939789802,-,31.801478216980598,1.1447732808461499,48,136.84800000000001,60.711704472936098,18.812236474077899,1222.7953708150601,1112.64418264389,0,270.71634614206698,0
0:05:39,,-,3.6414917769913,56.022950415250698,4.1161394253039001,-,30.7288240239976,1.1303442867320601,41.66,117.8978,61.032899713987199,16.766313303884498,1089.8103647524899,991.63865963822798,0,241.27461305066399,0
0:05:40,,-,3.6414917769913,56.022950415250698,4.1161394253039001,-,30.7288240239976,1.1303442867320601,41.66,117.8978,61.335624815307298,16.766313303884498,1089.8103647524899,991.63865963822798,0,241.27461305066399,0
0:05:41,,-,3.5053326535056102,53.928194669317101,3.9071621225327098,-,30.215289237692399,1.1146337619698501,43.16,112.12967999999999,61.632690315154001,16.139403602215602,1049.0612341440101,954.56027007162595,0,232.25310707338801,0
0:05:42,,-,4.0922338974770396,62.957444576569799,4.61597533150176,-,33.696001610517399,1.12798423725184,51.28,145.27624,61.948491399542696,18.841639591608601,1224.7065734545599,1114.3832213656999,0,271.13946991866101,0
0:05:43,,-,4.1124842313422096,63.268988174495597,4.6565729977001604,-,35.757416132877403,1.13230172707079,57.69,155.35917000000001,62.289529397011698,18.9348770511127,1230.76700832233,1119.8977234327201,0,272.48119791550499,0
0:05:44,,-,4.0137014617853604,61.749253258236401,4.6047245492487301,-,36.583139378454398,1.1472513820697701,60.6,155.56020000000001,62.627303108714401,18.4800571682613,1201.20371593698,1092.99753548842,0,265.93614002151298,0
0:05:45,,-,3.8737974712614198,59.596884173252697,4.4541181638983502,-,34.444764082245797,1.14980666824793,48.38,140.39876000000001,62.955155546656997,17.835905188457499,1159.3338372497401,1054.89935646251,0,256.66651008820202,0
0:05:46,,-,3.9491052769776198,60.755465799655703,4.4937588141994098,-,35.531177357568097,1.13791821160023,51.72,147.76403999999999,63.280322974198903,18.182640631564599,1181.8716410517,1075.4069220685999,0,261.65618541815201,0
0:05:47,,-,3.9491052769776198,60.755465799655703,4.4937588141994098,-,35.531177357568097,1.13791821160023,51.72,147.76403999999999,63.608620652268797,18.182640631564599,1181.8716410517,1075.4069220685999,0,261.65618541815201,0
0:05:48,,-,3.8818864001367701,59.721329232873401,4.38628727756375,-,32.563420711009499,1.12993705261679,42.85,132.5779,63.934124304902397,17.8731485832316,1161.7546579100499,1057.10210607148,0,257.20245889817198,0
0:05:49,,-,3.8918778462631201,59.875043788663397,4.3724571172793096,-,31.478860549961201,1.1234826194449099,40.54,128.34963999999999,64.257249237381899,17.919151629887299,1164.74485594267,1059.8229427097001,0,257.86446294639802,0
0:05:50,,-,3.68780358730828,56.735439804742697,4.1549732060390996,-,33.941471403405501,1.12667963671889,48.78,132.19380000000001,64.572306907489903,16.9795441359162,1103.6703688345499,1004.25013436359,0,244.343098385302,0
0:05:51,,-,3.6878093075999101,56.735527809229303,4.1549794983599,-,33.941418755587101,1.12667959533516,48.78,132.19380000000001,64.878882247714003,16.9795704735294,1103.67208077941,1004.2516920939599,0,244.34347739512401,0
0:05:52,,-,3.6386610745300101,55.979401146615501,4.0611990002705802,-,30.269826659859099,1.11612456260306,34.28,115.07796,65.1834149261568,16.7532800616743,1088.96320400883,990.86781236835805,0,241.08705897040301,0
0:05:53,,-,3.6386610745300101,55.979401146615501,4.0611990002705802,-,30.269826659859099,1.11612456260306,34.28,115.07796,65.485904705048199,16.7532800616743,1088.96320400883,990.86781236835805,0,241.08705897040301,0
0:05:54,,-,4.1376776585840602,63.6565793628317,4.5133897259947702,-,30.608167298208301,1.0908026430312301,46.51,133.34416999999999,65.809136648857006,19.050873714074999,1238.3067914148701,1126.7583118815701,0,274.15044084709803,0
0:05:55,,-,3.7789527576748898,58.137734733459901,4.0629847717896004,-,30.283416422070399,1.0751615678544399,41.95,120.4804,66.138199968458494,17.399217072544001,1130.94910971536,1029.07156653065,0,250.38237628483,0
0:05:56,,-,3.9383999720723999,60.590768801113803,4.3050079653665696,-,31.4837652039575,1.0930855159185999,46.51,130.69309999999999,66.4589800951359,18.133350805568401,1178.6678023619399,1072.4916898348499,0,260.94688317149598,0
0:05:57,,-,3.9383999720723999,60.590768801113803,4.3050079653665696,-,31.4837652039575,1.0930855159185999,46.51,130.69309999999999,66.786387818014205,18.133350805568401,1178.6678023619399,1072.4916898348499,0,260.94688317149598,0
0:05:58,,-,4.1161042399185703,63.3246806141318,4.4942772963383799,-,30.850688563346999,1.0918764526787801,45.11,133.48049,67.121182011298501,18.951544450538801,1231.8503892850199,1120.8835118602101,0,272.72104911440601,0
0:05:59,,-,3.7379135737451801,57.506362673002798,4.1708602332524798,-,32.257567656704701,1.11582575438562,48,127.488,67.447642770242695,17.2102626940531,1118.66707511345,1017.89591549614,0,247.66323978008199,0
0:06:00,,-,3.6915487895373298,56.793058300574401,4.1214038027707298,-,32.397068769336002,1.1164429993317999,48.38,126.56207999999999,67.756456421956798,16.996787957351,1104.79121722782,1005.27001510092,0,244.591244550103,0
0:06:01,,-,4.1502353588406704,63.849774751394897,4.5966477169300903,-,31.941737886651101,1.1075631426874399,53.09,140.21069,68.082408675350294,19.108692418543502,1242.0650072053299,1130.1779821192699,0,274.98247740128301,0
0:06:02,,-,4.05754116163871,62.423710179057103,4.4977891377163699,-,34.359939787694898,1.1085011731340899,52.63,146.99558999999999,68.423573798181906,18.681905802805499,1214.3238771823601,1104.93581349751,0,268.84083053467299,0
0:06:03,,-,4.05754116163871,62.423710179057103,4.4977891377163699,-,34.359939787694898,1.1085011731340899,52.63,146.99558999999999,68.760885986288102,18.681905802805499,1214.3238771823601,1104.93581349751,0,268.84083053467299,0
0:06:04,,-,2.8540866621956398,43.909025572240601,3.0511046897509599,-,26.6829494033001,1.06903014900177,30.45,80.54025,69.048175284382594,13.1409087553528,854.15906909793,777.21517595446505,0,189.103449137339,0
0:06:05,,-,4.6120425875455497,70.954501346854599,4.9374766906598397,-,30.121126889665401,1.0705618165784301,51.72,146.36760000000001,69.358513034954797,21.234965154181001,1380.2727350217599,1255.9357564956099,0,305.580476032994,0
0:06:06,,-,4.6120425875455497,70.954501346854599,4.9374766906598397,-,30.121126889665401,1.0705618165784301,51.72,146.36760000000001,69.741922128016398,21.234965154181001,1380.2727350217599,1255.9357564956099,0,305.580476032994,0
0:06:07,,-,4.1147567273377499,63.303949651350003,4.4213000034624299,-,32.780980490010897,1.07449851751576,51.72,142.33344,70.104660995572104,18.9453401750675,1231.44711137939,1120.51656181574,0,272.63176686514402,0
0:06:08,,-,3.7963657919559699,58.4056275685533,4.1908100366915599,-,32.431016068281998,1.1039004843978399,48,130.03200000000001,70.433495373469199,17.479390915080899,1136.1604094802599,1033.81342482176,0,251.536113095318,0
0:06:09,,-,4.1273207360462898,63.4972420930198,4.5412947059007198,-,33.379656879289101,1.1003008964723699,53.09,145.41351,70.762851987999397,19.0031879251822,1235.20721513684,1123.9379499496199,0,273.46422139893502,0
0:06:10,,-,4.0796698451687901,62.764151464135203,4.4819044676034396,-,33.8459496087697,1.0985948955921001,49.58,145.21982,71.103984442414102,18.783791640750199,1220.94645664877,1110.9618213588899,0,270.30701249608097,0
0:06:11,,-,3.8890043909684802,59.830836784130398,4.2578461295894403,-,34.276762533251798,1.09484220163843,50.84,140.62343999999999,71.435211019769497,17.905921543240101,1163.8849003106,1059.0404531336101,0,257.67407618822602,0
0:06:12,,-,3.8890043909684802,59.830836784130398,4.2578461295894403,-,34.276762533251798,1.09484220163843,50.84,140.62343999999999,71.758512380966906,17.905921543240101,1163.8849003106,1059.0404531336101,0,257.67407618822602,0
0:06:13,,-,4.0151267391090304,61.771180601677401,4.4353897446958701,-,34.598539230875197,1.1046699227432299,51.28,146.30184,72.087056154197299,18.486619491511501,1201.63026694825,1093.3856621632599,0,266.03057473558601,0
0:06:14,,-,4.0463870152044201,62.252107926221903,4.5495244608103702,-,34.769051865616603,1.12434239327958,48.38,147.65575999999999,72.422141706701893,18.6305494013064,1210.98571108492,1101.8983542646199,0,268.10178935878798,0
0:06:15,,-,3.6965211194135499,56.869555683285398,4.0552443834931404,-,33.795521779629198,1.0970434774998701,46.51,131.6233,72.743984071467807,17.0196817727598,1106.27931522939,1006.62406306689,0,244.920696609949,0
0:06:16,,-,3.6965211194135499,56.869555683285398,4.0552443834931404,-,33.795521779629198,1.0970434774998701,46.51,131.6233,73.051283881253696,17.0196817727598,1106.27931522939,1006.62406306689,0,244.920696609949,0
0:06:17,,-,3.9966170190747099,61.486415678072497,4.2633446968576196,-,31.524299025571601,1.06673836309806,42.55,132.11775,73.371057502213006,18.401396241187701,1196.0907556771999,1088.34515813656,0,264.80417472908999,0
0:06:18,,-,3.6970493120227799,56.877681723427401,4.0787890954261998,-,33.014707053831103,1.10325525877137,45.8,128.65219999999999,73.690853078070205,17.022113699924098,1106.4373904950701,1006.76789868238,0,244.95569311006901,0
0:06:19,,-,4.2781029236808203,65.816968056628099,4.6512917707215502,-,32.604432966748,1.08723232089041,46.87,146.23439999999999,74.022348920495503,19.6974257687218,1280.33267496692,1164.99844262682,0,283.45460891163498,0
0:06:20,,-,4.2781029236808203,65.816968056628099,4.6512917707215502,-,32.604432966748,1.08723232089041,46.87,146.23439999999999,74.377996885764105,19.6974257687218,1280.33267496692,1164.99844262682,0,283.45460891163498,0
0:06:21,,-,3.3045141958104902,50.838679935545997,3.5726888578724298,-,31.4359248726185,1.0811540354106901,38.46,109.4187,74.693176580837601,15.214786608654499,988.96112956254206,899.87407045484804,0,218.94746239777299,0
0:06:22,,-,4.21933019816049,64.9127722793922,4.5733751255173303,-,34.085872222728902,1.08391022051585,56.07,151.89363,75.005913323904494,19.4268218541329,1262.7434205186401,1148.9936538403899,0,279.560499717857,0
0:06:23,,-,4.1610487115257602,64.016134023473299,4.4631816867527299,-,32.7688737750927,1.07260981453788,50.84,143.67384000000001,75.354252852029404,19.1584797227822,1245.3011819808401,1133.12263755708,0,275.69893857836399,0
0:06:24,,-,4.2400916731367504,65.232179586719198,4.5844970842798602,-,32.962971269110199,1.0812259351195399,49.58,146.90554,75.703455353353306,19.522412731559001,1268.95682755134,1154.6473481169101,0,280.936094432338,0
0:06:25,,-,3.88915631734598,59.833174113015097,4.2640266576929298,-,34.895300915189999,1.0963886019893301,51.72,143.16095999999999,76.041356352763103,17.9066210492119,1163.9303681987701,1059.0818252081799,0,257.68414238641799,0
0:06:26,,-,3.9640275148809399,60.985038690476003,4.3728526339930998,-,35.942182405431502,1.1031337743185301,54.05,150.25899999999999,76.367782446365396,18.251346242123201,1186.3375057380099,1079.4704951588301,0,262.64488933304801,0
0:06:27,,-,3.9640336320673302,60.985132801035903,4.3728591786455304,-,35.9421269404558,1.1031337230014799,54.05,150.25899999999999,76.697320896671201,18.2513744071363,1186.33933646386,1079.4721609702301,0,262.64529463995802,0
0:06:28,,-,3.9312753070829798,60.481158570507397,4.2910266479241201,-,34.956216307824,1.09151008584745,49.99,144.62107,77.025497965978303,18.1005471161155,1176.5355625475099,1070.5515252887899,0,260.47482367123899,0
0:06:29,,-,4.0578467349194201,62.428411306452603,4.4372046532093803,-,34.372796488275903,1.0934874930158001,48.38,146.44626,77.357574478536407,18.683312736467599,1214.4153278704,1105.0190261743601,0,268.86107692806701,0
0:06:30,,-,3.7635434513961799,57.900668483018102,4.1213218185601299,-,35.180388298926601,1.0950642318295101,50.42,139.6634,77.6826790348033,17.328268880789999,1126.33747725135,1024.8753566364701,0,249.36140064147801,0
0:06:31,,-,3.9143954861299801,60.221469017384401,4.3004398997486897,-,33.115596126991697,1.0986217194932399,43.47,135.88722000000001,78.001820884508803,18.0228283173529,1171.48384062794,1065.95486983826,0,259.356416019042,0
0:06:32,,-,3.9143954861299801,60.221469017384401,4.3004398997486897,-,33.115596126991697,1.0986217194932399,43.47,135.88722000000001,78.327233062461005,18.0228283173529,1171.48384062794,1065.95486983826,0,259.356416019042,0
0:06:33,,-,3.8464010763585899,59.175401174747599,4.1390556820290003,-,34.7171283880825,1.07608530672196,48,140.44800000000001,78.649818979110407,17.709765526893499,1151.1347592480799,1047.4388633503099,0,254.85130495141399,0
0:06:34,,-,3.6229162883958899,55.737173667629101,3.88379488578662,-,31.051669717107998,1.0720079009902399,36.799999999999997,117.7968,78.960289247136899,16.680787239118601,1084.25117054271,986.58024574058902,0,240.04385541133601,0
0:06:35,,-,4.0278686925577301,61.967210654734401,4.4831422708224196,-,34.243375474192703,1.11303088879384,53.09,145.57277999999999,79.278302413220601,18.545286542464201,1205.4436252601699,1096.8555076037701,0,266.87481936831301,0
0:06:36,,-,4.1392237704597701,63.680365699381099,4.4704990372375901,-,35.629868830120898,1.0800331862080099,60,156.12,79.617776459129502,19.057992388974899,1238.7695052833701,1127.17934381079,0,274.25288170578699,0
0:06:37,,-,4.2333029937959301,65.127738366091194,4.5963968905025698,-,36.413098761394899,1.0857708265245301,57.69,162.45504,79.965789604323106,19.491156001702599,1266.9251401106701,1152.7986780403301,0,280.48629636017699,0
0:06:38,,-,3.4471936497762101,53.033748458095602,3.6609678052188701,-,36.907604540365597,1.0620139676390199,58.82,135.69774000000001,80.285037767851193,15.8717174967953,1031.6616372916999,938.72805424864998,0,228.40098643519499,0
0:06:39,,-,3.4471936497762101,53.033748458095602,3.6609678052188701,-,36.907604540365597,1.0620139676390199,58.82,135.69774000000001,80.571610444876697,15.8717174967953,1031.6616372916999,938.72805424864998,0,228.40098643519499,0
0:06:40,,-,4.0745143493063001,62.684836143173897,4.2691702032785601,-,32.384178502761898,1.0477740013372101,45.8,138.54499999999999,80.884258386375507,18.760054484617299,1219.4035415001199,1109.5578942543,0,269.96542439277499,0
0:06:41,,-,4.0367310362200399,62.103554403385203,4.3861278220949602,-,34.384225442468697,1.0865543883751301,53.57,146.51394999999999,81.2214110880074,18.586090926916601,1208.0959102495799,1099.2688708979199,0,267.462012383922,0
0:06:42,,-,3.9233561869302802,60.359325952773602,4.2683325705873498,-,36.050129853405799,1.0879288974083601,62.5,150.4375,81.552280736865498,18.064085561977102,1174.1655615285099,1068.3950174138199,0,259.95012589144,0
0:06:43,,-,4.4401304741404202,68.309699602160407,4.7003560276600096,-,35.668332478598998,1.0586076366528301,64.510000000000005,167.66148999999999,81.899918120376796,20.443439996196201,1328.8235997527499,1209.1212342743099,0,294.19008133194802,0
0:06:44,,-,4.0962151964970204,63.018695330723297,4.3363277440904504,-,35.934977275090297,1.0586181477474099,60.6,155.9238,82.254740575884597,18.859970460058499,1225.8980799038,1115.4673951784,0,271.40325916749401,0
0:06:45,,-,4.1725456699731804,64.193010307279707,4.4571845367035197,-,36.101342421248603,1.06821707639504,58.25,159.02250000000001,82.598440579123704,19.211414514119401,1248.74194341776,1136.2534501918201,0,276.46069347732799,0
0:06:46,,-,4.0569339652067304,62.414368695488101,4.3731225486196603,-,36.670673290690097,1.0779378185902599,58.25,157.1585,82.940507815429598,18.679110122837201,1214.14215798442,1104.77046382961,0,268.80059947192598,0
0:06:47,,-,3.8216191216184998,58.794140332592299,4.1921690921874202,-,35.344055935850498,1.09696151258841,51.28,142.45583999999999,83.267988409582699,17.5956633833488,1143.71811991767,1040.69032569414,0,253.20932498640801,0
0:06:48,,-,3.7370542826886499,57.493142810594598,4.1268450761713602,-,34.963045788565999,1.1043042899559601,50.84,137.97976,83.582172858195506,17.206306309155,1118.40991009507,1017.66191627721,0,247.60630566355499,0
0:06:49,,-,4.10577549893629,63.165776906712203,4.4617156988798996,-,36.183030474629703,1.0866925627170401,59.4,157.113,83.908168574467695,18.9039884163778,1228.75924706456,1118.07082423364,0,272.03669689382798,0
0:06:50,,-,3.9556789989491099,60.856599983832503,4.3091168989004096,-,36.985357011746302,1.08934948969449,59.4,154.85579999999999,84.243251663914705,18.212907645441401,1183.83899695369,1077.19705568523,0,262.091741042634,0
0:06:51,,-,3.9309187058731498,60.475672398048403,4.2526953016292897,-,37.663065832116899,1.0818578606765299,64.510000000000005,157.33989,84.571066641329793,18.098905237463899,1176.4288404351501,1070.4544168597699,0,260.45119631624698,0
0:06:52,,-,4.2881830614545198,65.972047099300298,4.5626678335911102,-,36.489370383111698,1.06400957426558,68.180000000000007,166.29102,84.912702510315697,19.743837173280799,1283.3494162632501,1167.7434314728901,0,284.12248940946102,0
0:06:53,,-,4.2877977716461899,65.966119563787501,4.6673528196911001,-,37.342554039932502,1.0885198109283001,66.66,169.71636000000001,85.269172444289396,19.742063205348199,1283.2341083476299,1167.6385106622699,0,284.09696123169499,0
0:06:54,,-,4.1418916915393202,63.721410639066399,4.4988008426224999,-,37.232335243099399,1.0861705659306,63.15,163.30590000000001,85.619561618990303,19.0702761461351,1239.5679494987801,1127.90586300824,0,274.429650366967,0
0:06:55,,-,4.1808671673393301,64.321033343682004,4.54794362953412,-,36.949868009873001,1.08779912097241,65.209999999999994,163.87272999999999,85.965506107281698,19.2497287107571,1251.23236619921,1138.51953206148,0,277.01205159646702,0
0:06:56,,-,3.3681273049518401,51.817343153105298,3.7452693979695599,-,36.187097150635303,1.1119738236922501,54.05,129.66595000000001,86.279288240599897,15.5076768260201,1007.99899369131,917.19697605164902,0,223.16228127777401,0
0:06:57,,-,4.1752506841152499,64.234625909465294,4.5453586346162398,-,34.855392169306,1.0886432883920201,59.4,154.08359999999999,86.592836918708201,19.223869056756001,1249.5514886891399,1136.9900704459401,0,276.63991981652998,0
0:06:58,,-,4.1349849004765904,63.615152315024503,4.5058258995424598,-,35.296012806039101,1.0896837613658801,61.22,154.76416,86.938260863536996,19.038475601200801,1237.5009140780501,1126.02502914912,0,273.97202655696498,0
0:06:59,,-,4.0209107113053397,61.860164789312897,4.5108138146888797,-,35.326176132343797,1.12183884163508,54.05,149.82660000000001,87.277269500194294,18.513250305453401,1203.36126985447,1094.9607338062499,0,266.41380384580299,0
0:07:00,,-,3.91386023722383,60.2132344188282,4.3673978192342702,-,37.0964958378243,1.11587986144649,63.82,154.38058000000001,87.607086850671806,18.020363901282298,1171.3236535833501,1065.80911267599,0,259.32095198929102,0
0:07:01,,-,4.0057245560735204,61.626531631900399,4.3387765959480697,-,36.444922249746497,1.0831440193184401,68.959999999999994,155.91856000000001,87.936272972155393,18.4433295553623,1198.8164210985501,1090.8252916464501,0,265.40761353928298,0
0:07:02,,-,4.1875334000801097,64.423590770463306,4.5439986745938503,-,35.832946430261202,1.08512535673313,66.66,159.6507,88.276834615132401,19.280421666702999,1253.2274083356999,1140.33485789626,0,277.453736714417,0
0:07:03,,-,4.2621853542909101,65.572082373706294,4.6677607428212902,-,35.765173808439599,1.0951566754651001,61.22,161.25348,88.628056329019799,19.6241374100568,1275.56893165369,1160.6638242503,0,282.39995723851501,0
0:07:04,,-,3.69785339893886,56.890052291366999,4.00408309889528,-,35.018154055852797,1.0828128286654899,59.4,138.04560000000001,88.958923963173106,17.0258159115407,1106.6780342501499,1006.98686489747,0,245.00896956142901,0
0:07:05,,-,3.6240935064667599,55.755284714873298,3.9981381797367002,-,33.827283921137003,1.10321054702438,40.81,128.46987999999999,89.263268618405405,16.686207437271499,1084.60348342265,986.90082176310705,0,240.121854443578,0
0:07:06,,-,3.47935062273385,53.528471118982303,3.83671103864341,-,34.841487146457403,1.10270894044842,49.99,128.42430999999999,89.558530969033498,16.019776016910299,1041.2854410991699,947.48493179076604,0,230.53161357439501,0
0:07:07,,-,3.47935062273385,53.528471118982303,3.83671103864341,-,34.841487146457403,1.10270894044842,49.99,128.42430999999999,89.847776924894305,16.019776016910299,1041.2854410991699,947.48493179076604,0,230.53161357439501,0
0:07:08,,-,3.6980979853331002,56.893815158970803,4.0328412614968299,-,33.404360968784097,1.09051768706274,47.24,130.33516,90.146115351858001,17.026942046753099,1106.75123303895,1007.05346983276,0,245.02517514179101,0
0:07:09,,-,3.3175545015894299,51.0393000244527,3.57679636316412,-,34.711942168494303,1.07814245747899,46.51,121.8562,90.437728547767094,15.2748273462581,992.86377750677696,903.42516218752803,0,219.81147498479999,0
0:07:10,,-,3.2689826460537499,50.292040708519202,3.6287429164626599,-,35.502543930632903,1.11005267062008,45.8,122.6524,90.711505099724107,15.0511907166747,978.32739658385299,890.19823963236001,0,216.593245652642,0
0:07:11,,-,3.2689773894036702,50.291959836979501,3.6287371603683898,-,35.502601020183597,1.1100526948062901,45.8,122.6524,90.983262491387904,15.051166513779901,978.32582339569501,890.19680815928302,0,216.59289736235601,0
0:07:12,,-,3.3624366908093699,51.729795243221098,3.77078368537155,-,36.3372700321652,1.1214437719164501,46.51,128.87921,91.258904401663898,15.481475855251199,1006.29593059133,915.64732735645998,0,222.78523779962501,0
0:07:13,,-,3.3325516663965402,51.270025636869804,3.7605709620450098,-,36.886074787526901,1.12843590692512,45.11,129.42059,91.5371888456352,15.3438779384947,997.35206600215702,907.50913911743896,0,220.805143337576,0
0:07:14,,-,3.4441387158686099,52.9867494749017,3.8827318264413,-,35.0318642637978,1.12734478682636,44.44,127.05396,91.8188693227887,15.8576518385008,1030.7473695025501,937.89614503370694,0,228.198575433992,0
0:07:15,,-,3.4441387158686099,52.9867494749017,3.8827318264413,-,35.0318642637978,1.12734478682636,44.44,127.05396,92.105188036539403,15.8576518385008,1030.7473695025501,937.89614503370694,0,228.198575433992,0
0:07:16,,-,3.0773624683305498,47.344037974316102,3.5866980973929401,-,38.0098968528253,1.16551044418849,45.11,123.46607,92.3762612982202,14.168924839993799,920.98011459960003,838.01688434338303,0,203.89705215167501,0
0:07:17,,-,3.1183564616364401,47.9747147944068,3.6302101141671499,-,39.176810445810702,1.1641421238488201,47.61,129.0231,92.633793067573194,14.357671149867899,933.24862474141605,849.18022922086698,0,206.61319445763201,0
0:07:18,,-,3.0658491301897999,47.166909695227602,3.61196707545322,-,39.218505182137399,1.1781294258369499,43.47,126.49769999999999,92.890846272553503,14.115914632567,917.53445111685596,834.88161124624298,0,203.13421198205401,0
0:07:19,,-,3.0658446046736101,47.166840071901703,3.61196188651058,-,39.218563072866701,1.1781294723824101,43.47,126.49769999999999,93.145716765311306,14.115893795990401,917.53309673937804,834.880378873062,0,203.13391213456501,0
0:07:20,,-,2.6960208797880001,41.477244304430798,3.1927976242334899,-,40.053295139350404,1.1842629440186501,41.09,113.90148000000001,93.385214946193898,12.413135471004001,806.85380561525801,734.17123951287704,0,178.63047190094301,0
0:07:21,,-,2.6960208797880001,41.477244304430798,3.1927976242334899,-,40.053295139350404,1.1842629440186501,41.09,113.90148000000001,93.609341003309197,12.413135471004001,806.85380561525801,734.17123951287704,0,178.63047190094301,0
0:07:22,,-,2.0470625252036299,31.493269618517399,2.3866515826949799,-,30.649068715553199,1.1658909062670499,26.54,66.56232,93.806492403378101,9.4251734596974899,612.63627488033706,557.449106850867,0,135.632386095101,0
0:07:23,,-,2.0470625252036299,31.493269618517399,2.3866515826949799,-,30.649068715553199,1.1658909062670499,26.54,66.56232,93.976669146400397,9.4251734596974899,612.63627488033706,557.449106850867,0,135.632386095101,0
0:07:24,,-,2.5453100943093001,39.158616835527702,3.0875689045881098,-,32.938957098958497,1.2130423367632801,26.54,87.661619999999999,94.167556089400804,11.719226380346001,761.74971472249103,693.13019082798803,0,168.644815286615,0
