t,Marker,P,V'O2,V'O2/kg,V'CO2,HF,V'E/V'O2,RER,AF,V'E,W,EU/kg,EU,EUKH,EUFett,CHO,Fett
0:00:08,,-,2.3619208013951298,29.377124395461799,2.22727840348157,-,25.196149661262201,0.94299453316384096,28.57,64.368210000000005,0,8.7097036371896497,700.26017243004799,550.27196189121503,86.312715269861201,133.88612211465099,9.2909273702756998
0:00:09,,-,2.5305080976265799,31.473981313763399,2.3323302643664698,-,24.305205763888502,0.92168456862636094,29.26,66.478719999999996,0.20092174039718999,9.2832880401706408,746.37635842971895,535.16111977652997,142.99476474765501,130.20951819380301,15.392332050339601
0:00:10,,-,2.5305080976265799,31.473981313763399,2.3323302643664698,-,24.305205763888502,0.92168456862636094,29.26,66.478719999999996,0.40824850662766698,9.2832880401706408,746.37635842971895,535.16111977652997,142.99476474765501,130.20951819380301,15.392332050339601
0:00:11,,-,2.3744992860406899,29.533573209461299,2.2145796232733899,-,24.329760947761301,0.93265120621116204,26.2,62.225000000000001,0.60944362063004598,8.7341848555647505,702.22846238740601,528.43150362165602,109.782357613522,128.57214200040301,11.8172613146955
0:00:12,,-,2.3744948941593198,29.5335185840711,2.2145755425137601,-,24.329805948247198,0.93265121266888595,26.2,62.225000000000001,0.80450690216202703,8.7341687144634399,702.227164642861,528.43054169847505,109.782140193766,128.57190795583301,11.817237911062
0:00:13,,-,2.3744948941593198,29.5335185840711,2.2145755425137601,-,24.329805948247198,0.93265121266888595,26.2,62.225000000000001,0.99957000345171099,8.7341687144634399,702.227164642861,528.43054169847505,109.782140193766,128.57190795583301,11.817237911062
0:00:14,,-,2.4760688199609699,30.796875870161301,2.3752308894372698,-,23.913551805451601,0.95927498876008999,21.2,62.815600000000003,1.1994616946173,9.1665797481264608,736.99301174936795,617.52316527804101,52.717011940234499,150.24894532312399,5.6745976254289099
0:00:15,,-,2.4760688199609699,30.796875870161301,2.3752308894372698,-,23.913551805451601,0.95927498876008999,21.2,62.815600000000003,1.4041819756587901,9.1665797481264608,736.99301174936795,617.52316527804101,52.717011940234499,150.24894532312399,5.6745976254289099
0:00:16,,-,2.4760651491330998,30.7968302130982,2.3752274645021698,-,23.913587257884,0.95927502769213102,21.2,62.815600000000003,1.60890210590903,9.1665662444323495,736.99192605236101,617.52234701138696,52.716843472464703,150.24874623148099,5.6745794911156899
0:00:17,,-,2.13691968191451,26.578603008886901,2.00169669167644,-,24.225243671124101,0.936720602378037,21.66,55.449599999999997,1.7991219244554899,7.8680443716681596,632.59076748211999,484.33007890786701,90.651043485583003,117.841868347413,9.7579164139486601
0:00:18,,-,2.13692345033729,26.578649879817,2.0017001789629201,-,24.2252009503799,0.93672058240877698,21.66,55.449599999999997,1.97484173660382,7.8680582087800497,632.59187998591597,484.33088997709899,90.651243326483794,117.84206568785901,9.7579379253480898
0:00:19,,-,2.2017613401857701,27.385091295842901,2.0516543985307401,-,21.997615779698201,0.93182415418268505,22.9,52.326500000000003,2.1531201660410502,8.0971742781361495,651.012811962147,488.15304710112599,103.50204053868499,118.772030924848,11.1412314896324
0:00:20,,-,2.2017573307306302,27.385041426997901,2.0516507052786901,-,21.9976558379065,0.93182417364672498,22.9,52.326500000000003,2.3339568940255799,8.0971595712239992,651.01162952641005,488.15220138662897,103.50181190914699,118.771825154898,11.1412068793485
0:00:21,,-,2.2017573307306302,27.385041426997901,2.0516507052786901,-,21.9976558379065,0.93182417364672498,22.9,52.326500000000003,2.5147934577829099,8.0971595712239992,651.01162952641005,488.15220138662897,103.50181190914699,118.771825154898,11.1412068793485
0:00:22,,-,2.6166824726690701,32.545801898869001,2.3990935574754899,-,23.014221491908199,0.91684550285857602,24.59,64.401210000000006,2.7122791987635102,9.5881306658440302,770.88570553386,540.61465110002098,159.72738831666001,131.53641145985901,17.193475599209901
0:00:23,,-,2.6166824726690701,32.545801898869001,2.3990935574754899,-,23.014221491908199,0.91684550285857602,24.59,64.401210000000006,2.9264141169673601,9.5881306658440302,770.88570553386,540.61465110002098,159.72738831666001,131.53641145985901,17.193475599209901
0:00:24,,-,2.6166824726690701,32.545801898869001,2.3990935574754899,-,23.014221491908199,0.91684550285857602,24.59,64.401210000000006,3.14054903517121,9.5881306658440302,770.88570553386,540.61465110002098,159.72738831666001,131.53641145985901,17.193475599209901
0:00:25,,-,2.2487628139661302,27.969686740872199,2.07210173414123,-,21.130174202852,0.92144076790681195,17.75,50.53425,3.3397325976098302,8.2492032838833804,663.23594402422395,475.02364139627502,127.587456173673,115.577528320262,13.733848888447
0:00:26,,-,2.2487755074652398,27.969844620214399,2.0721130808010502,-,21.130054930898599,0.92144061242319397,17.75,50.53425,3.5239653207653001,8.24924953600968,663.23966269517803,475.025970094988,127.588503939334,115.578094913622,13.733961672694701
0:00:27,,-,2.2487755074652398,27.969844620214399,2.0721130808010502,-,21.130054930898599,0.92144061242319397,17.75,50.53425,3.7081985604028498,8.24924953600968,663.23966269517803,475.025970094988,127.588503939334,115.578094913622,13.733961672694701
0:00:28,,-,2.2487755074652398,27.969844620214399,2.0721130808010502,-,21.130054930898599,0.92144061242319397,17.75,50.53425,3.8924318000403999,8.24924953600968,663.23966269517803,475.025970094988,127.588503939334,115.578094913622,13.733961672694701
0:00:29,,-,2.2948486347161801,28.542893466619201,2.09698402082181,-,21.1742723528297,0.91377879529782202,16.75,51.439250000000001,4.0783772392849196,8.4025808440961693,675.56749986533202,467.02477728700001,146.675439265292,113.631332673236,15.7885295226364
0:00:30,,-,2.2948517744796399,28.5429325184035,2.0969868230260098,-,21.174243382676998,0.913778766169552,16.75,51.439250000000001,4.2660350058453398,8.4025922807180695,675.56841936973296,467.02534884184598,146.67570256933499,113.631471737675,15.7885578653751
0:00:31,,-,2.1414823882346101,26.635353087495201,1.94628542882641,-,21.664222061730701,0.90884960787881397,21.73,50.087649999999996,4.4473170127169004,7.8316172898695502,629.66203010551203,425.16686713227,146.762510972348,103.446926309555,15.797902149876
0:00:32,,-,2.1414783449718402,26.635302798157198,1.94628182348379,-,21.664262965316201,0.90884964027473503,21.73,50.087649999999996,4.6222229677642597,7.8316025651175396,629.66084623544998,425.16613435903298,146.76216887865201,103.44674801922901,15.797865326012101
0:00:33,,-,2.1414783449718402,26.635302798157198,1.94628182348379,-,21.664262965316201,0.90884964027473503,21.73,50.087649999999996,4.7971287583852202,7.8316025651175396,629.66084623544998,425.16613435903298,146.76216887865201,103.44674801922901,15.797865326012101
0:00:34,,-,2.4914714047366502,30.988450307669702,2.2336310042930299,-,20.853941932153901,0.89651079279761303,25.1,56.223999999999997,4.9860212973224796,9.0841471904580793,730.36543411283003,463.64761898469499,199.549739233558,112.80963965564401,21.4800580445165
0:00:35,,-,2.4914714047366502,30.988450307669702,2.2336310042930299,-,20.853941932153901,0.89651079279761303,25.1,56.223999999999997,5.1889005845760403,9.0841471904580793,730.36543411283003,463.64761898469499,199.549739233558,112.80963965564401,21.4800580445165
0:00:36,,-,2.7562281792399501,34.2814450154223,2.5029759813808301,-,21.643015788500399,0.90811638899615499,25.97,64.067989999999995,5.4028779224842403,10.078002472962799,810.27139882620804,545.17936398438405,190.78632811205799,132.64704719814699,20.5367414544734
0:00:37,,-,2.7562281792399501,34.2814450154223,2.5029759813808301,-,21.643015788500399,0.90811638899615499,25.97,64.067989999999995,5.6279533110470803,10.078002472962799,810.27139882620804,545.17936398438405,190.78632811205799,132.64704719814699,20.5367414544734
0:00:38,,-,2.7562281792399501,34.2814450154223,2.5029759813808301,-,21.643015788500399,0.90811638899615499,25.97,64.067989999999995,5.8530286996099097,10.078002472962799,810.27139882620804,545.17936398438405,190.78632811205799,132.64704719814699,20.5367414544734
0:00:39,,-,2.7562281792399501,34.2814450154223,2.5029759813808301,-,21.643015788500399,0.90811638899615499,25.97,64.067989999999995,6.0781040881727497,10.078002472962799,810.27139882620804,545.17936398438405,190.78632811205799,132.64704719814699,20.5367414544734
0:00:40,,-,1.9171146412687601,23.8447094685169,1.7259092694024301,-,19.451606699597601,0.900263986435477,17.64,40.289760000000001,6.2687682853639703,6.99640324565455,562.510820950626,364.02036969162299,146.80657422210999,88.569433014993393,15.802645233811701
0:00:41,,-,1.9171146412687601,23.8447094685169,1.7259092694024301,-,19.451606699597601,0.900263986435477,17.64,40.289760000000001,6.4250212911835902,6.99640324565455,562.510820950626,364.02036969162299,146.80657422210999,88.569433014993393,15.802645233811701
0:00:42,,-,2.68647198482393,33.413830657014103,2.41246132848197,-,21.850601953642599,0.898003531066074,26.43,63.194130000000001,6.6125667731378002,9.7987145412893693,787.81664911966504,503.980643589301,211.41086999709901,122.623027637299,22.756821312927801
0:00:43,,-,2.68647198482393,33.413830657014103,2.41246132848197,-,21.850601953642599,0.898003531066074,26.43,63.194130000000001,6.8314047312266002,9.7987145412893693,787.81664911966504,503.980643589301,211.41086999709901,122.623027637299,22.756821312927801
0:00:44,,-,2.45233746901742,30.501709813649502,2.21716754019472,-,22.2918952593844,0.90410376557312699,25.75,59.044750000000001,7.0408554548197602,8.9580666760085705,720.22856075108905,475.14532824446002,178.97017621189499,115.607135825903,19.2648198290522
0:00:45,,-,2.45233746901742,30.501709813649502,2.21716754019472,-,22.2918952593844,0.90410376557312699,25.75,59.044750000000001,7.2409189439172801,8.9580666760085705,720.22856075108905,475.14532824446002,178.97017621189499,115.607135825903,19.2648198290522
0:00:46,,-,2.45233746901742,30.501709813649502,2.21716754019472,-,22.2918952593844,0.90410376557312699,25.75,59.044750000000001,7.4409824330148,8.9580666760085705,720.22856075108905,475.14532824446002,178.97017621189499,115.607135825903,19.2648198290522
0:00:47,,-,2.3301110597336701,28.981480842458598,2.1444084932555199,-,22.912822020638899,0.92030312645296097,24.29,57.518720000000002,7.63643615239799,8.5452514777096003,687.03821880785199,489.533888337809,134.68640038846999,119.108002028664,14.4979978889635
0:00:48,,-,2.3301110597336701,28.981480842458598,2.1444084932555199,-,22.912822020638899,0.92030312645296097,24.29,57.518720000000002,7.8272801020668403,8.5452514777096003,687.03821880785199,489.533888337809,134.68640038846999,119.108002028664,14.4979978889635
0:00:49,,-,2.2267030057894401,27.6953110172816,2.0231381245981002,-,22.7702212051509,0.90858013814052796,23.43,54.68562,8.0136293691704097,8.1427425912673108,654.67650433789197,441.481269990822,153.165102673391,107.416367394361,16.487093936855899
0:00:50,,-,2.22669871089284,27.695257598169601,2.0231342889449602,-,22.770265124763899,0.90858016805234698,23.43,54.68562,8.1954837789901305,8.1427269448263395,654.675246364038,441.48048563151099,153.164744845825,107.416176552679,16.4870554193568
0:00:51,,-,2.22669871089284,27.695257598169601,2.0231342889449602,-,22.770265124763899,0.90858016805234698,23.43,54.68562,8.3773380140912508,8.1427269448263395,654.675246364038,441.48048563151099,153.164744845825,107.416176552679,16.4870554193568
0:00:52,,-,2.5150327582068401,31.281501967746799,2.2867892492155502,-,22.493241813809998,0.90924829577407695,25.21,60.856940000000002,8.5709830875336994,9.1986229156918498,739.56928242162496,500.34234261197003,171.42366867460501,121.737796255954,18.452493936986599
0:00:53,,-,2.5150327582068401,31.281501967746799,2.2867892492155502,-,22.493241813809998,0.90924829577407695,25.21,60.856940000000002,8.7764189993174906,9.1986229156918498,739.56928242162496,500.34234261197003,171.42366867460501,121.737796255954,18.452493936986599
0:00:54,,-,2.4449324574350002,30.4096076795398,2.2357816494048,-,22.798732059240098,0.91445538407649096,25.64,60.100160000000002,8.9791186821591893,8.9535874880426007,719.86843403862497,499.23675167780198,154.71825925434101,121.468796028662,16.6542797905642
0:00:55,,-,2.4449324574350002,30.4096076795398,2.2357816494048,-,22.798732059240098,0.91445538407649096,25.64,60.100160000000002,9.1790821360588097,8.9535874880426007,719.86843403862497,499.23675167780198,154.71825925434101,121.468796028662,16.6542797905642
0:00:56,,-,2.4198858869853401,30.0980831714594,2.1988937114518201,-,22.771321695936599,0.90867661292540103,24,59.183999999999997,9.3778820922414301,8.8493936626397502,711.49125047623602,480.01848187435598,166.234580997465,116.792817974296,17.893926910383801
0:00:57,,-,2.4198858869853401,30.0980831714594,2.1988937114518201,-,22.771321695936599,0.90867661292540103,24,59.183999999999997,9.5755185507070504,8.8493936626397502,711.49125047623602,480.01848187435598,166.234580997465,116.792817974296,17.893926910383801
0:00:58,,-,2.4198858869853401,30.0980831714594,2.1988937114518201,-,22.771321695936599,0.90867661292540103,24,59.183999999999997,9.7731550091726707,8.8493936626397502,711.49125047623602,480.01848187435598,166.234580997465,116.792817974296,17.893926910383801
0:00:59,,-,2.4032334671208502,29.890963521403599,2.1961936305914,-,23.287874759437901,0.91384947015676898,25.21,60.251899999999999,9.9702352488628208,8.7995830260307297,707.48647529286995,489.25348623052997,153.44373737553599,119.03977767166199,16.517086908023298
0:01:00,,-,2.4032379545404599,29.891019335080301,2.19619768666215,-,23.287831275410099,0.91384945153385899,25.21,60.251899999999999,10.166759452810799,8.7995994170735692,707.48779313271496,489.25435464613702,153.444065822531,119.03998896499699,16.517122262920498
0:01:01,,-,2.3174474502531801,28.8239732618555,2.1211831321899099,-,23.762743786912502,0.91531013225700897,28.43,59.902009999999997,10.359809797094099,8.4884911157542398,682.47468570664103,475.20310510813403,144.795051297642,115.62119345696701,15.5861196229969
0:01:02,,-,2.3174474502531801,28.8239732618555,2.1211831321899099,-,23.762743786912502,0.91531013225700897,28.43,59.902009999999997,10.5493860986792,8.4884911157542398,682.47468570664103,475.20310510813403,144.795051297642,115.62119345696701,15.5861196229969
0:01:03,,-,2.5352908359597999,31.5334681089528,2.3218437386136901,-,22.849851850653099,0.91580962060894999,28.98,62.857619999999997,10.7478852331715,9.2875507790760299,746.71908263771297,521.15009238237496,157.21957755053,126.800509095468,16.9235282616287
0:01:04,,-,2.5352908359597999,31.5334681089528,2.3218437386136901,-,22.849851850653099,0.91580962060894999,28.98,62.857619999999997,10.9553072005709,9.2875507790760299,746.71908263771297,521.15009238237496,157.21957755053,126.800509095468,16.9235282616287
0:01:05,,-,2.2012351666426699,27.378546848789501,1.99786165565973,-,23.631777643885101,0.90760936674788495,28.98,56.945700000000002,11.148884218833601,8.0477045877327296,647.03544885371105,434.27661243209599,153.415297317062,105.663409350875,16.514025545431899
0:01:06,,-,2.2012351666426699,27.378546848789501,1.99786165565973,-,23.631777643885101,0.90760936674788495,28.98,56.945700000000002,11.3286162879596,8.0477045877327296,647.03544885371105,434.27661243209599,153.415297317062,105.663409350875,16.514025545431899
0:01:07,,-,2.0117362169651098,25.021594738371999,1.88581943878359,-,25.2634314436471,0.93740890226081697,25.21,55.109059999999999,11.501209000229199,7.40835919760206,595.63207948720606,457.35396700920597,84.043313457594294,111.27833747182601,9.0466429986646109
0:01:08,,-,2.0117362169651098,25.021594738371999,1.88581943878359,-,25.2634314436471,0.93740890226081697,25.21,55.109059999999999,11.6666623556423,7.40835919760206,595.63207948720606,457.35396700920597,84.043313457594294,111.27833747182601,9.0466429986646109
0:01:09,,-,2.0117362169651098,25.021594738371999,1.88581943878359,-,25.2634314436471,0.93740890226081697,25.21,55.109059999999999,11.832115711055399,7.40835919760206,595.63207948720606,457.35396700920597,84.043313457594294,111.27833747182601,9.0466429986646109
0:01:10,,-,1.8375122937594599,22.854630519396199,1.76301774645737,-,26.5724916049959,0.95945902100623404,23.34,52.795079999999999,11.9908081104355,6.8029004483764002,546.95319604946303,458.61039646315402,38.804938156388701,111.584038068894,4.1770654635509903
0:01:11,,-,1.8375122937594599,22.854630519396199,1.76301774645737,-,26.5724916049959,0.95945902100623404,23.34,52.795079999999999,12.142739553782601,6.8029004483764002,546.95319604946303,458.61039646315402,38.804938156388701,111.584038068894,4.1770654635509903
0:01:12,,-,1.6206443872330401,20.1572684979234,1.59375453373763,-,29.0992770354245,0.98340792483086403,26.78,51.712179999999996,12.2860691151095,6.0325826555308097,485.01964550467699,441.32836934038397,0,107.379165289631,0
0:01:13,,-,1.6206443872330401,20.1572684979234,1.59375453373763,-,29.0992770354245,0.98340792483086403,26.78,51.712179999999996,12.4207967944164,6.0325826555308097,485.01964550467699,441.32836934038397,0,107.379165289631,0
0:01:14,,-,1.6206443872330401,20.1572684979234,1.59375453373763,-,29.0992770354245,0.98340792483086403,26.78,51.712179999999996,12.555524473723199,6.0325826555308097,485.01964550467699,441.32836934038397,0,107.379165289631,0
0:01:15,,-,1.5165695518472,18.862805371233801,1.51336667175977,-,29.226829686783699,0.99788807570115601,24.79,48.538820000000001,12.6859261697495,5.6451811677202999,453.872565884712,412.987064022553,0,100.483470565098,0
0:01:16,,-,1.5165695518472,18.862805371233801,1.51336667175977,-,29.226829686783699,0.99788807570115601,24.79,48.538820000000001,12.8120018824953,5.6451811677202999,453.872565884712,412.987064022553,0,100.483470565098,0
0:01:17,,-,1.52654339430056,18.986858138066601,1.55128449183738,-,30.188201771437299,1.0162072677587799,25.1,50.3506,12.938492168807599,5.6823071587563998,456.85749556401498,415.70310688838703,0,101.14430824535,0
0:01:18,,-,1.52654339430056,18.986858138066601,1.55128449183738,-,30.188201771437299,1.0162072677587799,25.1,50.3506,13.065397028686499,5.6823071587563998,456.85749556401498,415.70310688838703,0,101.14430824535,0
0:01:19,,-,1.39716681951193,17.377696760098601,1.4544774661630999,-,31.190019252835501,1.0410191867218801,25.97,47.992559999999997,13.1869242110764,5.2007241000359103,418.13821764288798,380.47171792230199,0,92.572194141679205,0
0:01:20,,-,1.3971876826938501,17.377956252411,1.45449899166825,-,31.189553515086899,1.04101904825264,25.97,47.992559999999997,13.303074583177899,5.2008017598053096,418.14446148834702,380.477399313067,0,92.573576475198806,0
0:01:21,,-,1.3971876826938501,17.377956252411,1.45449899166825,-,31.189553515086899,1.04101904825264,25.97,47.992559999999997,13.4192258224802,5.2008017598053096,418.14446148834702,380.477399313067,0,92.573576475198806,0
0:01:22,,-,1.2151865146807199,15.1142601328447,1.26125133736957,-,30.662033811155201,1.0379076151128599,24.99,41.508389999999999,13.527811986066199,4.52333229266522,363.67591633028297,330.91546004370298,0,80.514710472920498,0
0:01:23,,-,1.2151865146807199,15.1142601328447,1.26125133736957,-,30.662033811155201,1.0379076151128599,24.99,41.508389999999999,13.6288330739357,4.52333229266522,363.67591633028297,330.91546004370298,0,80.514710472920498,0
0:01:24,,-,1.06648409688084,13.2647275731448,1.1319295058068899,-,31.1619836593899,1.0613655741491701,23.52,37.23216,13.7236731847151,3.9698119562349801,319.17288128129201,290.42132321666202,0,70.662122437144006,0
0:01:25,,-,1.06648409688084,13.2647275731448,1.1319295058068899,-,31.1619836593899,1.0613655741491701,23.52,37.23216,13.8123323184043,3.9698119562349801,319.17288128129201,290.42132321666202,0,70.662122437144006,0
0:01:26,,-,1.06648409688084,13.2647275731448,1.1319295058068899,-,31.1619836593899,1.0613655741491701,23.52,37.23216,13.900991452093599,3.9698119562349801,319.17288128129201,290.42132321666202,0,70.662122437144006,0
0:01:27,,-,1.03375434060677,12.857641052323,1.11279403037876,-,31.974637205004299,1.0764588709979099,24.89,37.285220000000002,13.988290138006001,3.8479808120468202,309.37765728856499,281.50846726927801,0,68.493544347756298,0
0:01:28,,-,1.03375434060677,12.857641052323,1.11279403037876,-,31.974637205004299,1.0764588709979099,24.89,37.285220000000002,14.0742283761418,3.8479808120468202,309.37765728856499,281.50846726927801,0,68.493544347756298,0
0:01:29,,-,1.0988881426792401,13.6677629686472,1.19385511900323,-,32.677229469825697,1.08642096737203,26.54,40.42042,14.162873971322201,4.0904306966522697,328.87062801084301,299.24548279472401,0,72.809119901392805,0
0:01:30,,-,1.0988881426792401,13.6677629686472,1.19385511900323,-,32.677229469825697,1.08642096737203,26.54,40.42042,14.254226923547501,4.0904306966522697,328.87062801084301,299.24548279472401,0,72.809119901392805,0
0:01:31,,-,1.0553278497772001,13.125968280811,1.1479561010948001,-,34.157347413517201,1.0877720144855001,28.7,40.926200000000001,14.3437692450079,3.92828465801432,315.834086504352,287.38329193663799,0,69.922942077040901,0
0:01:32,,-,1.0553278497772001,13.125968280811,1.1479561010948001,-,34.157347413517201,1.0877720144855001,28.7,40.926200000000001,14.4315009357036,3.92828465801432,315.834086504352,287.38329193663799,0,69.922942077040901,0
0:01:33,,-,1.0553278497772001,13.125968280811,1.1479561010948001,-,34.157347413517201,1.0877720144855001,28.7,40.926200000000001,14.5192326263992,3.92828465801432,315.834086504352,287.38329193663799,0,69.922942077040901,0
0:01:34,,-,1.0553278497772001,13.125968280811,1.1479561010948001,-,34.157347413517201,1.0877720144855001,28.7,40.926200000000001,14.606964317094899,3.92828465801432,315.834086504352,287.38329193663799,0,69.922942077040901,0
0:01:35,,-,0.84877834427227805,10.556944580501,0.94219849587275994,-,29.777479798533001,1.1100642496723701,16.940000000000001,28.15428,14.686110553832201,3.1594380348850901,254.01881800476099,231.13643286585599,0,56.237574906534299,0
0:01:36,,-,0.84877622256626295,10.556918191122699,0.94219619190565596,-,29.7775542340041,1.1100643100686101,16.940000000000001,28.15428,14.7566712484203,3.15943013718279,254.01818302949701,231.135855090088,0,56.237434328488597,0
0:01:37,,-,1.14212825381218,14.2055752961713,1.2799549240185899,-,34.7165564529679,1.12067530047206,26.54,44.162559999999999,14.839425349794199,4.2513849112219102,341.81134686224198,311.02048284206899,0,75.6740834165617,0
0:01:38,,-,1.14212825381218,14.2055752961713,1.2799549240185899,-,34.7165564529679,1.12067530047206,26.54,44.162559999999999,14.9343729461448,4.2513849112219102,341.81134686224198,311.02048284206899,0,75.6740834165617,0
0:01:39,,-,0.94975299087812004,11.8128481452503,1.0823029456694699,-,37.595354100424302,1.1395625558060101,24.29,39.835599999999999,15.021324256285,3.5352995789482899,284.238086147442,258.633505315761,0,62.9278601741511,0
0:01:40,,-,0.94975567130185501,11.8128814838539,1.0823059812493501,-,37.595247997894496,1.1395625358738899,24.29,39.835599999999999,15.1002793916296,3.5353095563855699,284.23888833339998,258.634235239639,0,62.928037771201602,0
0:01:41,,-,0.94975567130185501,11.8128814838539,1.0823059812493501,-,37.595247997894496,1.1395625358738899,24.29,39.835599999999999,15.1792346383889,3.5353095563855699,284.23888833339998,258.634235239639,0,62.928037771201602,0
0:01:42,,-,0.886480098224118,11.0258718684592,1.0329502440335501,-,36.0283328006822,1.1652266600263801,21.58,35.606999999999999,15.2555597674047,3.2997766241306099,265.30204058010099,241.40324631605799,0,58.7355830452695,0
0:01:43,,-,0.886480098224118,11.0258718684592,1.0329502440335501,-,36.0283328006822,1.1652266600263801,21.58,35.606999999999999,15.3292547786769,3.2997766241306099,265.30204058010099,241.40324631605799,0,58.7355830452695,0
0:01:44,,-,0.88649140060222598,11.0260124453013,1.0329633684574999,-,36.027873455177399,1.1652266088038401,21.58,35.606999999999999,15.402950259744699,3.2998186953775099,265.30542310835199,241.40632414123601,0,58.7363319078434,0
0:01:45,,-,0.81190743772088703,10.098351215433899,0.93448028759790203,-,39.679005885736103,1.15096899496461,24.48,36.377279999999999,15.4735460473917,3.0221921386799599,242.984247949869,221.09587295486401,0,53.794616290721102,0
0:01:46,,-,0.81190743772088703,10.098351215433899,0.93448028759790203,-,39.679005885736103,1.15096899496461,24.48,36.377279999999999,15.5410416718222,3.0221921386799599,242.984247949869,221.09587295486401,0,53.794616290721102,0
0:01:47,,-,0.66924936999941398,8.3239971392961891,0.77292747607873802,-,36.122499450423298,1.15491700213243,22.98,28.08156,15.602607559121701,2.49117090306058,200.29014060607099,182.24771299038201,0,44.342509243401999,0
0:01:48,,-,0.66924936999941398,8.3239971392961891,0.77292747607873802,-,36.122499450423298,1.15491700213243,22.98,28.08156,15.65824370929,2.49117090306058,200.29014060607099,182.24771299038201,0,44.342509243401999,0
0:01:49,,-,0.66924936999941398,8.3239971392961891,0.77292747607873802,-,36.122499450423298,1.15491700213243,22.98,28.08156,15.7138798594584,2.49117090306058,200.29014060607099,182.24771299038201,0,44.342509243401999,0
0:01:50,,-,0.74868774994976295,9.3120366909174503,0.85740335101667497,-,35.0215159814747,1.14520820071412,22.98,30.12678,15.7728179519476,2.7868672303036699,224.06412531641499,203.88010252797,0,49.605864362036399,0
0:01:51,,-,0.74868774994976295,9.3120366909174503,0.85740335101667497,-,35.0215159814747,1.14520820071412,22.98,30.12678,15.8350579867577,2.7868672303036699,224.06412531641499,203.88010252797,0,49.605864362036399,0
0:01:52,,-,0.51424564018177998,6.3960900520121804,0.57671402399889504,-,41.4983391836953,1.1214757674854301,34.090000000000003,27.135639999999999,15.887553181296401,1.9141949671879901,153.901275361914,140.03762429912601,0,34.072414671320097,0
0:01:53,,-,0.51424564018177998,6.3960900520121804,0.57671402399889504,-,41.4983391836953,1.1214757674854301,34.090000000000003,27.135639999999999,15.930303535563599,1.9141949671879901,153.901275361914,140.03762429912601,0,34.072414671320097,0
0:01:54,,-,0.51424564018177998,6.3960900520121804,0.57671402399889504,-,41.4983391836953,1.1214757674854301,34.090000000000003,27.135639999999999,15.973053889830799,1.9141949671879901,153.901275361914,140.03762429912601,0,34.072414671320097,0
0:01:55,,-,0.83787633366136105,10.421347433598999,0.97127966591385295,-,32.168828402418598,1.1592160166042,17.850000000000001,29.988,16.029256304472401,3.1188570902682899,250.75611005757099,228.16763440312701,0,55.515239514142898,0
0:01:56,,-,0.83787633366136105,10.421347433598999,0.97127966591385295,-,32.168828402418598,1.1592160166042,17.850000000000001,29.988,16.098910779488399,3.1188570902682899,250.75611005757099,228.16763440312701,0,55.515239514142898,0
0:01:57,,-,0.83787633366136105,10.421347433598999,0.97127966591385295,-,32.168828402418598,1.1592160166042,17.850000000000001,29.988,16.168565254504401,3.1188570902682899,250.75611005757099,228.16763440312701,0,55.515239514142898,0
0:01:58,,-,0.83787414304635799,10.421320187143801,0.97127718978049005,-,32.168912507553898,1.15921609210794,17.850000000000001,29.988,16.2382196384651,3.1188489360635998,250.755454459513,228.167037862298,0,55.515094370388802,0
0:01:59,,-,0.83787414304635799,10.421320187143801,0.97127718978049005,-,32.168912507553898,1.15921609210794,17.850000000000001,29.988,16.307873931370501,3.1188489360635998,250.755454459513,228.167037862298,0,55.515094370388802,0
0:02:00,,-,0.87693460687043401,10.907146851622301,1.0388706752026899,-,36.502972683719797,1.1846615096080699,11.76,34.009920000000001,16.379151814770299,3.2642450997367498,262.44530601883503,238.803850565293,0,58.103126658222202,0
0:02:01,,-,0.87693460687043401,10.907146851622301,1.0388706752026899,-,36.502972683719797,1.1846615096080699,11.76,34.009920000000001,16.452053288664398,3.2642450997367498,262.44530601883503,238.803850565293,0,58.103126658222202,0
0:02:02,,-,0.87693460687043401,10.907146851622301,1.0388706752026899,-,36.502972683719797,1.1846615096080699,11.76,34.009920000000001,16.524954762558501,3.2642450997367498,262.44530601883503,238.803850565293,0,58.103126658222202,0
0:02:03,,-,1.11101212160269,13.8185587264016,1.24428862473419,-,29.873697464364,1.1199595400806599,21.58,36.858640000000001,16.607585921936401,4.1355602176908297,332.49904150234198,302.54704351363102,0,73.612419346382296,0
0:02:04,,-,1.1110285534311899,13.818763102378,1.24430664118347,-,29.873255640009599,1.1199591921743799,21.58,36.858640000000001,16.699947449804899,4.1356213824746604,332.50395915096198,302.5515181733,0,73.613508071362602,0
0:02:05,,-,0.99862466258292004,12.420704758494001,1.0951557514847401,-,30.438663432744999,1.0966640345654499,27.14,35.010599999999997,16.787637471186201,3.7172163531621099,298.86419479423398,271.94207279072799,0,66.165954450298798,0
0:02:06,,-,0.99862466258292004,12.420704758494001,1.0951557514847401,-,30.438663432744999,1.0966640345654499,27.14,35.010599999999997,16.870655303073502,3.7172163531621099,298.86419479423398,271.94207279072799,0,66.165954450298798,0
0:02:07,,-,0.99862466258292004,12.420704758494001,1.0951557514847401,-,30.438663432744999,1.0966640345654499,27.14,35.010599999999997,16.953673134960798,3.7172163531621099,298.86419479423398,271.94207279072799,0,66.165954450298798,0
0:02:08,,-,0.87320425275417701,10.860749412365401,0.96073021674173997,-,29.2316487459731,1.10023538446073,23.9,29.588200000000001,17.031477731641399,3.25035946898518,261.32890130640902,237.78801321555801,0,57.855964286023898,0
0:02:09,,-,0.87320425275417701,10.860749412365401,0.96073021674173997,-,29.2316487459731,1.10023538446073,23.9,29.588200000000001,17.104069093115399,3.25035946898518,261.32890130640902,237.78801321555801,0,57.855964286023898,0
0:02:10,,-,0.93105020769256697,11.580226463837899,1.0240607760124301,-,30.198414400960001,1.0998985527862899,23.16,32.053440000000002,17.179064884372899,3.4656815391462601,278.64079574735899,253.54042698813399,0,61.688668366942501,0
0:02:11,,-,0.93105020769256697,11.580226463837899,1.0240607760124301,-,30.198414400960001,1.0998985527862899,23.16,32.053440000000002,17.256465105413799,3.4656815391462601,278.64079574735899,253.54042698813399,0,61.688668366942501,0
0:02:12,,-,0.93105020769256697,11.580226463837899,1.0240607760124301,-,30.198414400960001,1.0998985527862899,23.16,32.053440000000002,17.333865326454799,3.4656815391462601,278.64079574735899,253.54042698813399,0,61.688668366942501,0
0:02:13,,-,0.78941057609470699,9.8185395036655105,0.88298503966377795,-,31.596637738746999,1.1185371293503501,21.12,28.53312,17.4053781427654,2.9384512647910999,236.25148168920401,214.969604086152,0,52.304039923637902,0
0:02:14,,-,0.78941057609470699,9.8185395036655105,0.88298503966377795,-,31.596637738746999,1.1185371293503501,21.12,28.53312,17.4710035543457,2.9384512647910999,236.25148168920401,214.969604086152,0,52.304039923637902,0
0:02:15,,-,0.78941057609470699,9.8185395036655105,0.88298503966377795,-,31.596637738746999,1.1185371293503501,21.12,28.53312,17.536628965926099,2.9384512647910999,236.25148168920401,214.969604086152,0,52.304039923637902,0
0:02:16,,-,0.75409664920650199,9.3793115572948,0.86909987275406597,-,33.100001208419101,1.1525046208182701,22.05,28.709099999999999,17.6007865158786,2.8070009697586502,225.68287796859499,205.35303558330699,0,49.964242234381302,0
0:02:17,,-,0.75409664920650199,9.3793115572948,0.86909987275406597,-,33.100001208419101,1.1525046208182701,22.05,28.709099999999999,17.663476204203199,2.8070009697586502,225.68287796859499,205.35303558330699,0,49.964242234381302,0
0:02:18,,-,0.749023797296266,9.3162163842819101,0.88410979888427099,-,34.397198183823903,1.18034941222912,22.64,29.613119999999999,17.725955033942501,2.7881181113790801,224.16469615487799,203.97161379880799,0,49.628129878055503,0
0:02:19,,-,0.749023797296266,9.3162163842819101,0.88410979888427099,-,34.397198183823903,1.18034941222912,22.64,29.613119999999999,17.7882230050967,2.7881181113790801,224.16469615487799,203.97161379880799,0,49.628129878055503,0
0:02:20,,-,0.749023797296266,9.3162163842819101,0.88410979888427099,-,34.397198183823903,1.18034941222912,22.64,29.613119999999999,17.8504909762508,2.7881181113790801,224.16469615487799,203.97161379880799,0,49.628129878055503,0
0:02:21,,-,0.61298773134213302,7.6242255142056301,0.74124530550677004,-,40.001322614259998,1.2092335092642299,27.52,29.198720000000002,17.9071044609511,2.2817461901442999,183.45239368760201,166.92673484080299,0,40.6147773335287,0
0:02:22,,-,0.61298773134213302,7.6242255142056301,0.74124530550677004,-,40.001322614259998,1.2092335092642299,27.52,29.198720000000002,17.9580634591977,2.2817461901442999,183.45239368760201,166.92673484080299,0,40.6147773335287,0
0:02:23,,-,0.61298773134213302,7.6242255142056301,0.74124530550677004,-,40.001322614259998,1.2092335092642299,27.52,29.198720000000002,18.009022457444299,2.2817461901442999,183.45239368760201,166.92673484080299,0,40.6147773335287,0
0:02:24,,-,0.75193774506218203,9.3524595156987704,0.98137286704798599,-,40.739143900093502,1.3051251562944599,15.15,33.208799999999997,18.0657570635403,2.7989648035283601,225.03677020367999,204.76513014700001,0,49.821199549148403,0
0:02:25,,-,0.75193774506218203,9.3524595156987704,0.98137286704798599,-,40.739143900093502,1.3051251562944599,15.15,33.208799999999997,18.128267277485701,2.7989648035283601,225.03677020367999,204.76513014700001,0,49.821199549148403,0
0:02:26,,-,0.75193933638160304,9.3524793082288902,0.98137490109669401,-,40.739057684374004,1.3051250993453201,15.15,33.208799999999997,18.190777557576101,2.7989707269536499,225.03724644707299,204.76556348969399,0,49.821304985327103,0
0:02:27,,-,0.64742822166798797,8.0525898217411402,0.85153631022332499,-,40.910944431432199,1.3152597951777401,21.89,30.208200000000001,18.248943786108001,2.4099452609734402,193.75959898226401,176.30545206867299,0,42.896703666343697,0
0:02:28,,-,0.64743910093937396,8.0527251360618592,0.85155025652334604,-,40.910256982579497,1.3152592348652199,21.89,30.208200000000001,18.302766349145099,2.4099857572750198,193.762854884912,176.30841467486701,0,42.897424495101497,0
0:02:29,,-,0.64743910093937396,8.0527251360618592,0.85155025652334604,-,40.910256982579497,1.3152592348652199,21.89,30.208200000000001,18.356589364390899,2.4099857572750198,193.762854884912,176.30841467486701,0,42.897424495101497,0
0:02:30,,-,0.64743910093937396,8.0527251360618592,0.85155025652334604,-,40.910256982579497,1.3152592348652199,21.89,30.208200000000001,18.4104123796367,2.4099857572750198,193.762854884912,176.30841467486701,0,42.897424495101497,0
0:02:31,,-,0.59416889611722101,7.3901603994679199,0.77628658693825303,-,38.041961044592803,1.3065082874770699,14.63,25.090450000000001,18.4620211611097,2.2116961656790801,177.82037172059799,161.802053616395,0,39.367896257030402,0
0:02:32,,-,0.59416889611722101,7.3901603994679199,0.77628658693825303,-,38.041961044592803,1.3065082874770699,14.63,25.090450000000001,18.5114157088098,2.2116961656790801,177.82037172059799,161.802053616395,0,39.367896257030402,0
0:02:33,,-,0.59416889611722101,7.3901603994679199,0.77628658693825303,-,38.041961044592803,1.3065082874770699,14.63,25.090450000000001,18.560810256509999,2.2116961656790801,177.82037172059799,161.802053616395,0,39.367896257030402,0
0:02:34,,-,0.61626575736284595,7.6649969821249497,0.78731829027961797,-,36.352157705250796,1.2775629359138001,22.47,26.222490000000001,18.6111232841861,2.29394810382303,184.43342754737199,167.81939574147501,0,40.831969766782301,0
0:02:35,,-,0.61626575736284595,7.6649969821249497,0.78731829027961797,-,36.352157705250796,1.2775629359138001,22.47,26.222490000000001,18.662354791838201,2.29394810382303,184.43342754737199,167.81939574147501,0,40.831969766782301,0
0:02:36,,-,0.61626575736284595,7.6649969821249497,0.78731829027961797,-,36.352157705250796,1.2775629359138001,22.47,26.222490000000001,18.713586299490199,2.29394810382303,184.43342754737199,167.81939574147501,0,40.831969766782301,0
0:02:37,,-,0.61626575736284595,7.6649969821249497,0.78731829027961797,-,36.352157705250796,1.2775629359138001,22.47,26.222490000000001,18.7648178071423,2.29394810382303,184.43342754737199,167.81939574147501,0,40.831969766782301,0
0:02:38,,-,0.75398319150669202,9.3779003918742703,0.95124425632857101,-,35.200744922394499,1.2616252816295399,17.09,29.446069999999999,18.8217736891384,2.80657864209849,225.648922824718,205.322139168251,0,49.956724858455303,0
0:02:39,,-,0.75398319150669202,9.3779003918742703,0.95124425632857101,-,35.200744922394499,1.2616252816295399,17.09,29.446069999999999,18.884453945478601,2.80657864209849,225.648922824718,205.322139168251,0,49.956724858455303,0
0:02:40,,-,0.74073758178513904,9.2131540023027192,0.92016190652458496,-,34.3344669224265,1.2422238713837701,20.329999999999998,28.888929999999998,18.946583633701302,2.7572740345623501,221.68483237881301,201.71513976395099,0,49.0791094316182,0
0:02:41,,-,0.74073758178513904,9.2131540023027192,0.92016190652458496,-,34.3344669224265,1.2422238713837701,20.329999999999998,28.888929999999998,19.008162753806499,2.7572740345623501,221.68483237881301,201.71513976395099,0,49.0791094316182,0
0:02:42,,-,0.74073758178513904,9.2131540023027192,0.92016190652458496,-,34.3344669224265,1.2422238713837701,20.329999999999998,28.888929999999998,19.069741873911799,2.7572740345623501,221.68483237881301,201.71513976395099,0,49.0791094316182,0
0:02:43,,-,0.62108373384223203,7.7249220627143202,0.76916969957631098,-,35.442064894894898,1.2384315635155501,21.73,25.706589999999998,19.1263474522022,2.3118822302564799,185.875331312621,169.13141071522099,0,41.1511948212218,0
0:02:44,,-,0.62108373384223203,7.7249220627143202,0.76916969957631098,-,35.442064894894898,1.2384315635155501,21.73,25.706589999999998,19.177979488678002,2.3118822302564799,185.875331312621,169.13141071522099,0,41.1511948212218,0
0:02:45,,-,0.62108373384223203,7.7249220627143202,0.76916969957631098,-,35.442064894894898,1.2384315635155501,21.73,25.706589999999998,19.2296115251537,2.3118822302564799,185.875331312621,169.13141071522099,0,41.1511948212218,0
0:02:46,,-,0.91372221800633902,11.364704204058899,1.1395152611131301,-,34.288539101478499,1.24711344285734,20.2,34.764200000000002,19.2934073972487,3.4011809424331001,273.45494777162202,248.82172775194499,0,60.540566363003698,0
0:02:47,,-,0.91372221800633902,11.364704204058899,1.1395152611131301,-,34.288539101478499,1.24711344285734,20.2,34.764200000000002,19.3693671049631,3.4011809424331001,273.45494777162202,248.82172775194499,0,60.540566363003698,0
0:02:48,,-,0.91372221800633902,11.364704204058899,1.1395152611131301,-,34.288539101478499,1.24711344285734,20.2,34.764200000000002,19.445326812677401,3.4011809424331001,273.45494777162202,248.82172775194499,0,60.540566363003698,0
0:02:49,,-,0.91372221800633902,11.364704204058899,1.1395152611131301,-,34.288539101478499,1.24711344285734,20.2,34.764200000000002,19.521286520391701,3.4011809424331001,273.45494777162202,248.82172775194499,0,60.540566363003698,0
0:02:50,,-,0.71941086632908002,8.94789634737662,0.90143528399230799,-,33.742957100255801,1.2530187215437001,16.57,27.091950000000001,19.589169466269599,2.6778888376782199,215.30226254932899,195.90752112179001,0,47.666063533282099,0
0:02:51,,-,0.71941086632908002,8.94789634737662,0.90143528399230799,-,33.742957100255801,1.2530187215437001,16.57,27.091950000000001,19.648975650311101,2.6778888376782199,215.30226254932899,195.90752112179001,0,47.666063533282099,0
0:02:52,,-,0.71941086632908002,8.94789634737662,0.90143528399230799,-,33.742957100255801,1.2530187215437001,16.57,27.091950000000001,19.7087818343526,2.6778888376782199,215.30226254932899,195.90752112179001,0,47.666063533282099,0
0:02:53,,-,0.71941086632908002,8.94789634737662,0.90143528399230799,-,33.742957100255801,1.2530187215437001,16.57,27.091950000000001,19.768588018394102,2.6778888376782199,215.30226254932899,195.90752112179001,0,47.666063533282099,0
0:02:54,,-,0.57056751193996003,7.0966108450243803,0.71167372595995104,-,34.455624599370303,1.2473085324122699,15.74,22.335059999999999,19.822207367163401,2.1238438879333499,170.75704858984099,155.375004921949,0,37.804137450595903,0
0:02:55,,-,0.57056751193996003,7.0966108450243803,0.71167372595995104,-,34.455624599370303,1.2473085324122699,15.74,22.335059999999999,19.8696398806606,2.1238438879333499,170.75704858984099,155.375004921949,0,37.804137450595903,0
0:02:56,,-,0.57056751193996003,7.0966108450243803,0.71167372595995104,-,34.455624599370303,1.2473085324122699,15.74,22.335059999999999,19.917072394157799,2.1238438879333499,170.75704858984099,155.375004921949,0,37.804137450595903,0
0:02:57,,-,0.25412053498482001,3.1607031714529898,0.32548326270795302,-,43.4609505314465,1.2808223574981701,20.76,14.57352,19.951351446240299,0.94592197019913005,76.052126404010096,69.201240077247306,0,16.837284690327799,0
0:02:58,,-,0.25412959920293399,3.1608159104842599,0.325494798985553,-,43.459400379333999,1.2808220687651199,20.76,14.57352,19.972477413672099,0.94595571026290404,76.054839105137503,69.203708414305794,0,16.8378852589552,0
0:02:59,,-,0.25412959920293399,3.1608159104842599,0.325494798985553,-,43.459400379333999,1.2808220687651199,20.76,14.57352,19.993603757867898,0.94595571026290404,76.054839105137503,69.203708414305794,0,16.8378852589552,0
0:03:00,,-,0.43014883088632899,5.3501098368946396,0.53778130645635902,-,37.171273875263203,1.2502214764788599,25.42,20.310580000000002,20.0220465321162,1.6011584015245099,128.73313548257099,117.13666712094,0,28.500405625532899,0
0:03:01,,-,0.43014883088632899,5.3501098368946396,0.53778130645635902,-,37.171273875263203,1.2502214764788599,25.42,20.310580000000002,20.057805736416999,1.6011584015245099,128.73313548257099,117.13666712094,0,28.500405625532899,0
0:03:02,,-,0.99814111197070499,12.414690447396801,1.2335638247463701,-,35.468031098431602,1.23586115224815,29.85,40.476599999999998,20.117174155205898,3.7154164153970402,298.71947979792202,271.81039393208198,0,66.133915798559997,0
0:03:03,,-,0.99814111197070499,12.414690447396801,1.2335638247463701,-,35.468031098431602,1.23586115224815,29.85,40.476599999999998,20.200151788483101,3.7154164153970402,298.71947979792202,271.81039393208198,0,66.133915798559997,0
0:03:04,,-,1.54379905041428,19.2014807265457,1.8670274339544499,-,37.140876582747801,1.20937205749248,40.81,64.275750000000002,20.305810285101199,5.7465385056215599,462.02169585197299,420.40210849204499,0,102.287617637967,0
0:03:05,,-,1.54379905041428,19.2014807265457,1.8670274339544499,-,37.140876582747801,1.20937205749248,40.81,64.275750000000002,20.43414964506,5.7465385056215599,462.02169585197299,420.40210849204499,0,102.287617637967,0
0:03:06,,-,1.6561488399962401,20.598866169107499,2.0009314960544402,-,37.983252761353803,1.2081833756312499,31.08,68.189520000000002,20.567158945735201,6.16474215185257,495.64526900894703,450.99682120172002,0,109.731586667085,0
0:03:07,,-,1.6561488399962401,20.598866169107499,2.0009314960544402,-,37.983252761353803,1.2081833756312499,31.08,68.189520000000002,20.704838187126501,6.16474215185257,495.64526900894703,450.99682120172002,0,109.731586667085,0
0:03:08,,-,1.6819479153219099,20.919750190571001,2.0945683562522501,-,37.276124562989501,1.2453229598678599,33.89,68.457800000000006,20.843589795032798,6.2607749740832901,503.36630791629699,458.02233767755001,0,111.440958072397,0
0:03:09,,-,1.6819479153219099,20.919750190571001,2.0945683562522501,-,37.276124562989501,1.2453229598678599,33.89,68.457800000000006,20.983413769454,6.2607749740832901,503.36630791629699,458.02233767755001,0,111.440958072397,0
0:03:10,,-,1.64929709258963,20.513645430219299,2.1542203229794201,-,40.7685675928915,1.30614449795517,29.26,72.213679999999997,21.121880577056601,6.1392376470452303,493.59470682243699,449.13097664389397,0,109.277609889025,0
0:03:11,,-,1.34803534660038,16.7666087885619,1.75850981280873,-,41.326943051230799,1.3044982961637701,38.21,62.205880000000001,21.246467947001701,5.0178402584838899,403.434356782105,367.092402266036,0,89.316886196115902,0
0:03:12,,-,1.3480391783946499,16.766656447694601,1.75851472887445,-,41.326825579612702,1.3044982349612699,38.21,62.205880000000001,21.3585332053805,5.0178545217089701,403.43550354540099,367.09344572722398,0,89.317140079616607,0
0:03:13,,-,1.42346212240324,17.704752766209399,1.7821205362116801,-,38.7834766595644,1.25196203549338,33.89,60.968110000000003,21.473733659407898,5.2986040479095404,426.00776545192701,387.63236540163399,0,94.314444136650593,0
0:03:14,,-,1.42346212240324,17.704752766209399,1.7821205362116801,-,38.7834766595644,1.25196203549338,33.89,60.968110000000003,21.592069149811199,5.2986040479095404,426.00776545192701,387.63236540163399,0,94.314444136650593,0
0:03:15,,-,1.9895913471558799,24.7461610342772,2.3420725270041798,-,34.8034786635885,1.1771626019343999,31.91,74.669399999999996,21.733936414748001,7.4059271404621203,595.43654209315503,541.79875104690996,0,131.824513636718,0
0:03:16,,-,1.9895913471558799,24.7461610342772,2.3420725270041798,-,34.8034786635885,1.1771626019343999,31.91,74.669399999999996,21.899335454218399,7.4059271404621203,595.43654209315503,541.79875104690996,0,131.824513636718,0
0:03:17,,-,2.2472367663787498,27.950706049487,2.5296799630166298,-,34.522397088142199,1.12568466343358,34.479999999999997,83.441599999999994,22.075443804654601,8.3649699135250497,672.54358104741402,611.95987561525601,0,148.895346865026,0
0:03:18,,-,2.4235018677160398,30.1430580561696,2.5908916951507401,-,30.652701774069399,1.06906940310818,33.89,80.048180000000002,22.269588115947599,9.0210878142066093,725.29546026221101,659.95978871008106,0,160.57415783700301,0
0:03:19,,-,2.4235018677160398,30.1430580561696,2.5908916951507401,-,30.652701774069399,1.06906940310818,33.89,80.048180000000002,22.4710590771315,9.0210878142066093,725.29546026221101,659.95978871008106,0,160.57415783700301,0
0:03:20,,-,2.7184246881882501,33.811252340649901,2.7261161222106902,-,29.175687796176899,1.0028293717518999,35.71,85.38261,22.684788824848098,10.1188895932499,813.55872329728902,740.27216844348402,0,180.11488283296401,0
0:03:21,,-,2.7184246881882501,33.811252340649901,2.7261161222106902,-,29.175687796176899,1.0028293717518999,35.71,85.38261,22.910777359097398,10.1188895932499,813.55872329728902,740.27216844348402,0,180.11488283296401,0
0:03:22,,-,2.8309344998258399,35.210628107286503,2.8003671634307001,-,28.3934156742041,0.98920238656280501,30.15,85.505399999999995,23.141442485552901,10.5376888953107,847.23018718297703,770.91045781527305,0,187.56945445627099,0
0:03:23,,-,2.8309344998258399,35.210628107286503,2.8003671634307001,-,28.3934156742041,0.98920238656280501,30.15,85.505399999999995,23.3767842042149,10.5376888953107,847.23018718297703,770.91045781527305,0,187.56945445627099,0
0:03:24,,-,2.8309299811625701,35.2105719050071,2.8003626946056301,-,28.393460995100501,0.98920238693279605,30.15,85.505399999999995,23.612125735053699,10.5376720753285,847.22883485641296,770.90922730825503,0,187.56915506283599,0
0:03:25,,-,3.2710899562834799,40.685198461237299,3.2116451232974099,-,24.672647673589601,0.98182720934596102,22.55,84.539950000000005,23.865757175688099,12.175591265064501,978.91753771118204,890.20203188212702,0.52953747961779396,216.59416834115001,5.70008051257044E-2
0:03:26,,-,3.3083178407730101,41.148231850410497,3.28110816076462,-,27.598218911961101,0.99177537306934505,36.58,97.522279999999995,24.139231759877401,12.314670005617099,990.09946845161403,900.90986611864696,0,219.19948080745701,0
0:03:27,,-,3.3083178407730101,41.148231850410497,3.28110816076462,-,27.598218911961101,0.99177537306934505,36.58,97.522279999999995,24.414259390002801,12.314670005617099,990.09946845161403,900.90986611864696,0,219.19948080745701,0
0:03:28,,-,3.4613452167617602,43.0515574224099,3.4882012036312302,-,27.0631775028892,1.00775882935323,37.5,100.05,24.695647768790899,12.884289288837699,1035.89685882255,942.58176085482398,0,229.33862794521301,0
0:03:29,,-,3.4613452167617602,43.0515574224099,3.4882012036312302,-,27.0631775028892,1.00775882935323,37.5,100.05,24.983396896241601,12.884289288837699,1035.89685882255,942.58176085482398,0,229.33862794521301,0
0:03:30,,-,3.1258174535016301,38.87832653609,3.19282912373935,-,28.4956819536018,1.0214381265811401,36.58,95.290899999999993,25.257199448723998,11.635342276749601,935.48151905066402,851.21198115822301,0,207.107537994701,0
0:03:31,,-,3.1258174535016301,38.87832653609,3.19282912373935,-,28.4956819536018,1.0214381265811401,36.58,95.290899999999993,25.517055426238102,11.635342276749601,935.48151905066402,851.21198115822301,0,207.107537994701,0
0:03:32,,-,3.1622057032242501,39.330916706769202,3.2174239993198501,-,21.6641693897868,1.01746195576059,26.43,72.999660000000006,25.7784239207725,11.7707915621517,946.37164159699898,861.12110560263602,0,209.51851717825701,0
0:03:33,,-,4.7664301321801803,59.2839568679127,4.7923224122012096,-,26.1075892332614,1.00543221641837,40,131.24,26.1079862586265,17.7422536188101,1426.4771909523299,1297.97804773286,0,315.80974397393101,0
0:03:34,,-,4.7664301321801803,59.2839568679127,4.7923224122012096,-,26.1075892332614,1.00543221641837,40,131.24,26.504229922779999,17.7422536188101,1426.4771909523299,1297.97804773286,0,315.80974397393101,0
0:03:35,,-,4.1143543734178403,51.173561858430801,4.2876893363845898,-,26.549365972396402,1.04212932266764,35.5,115.2685,26.873369351605,15.315008664031399,1231.3266965881201,1120.4069941642799,0,272.60510806916699,0
0:03:36,,-,4.1143543734178403,51.173561858430801,4.2876893363845898,-,26.549365972396402,1.04212932266764,35.5,115.2685,27.215404545101698,15.315008664031399,1231.3266965881201,1120.4069941642799,0,272.60510806916699,0
0:03:37,,-,4.3087117180804899,53.5909417671703,4.5830747649647297,-,27.956985261864698,1.0636763526631301,37.03,126.75369000000001,27.565518412183099,16.0384719701233,1289.4931463979101,1173.3337254478399,0,285.48265825981503,0
0:03:38,,-,4.2636919129077597,53.030993941638798,4.6649613984365397,-,27.688975285150701,1.0941131521051,35.71,124.12796,27.921839655875701,15.870893136679101,1276.0198081890001,1161.07408517054,0,282.49977741375602,0
0:03:39,,-,4.2636919129077597,53.030993941638798,4.6649613984365397,-,27.688975285150701,1.0941131521051,35.71,124.12796,28.2762896025949,15.870893136679101,1276.0198081890001,1161.07408517054,0,282.49977741375602,0
0:03:40,,-,4.4476219528011702,55.318681004989699,4.9653734572947101,-,29.771453465509801,1.1164108618016499,39.21,139.07786999999999,28.638384800679798,16.5555425127131,1331.0656180221299,1211.1612882721799,0,294.68644483507899,0
0:03:41,,-,4.2393174116796803,52.727828503478598,4.85731133986702,-,31.061144333570201,1.1457767532303,42.85,138.96254999999999,28.999466846215402,15.780163057641399,1268.72510983437,1154.43650386941,0,280.884794128811,0
0:03:42,,-,4.2393174116796803,52.727828503478598,4.85731133986702,-,31.061144333570201,1.1457767532303,42.85,138.96254999999999,29.351890487836101,15.780163057641399,1268.72510983437,1154.43650386941,0,280.884794128811,0
0:03:43,,-,3.5670113335022799,44.365812605749703,4.1584610253368997,-,29.4139267275566,1.1658109931638201,33.51,110.61651000000001,29.676368998985701,13.2776140602358,1067.5201704429601,971.35639850080702,0,236.33975632623,0
0:03:44,,-,3.5670161803289999,44.365872889664203,4.1584665922635997,-,29.413886760200398,1.1658109697388701,33.51,110.61651000000001,29.972902581127901,13.2776321017526,1067.52162098091,971.35771837218101,0,236.34007746281799,0
0:03:45,,-,4.4312515653563098,55.115069220849598,5.1377260888507399,-,29.2277854438593,1.1594300195045699,37.97,135.97057000000001,30.305359244767399,16.494606433125099,1326.1663572232601,1206.70336002251,0,293.601790759734,0
0:03:46,,-,4.4385596504930396,55.205965802152299,5.1919480529078097,-,30.377386047976799,1.1697371358591699,43.16,142.16904,30.674042556916302,16.521809580211801,1328.3534902490301,1208.69347291945,0,294.08600314341902,0
0:03:47,,-,4.3721193315698299,54.379593676241598,5.0822238343452,-,30.460696495258301,1.1624165419383501,42.85,140.4623,31.040267973708001,16.274496401132101,1308.4695106510201,1190.6006711673699,0,289.68386159789998,0
0:03:48,,-,4.3721193315698299,54.379593676241598,5.0822238343452,-,30.460696495258301,1.1624165419383501,42.85,140.4623,31.403731726666599,16.274496401132101,1308.4695106510201,1190.6006711673699,0,289.68386159789998,0
0:03:49,,-,4.2154090578952497,52.430460919095196,4.8609779532820898,-,31.1239948954107,1.1531450178429801,41.09,138.18566999999999,31.7606816473305,15.6911681359309,1261.5699181288501,1147.92586225524,0,279.300696412467,0
0:03:50,,-,4.3040373113791501,53.532802380337699,5.0850925514176,-,31.323215912549902,1.18147036922135,41.09,141.80159,32.114801665069599,16.021072258617501,1288.0942095928499,1172.0608069079101,0,285.17294571968699,0
0:03:51,,-,4.3040373113791501,53.532802380337699,5.0850925514176,-,31.323215912549902,1.18147036922135,41.09,141.80159,32.472605612178697,16.021072258617501,1288.0942095928499,1172.0608069079101,0,285.17294571968699,0
0:03:52,,-,4.5651249748206304,56.780161378366103,5.4061401693296096,-,30.337723668877501,1.1842261053416201,42.25,145.678,32.841261950863803,16.992928220639602,1366.2314289394301,1243.1593117182399,0,302.47185199957198,0
0:03:53,,-,4.2104845216303399,52.369210468039,5.1561705452806796,-,32.418074285461998,1.22460266004829,43.47,143.88570000000001,33.206029666493997,15.6728373581907,1260.0961235985401,1146.5848292830001,0,278.97441101776099,0
0:03:54,,-,4.3383380892745498,53.959428971076498,5.3164935996117197,-,32.287681853634197,1.2254677920919601,44.44,147.62968000000001,33.561370739540799,16.1487512728621,1298.3596023381101,1181.40147812174,0,287.445615114779,0
0:03:55,,-,4.3383380892745498,53.959428971076498,5.3164935996117197,-,32.287681853634197,1.2254677920919601,44.44,147.62968000000001,33.922026184634703,16.1487512728621,1298.3596023381101,1181.40147812174,0,287.445615114779,0
0:03:56,,-,4.1399249323415797,51.491603636089302,5.0189311988173699,-,31.5128298537071,1.21232420414411,41.09,137.44605000000001,34.274434371913102,15.4101908714735,1238.97934606647,1127.3702818304901,0,274.299338644888,0
0:03:57,,-,4.4215903604901898,54.994904981221303,5.4399247403452602,-,30.885350940755199,1.2303095259467201,41.37,143.59527,34.630303030034597,16.458644184179001,1323.2749924079901,1204.07245356146,0,292.96166753320301,0
0:03:58,,-,4.4215903604901898,54.994904981221303,5.4399247403452602,-,30.885350940755199,1.2303095259467201,41.37,143.59527,34.997879416814598,16.458644184179001,1323.2749924079901,1204.07245356146,0,292.96166753320301,0
0:03:59,,-,4.40361040206166,54.771273657483398,5.4644124779880601,-,31.236925486323699,1.24089371653536,41.37,144.58815000000001,35.364708447144203,16.3917167408623,1317.89402596533,1199.17621241406,0,291.77036798395699,0
0:04:00,,-,4.5005157658688999,55.976564252100701,5.5507612917238003,-,31.180848440580199,1.23336114803103,42.55,147.5634,35.734818097450898,16.752431047798801,1346.8954562430299,1225.5651516078101,0,298.19103445445597,0
0:04:01,,-,4.5005157658688999,55.976564252100701,5.5507612917238003,-,31.180848440580199,1.23336114803103,42.55,147.5634,36.108955724185101,16.752431047798801,1346.8954562430299,1225.5651516078101,0,298.19103445445597,0
0:04:02,,-,4.6428328619543304,57.746677387491701,5.75203472385083,-,30.973460444463999,1.2389062658244401,42.85,151.0891,36.489008915194901,17.282183072483502,1389.48751902767,1264.32045933567,0,307.62054971670898,0
0:04:03,,-,3.9994921221439501,49.744926892337702,5.02383053687252,-,30.247590520355999,1.25611712273594,37.5,127.35,36.848236515677698,14.887452791645901,1196.9512044483299,1089.1280964290299,0,264.994670663997,0
0:04:04,,-,3.9994870701375902,49.744864056437599,5.0238243174291002,-,30.247628728010401,1.25611715435706,37.5,127.35,37.1807227513657,14.8874339863816,1196.9496925050801,1089.1267206838299,0,264.99433593280497,0
0:04:05,,-,5.0181933738954703,62.415340471336698,6.2171445813553303,-,31.910673437379501,1.23892088608956,46.51,168.04062999999999,37.5555524081757,18.679400951831699,1501.82383652727,1366.5373577217399,0,332.49084129482799,0
0:04:06,,-,4.2827500722933598,53.268035725041699,5.27173822809677,-,31.708210310596499,1.2309236212968699,38.21,142.29404,37.942156198538598,15.9418340060404,1281.72345408565,1166.26393833668,0,283.76251541038499,0
0:04:07,,-,4.5401041982935197,56.468957690217898,5.7602853753747301,-,32.448557029896598,1.26875620553816,43.47,154.70973000000001,38.3088876943877,16.899792487906101,1358.7433160276501,1236.34573892502,0,300.81404840024697,0
0:04:08,,-,4.5400986054807202,56.468888127869597,5.7602783574126297,-,32.448597002311502,1.2687562227082301,43.47,154.70973000000001,38.6863161608129,16.899771669578701,1358.74164223413,1236.3442159092499,0,300.81367783680099,0
0:04:09,,-,4.4407822625911999,55.233610231233797,5.5518259356192203,-,31.921547064837402,1.25019098152759,39.729999999999997,148.51074,39.0596162033819,16.530082888840699,1329.01866426279,1209.2987270891399,0,294.23326693166501,0
0:04:10,,-,4.5035811639108001,56.014691093417902,5.6824850682394503,-,33.094152092637202,1.2617703248640699,47.24,157.07300000000001,39.431398358931503,16.763841488735501,1347.81285569434,1226.39991038023,0,298.39413877864502,0
0:04:11,,-,4.5035811639108001,56.014691093417902,5.6824850682394503,-,33.094152092637202,1.2617703248640699,47.24,157.07300000000001,39.805790818846603,16.763841488735501,1347.81285569434,1226.39991038023,0,298.39413877864502,0
0:04:12,,-,3.5177839645075299,43.753531896859897,4.3969927178811297,-,26.441845473879699,1.2499325604540601,28.7,97.895700000000005,40.139207550221599,13.094373261258299,1052.78761020516,957.95096874921205,0,233.078094586183,0
0:04:13,,-,3.5177839645075299,43.753531896859897,4.3969927178811297,-,26.441845473879699,1.2499325604540601,28.7,97.895700000000005,40.431648553056299,13.094373261258299,1052.78761020516,957.95096874921205,0,233.078094586183,0
0:04:14,,-,5.5029045009562196,68.444085832788801,6.7339171720396198,-,30.406502597114802,1.22370235043503,47.24,175.35488000000001,40.806603241535797,20.483658542876501,1646.8861468472701,1498.5322438250901,0,364.60638535890399,0
0:04:15,,-,4.5970123030150702,57.176769937998401,5.66052221197425,-,31.0206217865613,1.23134806671316,41.66,149.68438,41.226417225069397,17.111623564610401,1375.7745345946801,1251.8427605152399,0,304.58461326404699,0
0:04:16,,-,4.4849590145945397,55.7830723208276,5.6567201983618203,-,32.556759052836199,1.26126463585381,43.47,153.40563,41.6039192016881,16.694523595273498,1342.23969705999,1221.32878999373,0,297.16028953618797,0
0:04:17,,-,4.4849590145945397,55.7830723208276,5.6567201983618203,-,32.556759052836199,1.26126463585381,43.47,153.40563,41.976763561982601,16.694523595273498,1342.23969705999,1221.32878999373,0,297.16028953618797,0
0:04:18,,-,4.70385393586053,58.505645968414498,5.9248978880912704,-,32.642788677899297,1.2595837304644899,44.11,161.04561000000001,42.358706526815602,17.509324001713999,1407.7496497378099,1280.93751071016,0,311.66362791001399,0
0:04:19,,-,4.4510416548940004,55.361214613109397,5.68483186534338,-,32.961104697523702,1.27719134218679,43.47,154.10114999999999,42.7392396798489,16.56827179231,1332.08905210172,1212.0925299191099,0,294.91302431121801,0
0:04:20,,-,4.4510416548940004,55.361214613109397,5.68483186534338,-,32.961104697523702,1.27719134218679,43.47,154.10114999999999,43.109264416543802,16.56827179231,1332.08905210172,1212.0925299191099,0,294.91302431121801,0
0:04:21,,-,4.43236543005521,55.128923259393098,5.6382111668807404,-,33.330645302447401,1.27205467506106,42.55,154.96709999999999,43.478512855720702,16.498752611593499,1326.4997099721199,1207.00668387017,0,293.67559218252302,0
0:04:22,,-,4.4736514201619499,55.642430599029197,5.8726627342696398,-,34.358939837658497,1.31272246822866,43.47,161.09981999999999,43.848701094284898,16.652432931469001,1338.8556076901,1218.2495443236701,0,296.41108134396001,0
0:04:23,,-,4.3389778329300199,53.967385981716703,5.6764031694830503,-,34.625657420919801,1.30823511620706,43.16,157.57715999999999,44.215007576204698,16.151132613587102,1298.5510621323999,1181.5756909388699,0,287.48800266152602,0
0:04:24,,-,4.3389778329300199,53.967385981716703,5.6764031694830503,-,34.625657420919801,1.30823511620706,43.16,157.57715999999999,44.575716204574803,16.151132613587102,1298.5510621323999,1181.5756909388699,0,287.48800266152602,0
0:04:25,,-,4.42330190595451,55.016192860130701,5.7961143855708697,-,33.698355474977397,1.31035920875496,42.25,156.2405,44.939929854391302,16.465015131169899,1323.7872165460601,1204.5385358030501,0,293.07506953845501,0
0:04:26,,-,4.4146037889545102,54.908007325304801,5.7757220697789702,-,33.122390363967199,1.30832173075872,40.81,153.15993,45.307286978998,16.432637818686501,1321.18408062239,1202.1698941552099,0,292.49875770199702,0
0:04:27,,-,4.4146037889545102,54.908007325304801,5.7757220697789702,-,33.122390363967199,1.30832173075872,40.81,153.15993,45.674282556948697,16.432637818686501,1321.18408062239,1202.1698941552099,0,292.49875770199702,0
0:04:28,,-,4.1976617642143097,52.209723435501402,5.4237838917662202,-,33.323685388973203,1.2920964566523201,43.16,147.21876,46.032260704620498,15.6251067489384,1256.2585826146501,1143.0929795808399,0,278.12481255008299,0
0:04:29,,-,4.6534555269044304,57.878800085875902,5.9964753997770304,-,34.154440518684297,1.2886070072245901,46.87,166.90406999999999,46.400166983536202,17.321724198740601,1392.66662557874,1267.21318733782,0,308.32437648122198,0
0:04:30,,-,4.83986621307682,60.197340958666899,6.15378700177338,-,34.154233344998502,1.27147874152936,47.61,173.39562000000001,46.794767186090397,18.015607373277799,1448.45483281154,1317.97591159996,0,320.67540428222799,0
0:04:31,,-,4.83986621307682,60.197340958666899,6.15378700177338,-,34.154233344998502,1.27147874152936,47.61,173.39562000000001,47.197115750760297,18.015607373277799,1448.45483281154,1317.97591159996,0,320.67540428222799,0
0:04:32,,-,4.2191674968277999,52.4772076719875,5.4242609112571802,-,33.591422977769597,1.28562350637547,40.54,148.61964,47.573664300865701,15.7051583078002,1262.6947279471401,1148.94934756666,0,279.54971960259297,0
0:04:33,,-,4.5805834121479201,56.9724304993522,5.9822630710997702,-,32.811805064264298,1.3060046140049599,41.37,157.33010999999999,47.939435480460702,17.050469715637998,1370.8577651373,1247.36890081252,0,303.496082922754,0
0:04:34,,-,4.5805834121479201,56.9724304993522,5.9822630710997702,-,32.811805064264298,1.3060046140049599,41.37,157.33010999999999,48.320229304110001,17.050469715637998,1370.8577651373,1247.36890081252,0,303.496082922754,0
0:04:35,,-,4.4384630433699304,55.204764221019097,5.5265095603570202,-,32.128238673297602,1.2451403799818499,40,149.4,48.695115740667298,16.5214499760569,1328.3245780749701,1208.6671651961501,0,294.079602237507,0
0:04:36,,-,4.4384630433699304,55.204764221019097,5.5265095603570202,-,32.128238673297602,1.2451403799818499,40,149.4,49.064094790132501,16.5214499760569,1328.3245780749701,1208.6671651961501,0,294.079602237507,0
0:04:37,,-,3.59533985722992,44.7181574282328,4.4307129083874797,-,26.214245034575299,1.2323488416478099,28.84,99.151920000000004,49.3980285109824,13.3830623388603,1075.9982120443699,979.07072576533596,0,238.21672159740501,0
0:04:38,,-,5.4280761032987801,67.513384369387794,6.7881347873707902,-,30.250441754162299,1.25055998814119,46.15,172.0472,49.773096570749097,20.205122117856,1624.4918182756201,1478.1552289915701,0,359.64847420719502,0
0:04:39,,-,5.4280761032987801,67.513384369387794,6.7881347873707902,-,30.250441754162299,1.25055998814119,46.15,172.0472,50.224344298047903,20.205122117856,1624.4918182756201,1478.1552289915701,0,359.64847420719502,0
0:04:40,,-,4.7594678554763501,59.197361386521798,5.8080968420846402,-,30.765262934073299,1.22032483850095,40.81,153.36398,50.647800599200302,17.716337686840401,1424.39355002197,1296.0821042126099,0,315.34844384735101,0
0:04:41,,-,4.6346726987425102,57.645182820180402,5.8682848200181903,-,33.2965259967268,1.26617027813213,43.47,161.70840000000001,51.038278228322,17.251808204655799,1387.04537965432,1262.0983114343801,0,307.07988112758699,0
0:04:42,,-,4.5075494573766299,56.064047977321302,5.7194362449561797,-,32.214555019993199,1.2688571249276701,41.37,152.24160000000001,51.418284596315097,16.7786128096512,1349.0004698959599,1227.48054256465,0,298.65706631743302,0
0:04:43,,-,4.5075546756501703,56.064112881221099,5.7194427165268502,-,32.214517726078398,1.2688570917227699,41.37,152.24160000000001,51.793007165967197,16.778632233817699,1349.00203159895,1227.48196358716,0,298.65741206500201,0
0:04:44,,-,4.62432608564598,57.516493602561901,5.9606366984055201,-,34.959353429207198,1.2889741311512399,46.15,169.50895,52.172583682681299,17.213294636101601,1383.94888874257,1259.28075693442,0,306.39434475290102,0
0:04:45,,-,4.3977890034976603,54.698868202707203,5.5989697332518604,-,35.509243366564597,1.27313286944846,44.44,163.71696,52.547597670319597,16.370047540459801,1316.1518222529701,1197.5909489498699,0,291.38465911189098,0
0:04:46,,-,4.1137566776128098,51.166127831005099,5.4601167873468404,-,38.733579180104599,1.32728238815411,47.24,167.37132,52.9013892873961,15.312783839526301,1231.14782069792,1120.24423167482,0,272.56550649022302,0
0:04:47,,-,4.1137566776128098,51.166127831005099,5.4601167873468404,-,38.733579180104599,1.32728238815411,47.24,167.37132,53.243374793145499,15.312783839526301,1231.14782069792,1120.24423167482,0,272.56550649022302,0
0:04:48,,-,4.3484008414812898,54.084587580612997,5.6080336338704804,-,36.979111600305799,1.2896772487883399,48,168.96,53.595113537764,16.186208215857999,1301.37114055499,1184.1417325893201,0,288.112343695699,0
0:04:49,,-,4.3643781112266602,54.283309841127597,5.5588760149199601,-,35.250898542509503,1.2736925796187699,45.45,161.57474999999999,53.957269633777102,16.245680979351299,1306.15275073985,1188.4926083636699,0,289.17095094006498,0
0:04:50,,-,4.3621090675077996,54.255087904325897,5.5618806738371998,-,35.563826488325802,1.2750439266331499,45.11,162.80198999999999,54.319995527055703,16.237234836637398,1305.4736808656501,1187.8747100928899,0,289.02061072819799,0
0:04:51,,-,4.57476866833274,56.900107815083899,5.7935077644126798,-,36.099407854908399,1.2664045298107101,49.18,173.50703999999999,54.691466531763403,17.0288252864455,1369.1175530302201,1245.7854495469001,0,303.110814974915,0
0:04:52,,-,4.57476866833274,56.900107815083899,5.7935077644126798,-,36.099407854908399,1.2664045298107101,49.18,173.50703999999999,55.071776963160701,17.0288252864455,1369.1175530302201,1245.7854495469001,0,303.110814974915,0
0:04:53,,-,3.94451827041707,49.061172517625202,4.9787414973707298,-,34.970495899215301,1.2621925305074899,44.44,145.49655999999999,55.425890353997403,14.682821654150301,1180.49886099368,1074.1578040378599,0,261.35226375616998,0
0:04:54,,-,4.38908027089317,54.590550632999602,5.5642464452336702,-,31.597995807850101,1.2677477060817901,41.66,145.76833999999999,55.772285405432001,16.3376307131315,1313.54550933577,1195.21941649671,0,290.80764391647398,0
0:04:55,,-,4.9070721916048496,61.033236213990698,6.1236629796737896,-,32.807139107392899,1.2479260016085201,45.8,168.773,56.1586900533676,18.265770594530998,1468.5679558003001,1336.27721517238,0,325.12827619766,0
0:04:56,,-,4.9070721916048496,61.033236213990698,6.1236629796737896,-,32.807139107392899,1.2479260016085201,45.8,168.773,56.566625596645402,18.265770594530998,1468.5679558003001,1336.27721517238,0,325.12827619766,0
0:04:57,,-,4.7217200883770101,58.727861795734,6.0316009676211504,-,34.854014409941001,1.27741603795374,46.15,172.41640000000001,56.966856778954501,17.575827821207699,1413.0965568250999,1285.8027606185301,0,312.84738701180697,0
0:04:58,,-,4.7108746777009696,58.592968628121497,5.9415564471262101,-,35.3698328653728,1.26124273168435,46.87,174.59075000000001,57.358932799050898,17.535457560556001,1409.8507878687001,1282.8493752576201,0,312.12880176584503,0
0:04:59,,-,4.4088307612572297,54.8362034982243,5.6442816790510602,-,35.369912896255499,1.28022189661948,44.44,163.49476000000001,57.738003235302102,16.411148670893901,1319.4563531398701,1200.59780288098,0,292.11625374233103,0
0:05:00,,-,4.4088307612572297,54.8362034982243,5.6442816790510602,-,35.369912896255499,1.28022189661948,44.44,163.49476000000001,58.104518888952001,16.411148670893901,1319.4563531398701,1200.59780288098,0,292.11625374233103,0
0:05:01,,-,4.5393782705760604,56.459928738508097,5.6830419674697898,-,34.1622554359896,1.2519428055394499,45.45,162.80189999999999,58.476460891253303,16.897090341159998,1358.5260634292699,1236.14805675715,0,300.76595054918499,0
0:05:02,,-,4.6498346482684996,57.8337642819465,5.8143718930010797,-,33.459813470557698,1.2504470229207501,45.8,163.36859999999999,58.858420481205698,17.308246072490999,1391.5829842282701,1266.22716197867,0,308.08446763471397,0
0:05:03,,-,4.8102892707324196,59.829468541448001,5.9532252069370299,-,34.413724556484901,1.2376023294812299,47.61,173.63367,59.2516407803666,17.905512061316699,1439.6031697298599,1309.92161922233,0,318.71572243852398,0
0:05:04,,-,4.8102892707324196,59.829468541448001,5.9532252069370299,-,34.413724556484901,1.2376023294812299,47.61,173.63367,59.651530549736002,17.905512061316699,1439.6031697298599,1309.92161922233,0,318.71572243852398,0
0:05:05,,-,4.7990255647399298,59.689372695770302,6.0480820450322801,-,34.350129578635297,1.2602729373791199,45.45,172.57364999999999,60.050952130963502,17.8635847650248,1436.23221510799,1306.8543251030601,0,317.96942216619402,0
0:05:06,,-,4.3685062807041799,54.334655232639101,5.4591673525725497,-,32.603993412833297,1.2496645310287999,37.729999999999997,148.84485000000001,60.432010523612199,16.261047412472202,1307.3882119627699,1189.6167774400101,0,289.44447139659599,0
0:05:07,,-,4.3685062807041799,54.334655232639101,5.4591673525725497,-,32.603993412833297,1.2496645310287999,37.729999999999997,148.84485000000001,60.795173915824101,16.261047412472202,1307.3882119627699,1189.6167774400101,0,289.44447139659599,0
0:05:08,,-,4.47391867570441,55.645754672940399,5.5935982828738799,-,33.6408059487811,1.2502682074329801,43.79,157.95052999999999,61.162718888430902,16.653427746348001,1338.9355908063801,1218.32232244433,0,296.42878891589498,0
0:05:09,,-,4.6856281885137703,58.278957568579202,5.8202203618683699,-,34.502449510676698,1.24214302281515,45.45,169.39214999999999,61.543445376684602,17.441481649502599,1402.29512462001,1275.9743371602301,0,310.45604310467797,0
0:05:10,,-,4.6409298281903597,57.723007813312996,5.8139049901901103,-,35.413592983388398,1.2527457223926901,48,172.512,61.931113864420098,17.275099341735501,1388.9179870755299,1263.80223165138,0,307.49446025581102,0
0:05:11,,-,4.8685882118456796,60.554579749324397,6.0979084430803097,-,35.066042263467402,1.2525003507677199,50.42,179.29352,62.326387283731997,18.122520298142899,1457.0506319706899,1325.7973886499001,0,322.578440060802,0
0:05:12,,-,4.8685882118456796,60.554579749324397,6.0979084430803097,-,35.066042263467402,1.2525003507677199,50.42,179.29352,62.731123570390601,18.122520298142899,1457.0506319706899,1325.7973886499001,0,322.578440060802,0
0:05:13,,-,3.6539598591201101,45.447261929354603,4.43593600771207,-,26.709258930803198,1.2140078650946799,28.84,102.49736,63.085372513720699,13.601265671717099,1093.54176000606,995.03392537206696,0,242.10071176935901,0
0:05:14,,-,3.6539598591201101,45.447261929354603,4.43593600771207,-,26.709258930803198,1.2140078650946799,28.84,102.49736,63.389134113722399,13.601265671717099,1093.54176000606,995.03392537206696,0,242.10071176935901,0
0:05:15,,-,5.3753535308298703,66.857630980471001,6.6092668907587901,-,31.304579137889998,1.2295501780212099,46.51,176.17988,63.7644473065318,20.008870997785301,1608.71322822193,1463.79799731359,0,356.15523048992401,0
0:05:16,,-,4.6333413300432396,57.628623508000402,5.71165275842628,-,32.105275524480298,1.23272868359409,41.95,155.8862,64.180469551176799,17.246852403255598,1386.64693322175,1261.7357576368499,0,306.99166852478101,0
0:05:17,,-,4.9444428824752897,61.498045801931397,6.0275529674697896,-,32.981390194229903,1.21905604144673,45.45,170.80109999999999,64.578580527903,18.4048768558097,1479.7520992070999,1346.4538746498699,0,327.60434906322899,0
0:05:18,,-,4.9444428824752897,61.498045801931397,6.0275529674697896,-,32.981390194229903,1.21905604144673,45.45,170.80109999999999,64.989622777682698,18.4048768558097,1479.7520992070999,1346.4538746498699,0,327.60434906322899,0
0:05:19,,-,4.7711584584944697,59.342766896697398,5.8865044158158604,-,34.488978186636103,1.2337683744994199,46.51,172.45908,65.393462272654901,17.759854037222599,1427.8922645927,1299.2656494784601,0,316.12302907018397,0
0:05:20,,-,4.7514743258771004,59.097939376580896,5.8337582510922399,-,35.529231228422397,1.2277785485067001,49.99,177.31452999999999,65.789280820522805,17.6865830852777,1422.00128005633,1293.90533341014,0,314.81881591487701,0
0:05:21,,-,4.8824189721992104,60.726604131831003,5.9143603408391199,-,35.392292423885301,1.21135862663894,50,181.3,66.189724032175107,18.174003032837,1461.1898438400999,1329.5637342847799,0,323.49482586004501,0
0:05:22,,-,4.8824189721992104,60.726604131831003,5.9143603408391199,-,35.392292423885301,1.21135862663894,50,181.3,66.595610099908498,18.174003032837,1461.1898438400999,1329.5637342847799,0,323.49482586004501,0
0:05:23,,-,4.5842377013192301,57.017881857204401,5.6238602174317203,-,33.509878852004697,1.2267819829266999,42.85,160.90174999999999,66.989101940088005,17.064072207120301,1371.95140545247,1248.3640244150699,0,303.738205453788,0
0:05:24,,-,4.4245974932333603,55.0323071297681,5.4261962153082699,-,33.070960742480999,1.2263705848061199,41.37,153.35858999999999,67.363563934521096,16.469837742107099,1324.1749544654101,1204.89134572583,0,293.16091136881499,0
0:05:25,,-,4.3954424951941604,54.669682776046798,5.34809791897327,-,31.883763728732301,1.21673709184473,42.25,147.32575,67.7301784516834,16.361313048547601,1315.44956910323,1196.95195578679,0,291.22918632282,0
0:05:26,,-,4.3954424951941604,54.669682776046798,5.34809791897327,-,31.883763728732301,1.21673709184473,42.25,147.32575,68.095581109767593,16.361313048547601,1315.44956910323,1196.95195578679,0,291.22918632282,0
0:05:27,,-,4.8227158789714704,59.984028345416299,5.7760397294208001,-,33.329659891612899,1.1976736499461,44.44,168.29427999999999,68.478743848928005,17.951768070297199,1443.32215285189,1313.3055909275199,0,319.53907321837602,0
0:05:28,,-,4.6703283919245804,58.088661591101697,5.6528444929567296,-,34.5063101512632,1.2103740933359199,46.15,169.00129999999999,68.873332518179097,17.3845306686062,1397.71626575594,1271.8079485723699,0,309.44232325361799,0
0:05:29,,-,4.9419222966892598,61.466695232453503,6.0691311899263702,-,35.003508678371503,1.22809118103542,49.58,181.41322,69.272876131322903,18.3954943890487,1478.99774887952,1345.7674772986099,0,327.43734240842099,0
0:05:30,,-,4.9419222966892598,61.466695232453503,6.0691311899263702,-,35.003508678371503,1.22809118103542,49.58,181.41322,69.683708839345002,18.3954943890487,1478.99774887952,1345.7674772986099,0,327.43734240842099,0
0:05:31,,-,4.6123721358420404,57.367812634851198,5.7392982648891699,-,35.230958217193901,1.24432680101633,46.87,170.46619000000001,70.080843437918801,17.1687980205452,1380.3713608518301,1256.02549796724,0,305.60231094093501,0
0:05:32,,-,4.46416458437049,55.524435128986198,5.5282149411474499,-,35.0040633687872,1.23835374719434,46.15,164.10939999999999,70.458119519609198,16.617119742775401,1336.0164273191499,1215.66612145618,0,295.78251130320803,0
0:05:33,,-,4.3516271794909098,54.124716162822203,5.2435242377518998,-,32.142082543101303,1.2049571393580001,41.09,146.85566,70.824557454715205,16.198217729401598,1302.33670544389,1185.02031798655,0,288.32611143225199,0
0:05:34,,-,4.3516271794909098,54.124716162822203,5.2435242377518998,-,32.142082543101303,1.2049571393580001,41.09,146.85566,71.186317650671896,16.198217729401598,1302.33670544389,1185.02031798655,0,288.32611143225199,0
0:05:35,,-,4.8347759889161797,60.134029712887802,5.9122826246774904,-,33.970301907786599,1.22286588628543,45.8,172.0248,71.568160450303495,17.996659849548301,1446.93145190368,1316.5897590632901,0,320.33814089131198,0
0:05:36,,-,4.8160126103942398,59.900654358137302,5.7801714445763297,-,34.968886841476497,1.2001985692689401,47.24,176.44139999999999,71.969305933454805,17.926816253555,1441.31602678582,1311.48017961968,0,319.09493421403499,0
0:05:37,,-,4.5874650006350901,57.058022395958801,5.5868507428067602,-,34.564111111049101,1.2178514151134301,45.11,166.23034999999999,72.360171667458005,17.076085298968501,1372.91725803707,1249.24287159195,0,303.95203688368503,0
0:05:38,,-,4.5874650006350901,57.058022395958801,5.5868507428067602,-,34.564111111049101,1.2178514151134301,45.11,166.23034999999999,72.741537572468303,17.076085298968501,1372.91725803707,1249.24287159195,0,303.95203688368503,0
0:05:39,,-,4.6963266663214602,58.4120232129534,5.6718579114075203,-,34.321053762269798,1.20772218680652,47.24,169.21368000000001,73.127428430546303,17.481304976675201,1405.49692012469,1278.8877102619899,0,311.16489300778397,0
0:05:40,,-,4.6344477614165802,57.642385092246002,5.5381945451302999,-,34.638215438840597,1.1950063589534301,45.8,168.315,73.515272177974197,17.250970912389999,1386.97806135616,1262.0370572665699,0,307.06497743712299,0
0:05:41,,-,4.5483161236573304,56.571096065389703,5.4939573893770497,-,34.028364738101601,1.20791018917993,43.16,162.10896,73.896963706851494,16.930360031846401,1361.2009465604499,1238.5819825195399,0,301.35814659842902,0
0:05:42,,-,4.5483161236573304,56.571096065389703,5.4939573893770497,-,34.028364738101601,1.20791018917993,43.16,162.10896,74.275075080896102,16.930360031846401,1361.2009465604499,1238.5819825195399,0,301.35814659842902,0
0:05:43,,-,4.3345244785324404,53.911996001647204,5.30149256105544,-,31.964279054414199,1.22308515900927,40.81,145.48765,74.644299973603395,16.134555732989799,1297.2182809323799,1180.3629686107299,0,287.19293640163602,0
0:05:44,,-,4.7534843299382201,59.122939427092298,5.7012872158321501,-,33.553155733674799,1.1993911876230501,46.15,167.3399,75.022052905070396,17.694064995394601,1422.60282562972,1294.4526908820501,0,314.95199291534198,0
0:05:45,,-,4.6248139951482701,57.522562128709801,5.4998612841043002,-,32.733320768967801,1.1892070232173699,44.11,158.88422,75.411872034775797,17.215110799119302,1384.09490824919,1259.4136227911899,0,306.42667221196899,0
0:05:46,,-,4.6248139951482701,57.522562128709801,5.4998612841043002,-,32.733320768967801,1.1892070232173699,44.11,158.88422,75.796342842622806,17.215110799119302,1384.09490824919,1259.4136227911899,0,306.42667221196899,0
0:05:47,,-,4.7677335229519597,59.300168195919902,5.6016629296565599,-,34.494243272676499,1.17491107728443,46.51,172.36606,76.186754255472394,17.747105276968501,1426.86726426827,1298.3329826762999,0,315.89610284094903,0
0:05:48,,-,4.8154950605539302,59.894217171068803,5.8173441758963698,-,33.765782739956897,1.20804696147423,46.51,170.50566000000001,76.585091533376797,17.924889759245399,1441.1611366433301,1311.33924220684,0,319.06064287271101,0
0:05:49,,-,4.5545768718488802,56.6489660677722,5.4578735543807904,-,34.982955493584797,1.19832724486769,50.84,167.97535999999999,76.974568724158402,16.953664639105401,1363.0746369840699,1240.28688818052,0,301.77296549404502,0
0:05:50,,-,4.5545768718488802,56.6489660677722,5.4578735543807904,-,34.982955493584797,1.19832724486769,50.84,167.97535999999999,77.3532005677651,16.953664639105401,1363.0746369840699,1240.28688818052,0,301.77296549404502,0
0:05:51,,-,3.6180724302210598,45.000900873396198,4.2593998636475403,-,26.788394060446802,1.17725665967038,30.45,102.09885,77.692905589709,13.467680609606401,1082.8015210123499,985.26118275153601,0,239.72291551132301,0
0:05:52,,-,5.6414849618868903,70.167723406553307,6.68631654048031,-,31.432474108854201,1.1852050631442199,52.17,186.19472999999999,78.077789123899095,20.999501556675,1688.35992515667,1536.27000377217,0,373.78832208568502,0
0:05:53,,-,5.6414781106783396,70.167638192516605,6.6863085545852297,-,31.4325122815514,1.1852050869308901,52.17,186.19472999999999,78.546777707220301,20.999476054176,1688.3578747557499,1536.26813807435,0,373.78786814461,0
0:05:54,,-,4.9304485123984296,61.3239864726172,5.9109081086319497,-,33.150154512107797,1.1988580945056,47.61,171.53882999999999,78.986211290228994,18.352785110781699,1475.5639229068499,1342.6429753714001,0,326.67712296141099,0
0:05:55,,-,4.8358350777583698,60.147202459681203,5.7890349511893602,-,34.315533373591101,1.19711174142706,49.58,174.37286,79.392157447794403,18.000602133883099,1447.2484115642001,1316.8781665358899,0,320.40831302576498,0
0:05:56,,-,4.4672973546575001,55.563399933550997,5.4124784825524603,-,34.479907597691003,1.2115778406623301,48,162.19200000000001,79.778852225741204,16.6287809658334,1336.95398965301,1216.5192268093299,0,295.99007951565102,0
0:05:57,,-,4.7332085838465696,58.870753530430001,5.7764165683220101,-,34.4338342823565,1.2204018618650501,49.18,171.34312,80.161281222289901,17.618591859422299,1416.53478549755,1288.93126864391,0,313.60858117856799,0
0:05:58,,-,4.7332085838465696,58.870753530430001,5.7764165683220101,-,34.4338342823565,1.2204018618650501,49.18,171.34312,80.554763107150393,17.618591859422299,1416.53478549755,1288.93126864391,0,313.60858117856799,0
0:05:59,,-,4.6923109844648598,58.362076921204697,5.6443003733072903,-,33.961517155959399,1.20288284216333,46.87,167.32589999999999,80.946545038986798,17.466357260255101,1404.2951237245099,1277.79417343212,0,310.898825652585,0
0:06:00,,-,4.0425625782254304,50.280629082405902,4.6809655649247697,-,31.367514428351502,1.1579203721268201,39.21,133.47084000000001,81.309619521399696,15.0477754931403,1209.84114964848,1100.8568965895799,0,267.84839333079901,0
0:06:01,,-,4.6756472538340201,58.154816589975397,5.5622170393608696,-,31.218052191663801,1.1896143437253199,45.8,153.75059999999999,81.672001357796503,17.404329258818201,1399.30807240898,1273.2563629634201,0,309.79473551421398,0
0:06:02,,-,4.6756472538340201,58.154816589975397,5.5622170393608696,-,31.218052191663801,1.1896143437253199,45.8,153.75059999999999,82.060698044576796,17.404329258818201,1399.30807240898,1273.2563629634201,0,309.79473551421398,0
0:06:03,,-,5.0361255677817702,62.638377708728498,5.9204735391970598,-,33.273324452433798,1.17560085814239,50.84,176.21144000000001,82.464378402994498,18.746150599481901,1507.19050819834,1371.4205917914001,0,333.67897610496402,0
0:06:04,,-,5.0430059377725103,62.723954449906799,5.9839604108002504,-,34.1662893373679,1.18658603313947,51.28,181.01840000000001,82.883328423082006,18.771761647159401,1509.24963643162,1373.29423075402,0,334.13484933187902,0
0:06:05,,-,4.8238794124032198,59.998500154268903,5.7587953617258396,-,35.109940676486197,1.1938099752076601,49.99,177.86442,83.293456201787805,17.956099132468999,1443.6703702504999,1313.6224403956401,0,319.61616554638499,0
0:06:06,,-,4.5698432990356999,56.838847002931502,5.6008092004853403,-,36.681778571132298,1.22560202483687,49.58,176.05858000000001,83.683916462821699,17.010491407879901,1367.64350919355,1244.44418972618,0,302.78447438593298,0
0:06:07,,-,4.6536517957495898,57.881241240666498,5.6569291742880203,-,34.8166616479525,1.21558926678931,48.38,170.24922000000001,84.067301028556201,17.322454777293501,1392.72536409439,1267.26663460242,0,308.33738068185397,0
0:06:08,,-,4.6536517957495898,57.881241240666498,5.6569291742880203,-,34.8166616479525,1.21558926678931,48.38,170.24922000000001,84.4541691852491,17.322454777293501,1392.72536409439,1267.26663460242,0,308.33738068185397,0
0:06:09,,-,4.4770796822250496,55.685070674440901,5.3025116261683403,-,34.166917021225998,1.18436838352921,45.11,160.63670999999999,84.833697930756799,16.665194074149898,1339.8816035616501,1219.1831169926099,0,296.63822797873598,0
0:06:10,,-,4.7003390085031604,58.461927966457203,5.7366628897131298,-,35.898810637859697,1.2204785398106801,49.18,177.09718000000001,85.215167280840504,17.4962402617039,1406.69771704099,1279.98033764295,0,311.43073908587598,0
0:06:11,,-,4.7306515686930597,58.838949859366402,5.6979653197300397,-,35.227705439747801,1.2044779111271999,50,175.15,85.6071766210882,17.609073790321801,1415.7695327418701,1288.2349509711601,0,313.43916082023401,0
0:06:12,,-,4.7472930579761501,59.045933556917298,5.7443156284157704,-,35.781439638448603,1.2100191747725499,50.42,178.43638000000001,86.001137657268998,17.671019001993301,1420.7499277602601,1292.76670475167,0,314.541777311842,0
0:06:13,,-,4.7472930579761501,59.045933556917298,5.7443156284157704,-,35.781439638448603,1.2100191747725499,50.42,178.43638000000001,86.395790414980198,17.671019001993301,1420.7499277602601,1292.76670475167,0,314.541777311842,0
0:06:14,,-,3.8292338584055399,47.627286796088796,4.37568428764187,-,30.623577544785402,1.14270489853651,37.729999999999997,123.67894,86.752283047497102,14.2536943577289,1145.99702636141,1042.76394492588,0,253.71385521310901,0
0:06:15,,-,4.8827181409866496,60.730325136649903,5.7394532607889603,-,32.733140718973402,1.17546274330494,46.87,167.7946,87.114404770299899,18.175116639531002,1461.27937781829,1329.6452029118,0,323.51464791041502,0
0:06:16,,-,5.3644173397872299,66.721608703821303,6.3741342259042497,-,33.480517756868601,1.18822489417967,53.09,188.62877,87.540338057621696,19.968162822123102,1605.4402908986999,1460.8198909519001,0,355.430630401923,0
0:06:17,,-,4.8583555417662101,60.427307733410501,5.6767118902883498,-,34.512961959766898,1.1684430753342201,51.72,176.46863999999999,87.965258687114002,18.084430863762599,1453.9882414465101,1323.0108627249299,0,321.900453217745,0
0:06:18,,-,4.8583555417662101,60.427307733410501,5.6767118902883498,-,34.512961959766898,1.1684430753342201,51.72,176.46863999999999,88.369144309738104,18.084430863762599,1453.9882414465101,1323.0108627249299,0,321.900453217745,0
0:06:19,,-,3.6088480619624601,44.886169924906199,4.1159665101137097,-,26.502487319455099,1.1405208641218001,31.41,100.98314999999999,88.721092800330993,13.4333444132122,1080.0408908222601,982.74923415020601,0,239.11173580297,0
0:06:20,,-,3.6088480619624601,44.886169924906199,4.1159665101137097,-,26.502487319455099,1.1405208641218001,31.41,100.98314999999999,89.021104158892697,13.4333444132122,1080.0408908222601,982.74923415020601,0,239.11173580297,0
0:06:21,,-,5.7339730686235404,71.318072992830096,6.5910732261283096,-,30.961866732767501,1.14947753455538,52.17,186.40341000000001,89.409448640575107,21.3437733493876,1716.0393772907601,1561.45605053913,0,379.91631399978797,0
0:06:22,,-,5.1210414978490597,63.6945459931475,5.8972274530501201,-,33.742456504712599,1.15156798778668,51.72,181.58892,89.860649080629599,19.062236207735999,1532.60379110197,1394.5446091531601,0,339.30525770149899,0
0:06:23,,-,4.9726380789217499,61.848732324897398,5.9010724959227296,-,35.599739452259797,1.1867086247311001,50.42,185.59602000000001,90.280203807057603,18.5098288455195,1488.1902391797701,1354.1318946824999,0,329.47248045803002,0
0:06:24,,-,4.7806574879396404,59.460914029100003,5.6997996427567399,-,35.622715166192698,1.19226270803459,50,178.8,90.685610103364397,17.795212614790099,1430.73509422913,1301.8523928802599,0,316.752407026828,0
0:06:25,,-,4.6890135506710404,58.321064063072598,5.5835678172321304,-,35.597448844248497,1.19077664350812,49.18,175.27752000000001,91.079227238894603,17.454083104327299,1403.30828158791,1276.89622747266,0,310.68034731695002,0
0:06:26,,-,4.4324687526442403,55.130208366222,5.39427125038908,-,36.107264130068302,1.2169902488700099,50.84,168.68711999999999,91.458371532437695,16.499137212967799,1326.5306319226099,1207.03482032632,0,293.68243803560102,0
0:06:27,,-,4.4324687526442403,55.130208366222,5.39427125038908,-,36.107264130068302,1.2169902488700099,50.84,168.68711999999999,91.8268522635273,16.499137212967799,1326.5306319226099,1207.03482032632,0,293.68243803560102,0
0:06:28,,-,4.6095280644917498,57.332438613081401,5.5582986684015303,-,36.2301471351198,1.2058281434965901,51.72,175.79628,92.202692656728104,17.158211431880801,1379.52019912322,1255.25101012697,0,305.413871077122,0
0:06:29,,-,4.81576966612168,59.897632663204902,5.71199630384488,-,35.846924161351303,1.18610247164187,52.17,181.49942999999999,92.594465367640296,17.9259119333868,1441.2433194442999,1311.41402186139,0,319.07883743586098,0
0:06:30,,-,4.7434277025319496,58.997856996666002,5.5992847395941796,-,36.504370016554198,1.1804300794139599,55.04,182.51264,92.991803762065501,17.656630850962799,1419.5931204174101,1291.7141042993101,0,314.28567014581802,0
0:06:31,,-,4.7195729340499701,58.701155896143902,5.6874621309954403,-,34.985574395670902,1.20507982617718,49.99,173.61527000000001,93.385143635109102,17.567835391743198,1412.45396549615,1285.21805485251,0,312.70512283516098,0
0:06:32,,-,4.6123800096579401,57.367910567884898,5.5205661639914902,-,35.494417124607502,1.1969018494642401,50.42,172.28514000000001,93.773036368830006,17.168827329532199,1380.37371729439,1256.0276421380199,0,305.60283263698699,0
0:06:33,,-,4.6850600919963803,58.271891691497302,5.5659120075246502,-,34.9013324886349,1.18801293862443,49.58,171.94344000000001,94.159494538882001,17.439367003486201,1402.12510708029,1275.8196350481401,0,310.41840268811302,0
0:06:34,,-,4.6850600919963803,58.271891691497302,5.5659120075246502,-,34.9013324886349,1.18801293862443,49.58,171.94344000000001,94.548973735293202,17.439367003486201,1402.12510708029,1275.8196350481401,0,310.41840268811302,0
0:06:35,,-,4.4775832167325698,55.6913335414499,5.2391482180073901,-,34.8667489677444,1.1700839413612401,49.99,164.61707000000001,94.929828930617404,16.6670683986843,1340.0322992542101,1219.32023779768,0,296.67159070503101,0
0:06:36,,-,4.4351031236250202,55.162974174440599,5.3113031308752996,-,34.057595909188301,1.1975602331731401,46.15,158.89445000000001,95.300294393764602,16.508943226435001,1327.31903540538,1207.75220327495,0,293.856983765194,0
0:06:37,,-,4.6886858488516001,58.316988169796097,5.4875752071503596,-,34.637372866381597,1.17038662517652,51.28,171.12136000000001,95.679534566510299,17.4528632881063,1403.2102083637401,1276.8069888273801,0,310.658634751188,0
0:06:38,,-,4.9296882957347803,61.314531041477302,5.87073851828361,-,35.135148433189798,1.1908944675798301,52.63,182.15243000000001,96.079332707735404,18.349955329063,1475.3364084566599,1342.43595575429,0,326.62675322488798,0
0:06:39,,-,4.8485988127842496,60.305955382888698,5.72608753803196,-,34.461890218557699,1.1809777956745,50.42,175.66327999999999,96.485777804545293,18.048113041978301,1451.06828857506,1320.3539434614399,0,321.25400084220001,0
0:06:40,,-,4.8485988127842496,60.305955382888698,5.72608753803196,-,34.461890218557699,1.1809777956745,50.42,175.66327999999999,96.888852329149501,18.048113041978301,1451.06828857506,1320.3539434614399,0,321.25400084220001,0
0:06:41,,-,4.8064006322878896,59.781102391640403,5.5963288833438298,-,34.804961716304099,1.16434923167858,53.09,176.31189000000001,97.290172840666699,17.891037243140101,1438.4393943484599,1308.86267842249,0,318.45807260887801,0
0:06:42,,-,4.8175604072178704,59.919905562411401,5.6334957511061399,-,35.341020269286702,1.1693669149775101,54.05,179.446,97.690203207231505,17.932577673115102,1441.7792449184601,1311.90167038819,0,319.19748671245401,0
0:06:43,,-,4.5756504638639699,56.911075421193701,5.3067612895431298,-,35.9182680796848,1.1597829273571201,55.04,173.70624000000001,98.080642193066495,17.032107625538099,1369.38145309326,1246.02557710786,0,303.169240172228,0
0:06:44,,-,4.7657989696065099,59.276106587145698,5.6953016617585996,-,35.701936041596902,1.19503606805069,58.25,180.05074999999999,98.468929658672195,17.739904219753299,1426.28829926817,1297.8061716867501,0,315.767924984611,0
0:06:45,,-,4.0583253561121699,50.4766835337335,4.6760314082310304,-,36.847388239777899,1.15220712927527,56.07,159.07059000000001,98.835713945738803,15.106449845904899,1214.5585676107501,1105.14936267026,0,268.89278897086501,0
0:06:46,,-,4.4914309971403998,55.863569616174203,5.0934628299971401,-,33.728199341467999,1.1340400939566999,51.72,160.28028,99.191093830797797,16.7186144877362,1344.17660481399,1223.09121827588,0,297.58910420337799,0
0:06:47,,-,4.8974477974362296,60.913529818858599,5.6331700080925904,-,33.6656574647536,1.1502256361040799,56.6,174.49780000000001,99.5813527491797,18.229945367362799,1465.6876075359701,1333.65633287532,0,324.49059194046799,0
0:06:48,,-,4.7388669558152801,58.941131291234797,5.4249437874791697,-,33.574038157952003,1.1447765548306801,53.57,168.2098,99.981896611239605,17.639654220089302,1418.22819929518,1290.4721372599699,0,313.98348838442001,0
0:06:49,,-,5.0386464971674201,62.669732551833498,5.7859773672760104,-,33.1374804908153,1.1483197661373401,53.09,175.99334999999999,100.38830955021901,18.755534345236001,1507.94496135698,1372.10708271054,0,333.846005525679,0
0:06:50,,-,4.9951633548744603,62.128897448687297,5.7600966493691699,-,34.179693009117003,1.15313479062667,56.07,180.26505,100.80537572668,18.593675487073899,1494.93150916074,1360.2659012440099,0,330.964939475427,0
0:06:51,,-,4.9951700213218402,62.128980364699402,5.7601043343015599,-,34.179647393627697,1.15313479015021,56.07,180.26505,101.22063475632299,18.593700301829699,1494.93350426711,1360.2677166282899,0,330.96538117476598,0
0:06:52,,-,4.2148516618968701,52.4235281330457,4.8986568919875699,-,34.039271487773298,1.1622370809090199,50.84,152.11328,101.603459285109,15.689093320839699,1261.4031029955199,1147.7740740721099,0,279.26376498104798,0
0:06:53,,-,5.2485364136500996,65.280303652364395,5.9582495755569003,-,33.5695794244224,1.1352211561419301,61.22,186.59855999999999,101.99681526247301,19.536815099804301,1570.75993402426,1429.26359114139,0,347.75269857454703,0
0:06:54,,-,5.10764836692071,63.527964762695298,5.8484895324726303,-,33.900336820639303,1.1450454519050099,59.4,183.249,102.427281302078,19.012382476727499,1528.5955511288901,1390.8974372754001,0,338.41786795021898,0
0:06:55,,-,5.0506064048426902,62.8184876224215,5.8319162945221503,-,33.901655816185702,1.15469625368754,57.69,181.03121999999999,102.84952016644201,18.8000531379903,1511.5242722944199,1375.3639641049799,0,334.63843408880399,0
0:06:56,,-,4.9735543041337502,61.860128160867603,5.7583823616716803,-,35.373909530609303,1.1578002389328701,57.14,185.64786000000001,103.266185265818,18.513239343446202,1488.4644432130699,1354.3813980170701,0,329.53318686546697,0
0:06:57,,-,4.6500587194105103,57.836551236449203,5.4997093861764101,-,36.089912004654103,1.1827182661628,57.69,177.62751,103.666201166722,17.3090801405293,1391.6500432985599,1266.28818027023,0,308.09931393436102,0
0:06:58,,-,3.6864087387655702,45.8508549597708,4.2020798885346196,-,38.179374554957697,1.1398844203971099,61.22,151.15217999999999,104.012715467794,13.722051298769401,1103.25292442106,1003.87029395093,0,244.25067979341301,0
0:06:59,,-,4.5378712250990603,56.441184391779402,5.3260535850311603,-,30.0976323974505,1.17368989132451,46.87,144.54707999999999,104.354566574129,16.891480611797299,1358.0750411885001,1235.73766325681,0,300.66609811601302,0
0:07:00,,-,5.3095633244153904,66.039344831037198,6.280831447462,-,34.994064228522603,1.18292806087844,59.4,195.90119999999999,104.76388585923399,19.763977755784499,1589.02381156508,1445.8822319895,0,351.79616350109399,0
0:07:01,,-,4.2154153475435896,52.4305391485521,4.7785205375601203,-,32.133618832823601,1.1335823741175699,41.95,142.58805000000001,105.15980191646101,15.691191548114199,1261.5718004683799,1147.92757503089,0,279.30111314620098,0
0:07:02,,-,4.2154153475435896,52.4305391485521,4.7785205375601203,-,32.133618832823601,1.1335823741175699,41.95,142.58805000000001,105.510238527702,15.691191548114199,1261.5718004683799,1147.92757503089,0,279.30111314620098,0
0:07:03,,-,4.7314526896294202,58.848914050117202,5.49388972549208,-,33.006949502486002,1.16114227191446,45.11,163.83951999999999,105.882124790107,17.612055831480099,1416.0092888510001,1288.4531095007401,0,313.492240754438,0
0:07:04,,-,4.6006633248423503,57.222180657243101,5.3775719404286102,-,35.207501302119397,1.16886882623885,49.58,170.40646000000001,106.27002430204099,17.125213893941002,1376.8671970728501,1252.8369943657599,0,304.82651931040499,0
0:07:05,,-,4.2550159570568198,52.923084042995299,5.1048540438719696,-,36.892580799763103,1.19972618091025,47.24,165.00932,106.63812020504599,15.8385983154346,1273.4233045609501,1158.7114783714601,0,281.92493391033099,0
0:07:06,,-,4.2550159570568198,52.923084042995299,5.1048540438719696,-,36.892580799763103,1.19972618091025,47.24,165.00932,106.99184890075701,15.8385983154346,1273.4233045609501,1158.7114783714601,0,281.92493391033099,0
0:07:07,,-,4.1166454240520904,51.202057513085698,4.8619950456565002,-,36.239995100950999,1.1810575225278299,46.87,157.15511000000001,107.33982607536301,15.3235367238747,1232.01235259953,1121.03088528342,0,272.756906394993,0
0:07:08,,-,4.1535707105281698,51.661327245375197,4.9646582999392601,-,36.421151954040901,1.1952747758344899,44.77,158.88873000000001,107.683586568398,15.4609850404215,1243.06319724989,1131.08625375062,0,275.20346806584303,0
0:07:09,,-,4.0803955616507599,50.751188577745801,4.81239369703479,-,36.225068811760202,1.1793939152036299,44.11,155.31130999999999,108.025840296631,15.188602562555699,1221.1636460294801,1111.15944600383,0,270.35509635129603,0
0:07:10,,-,4.0803955616507599,50.751188577745801,4.81239369703479,-,36.225068811760202,1.1793939152036299,44.11,155.31130999999999,108.365052420528,15.188602562555699,1221.1636460294801,1111.15944600383,0,270.35509635129603,0
0:07:11,,-,3.9886641392538702,49.610250488232197,4.8265429264652102,-,36.065277741562198,1.2100650137386799,43.16,151.18948,108.700451628477,14.847147403066099,1193.71065120651,1086.1794569435399,0,264.27724013224798,0
0:07:12,,-,3.8344144914731801,47.691722530760899,4.7774871466232796,-,36.7102331563324,1.2459495855879099,42.85,148.04675,109.025626366765,14.272978413771501,1147.5474644672299,1044.1747173087099,0,254.05710883423501,0
0:07:13,,-,3.8344144914731801,47.691722530760899,4.7774871466232796,-,36.7102331563324,1.2459495855879099,42.85,148.04675,109.34438955134,14.272978413771501,1147.5474644672299,1044.1747173087099,0,254.05710883423501,0
0:07:14,,-,2.8216608232270701,35.095283870983401,3.4641752210547301,-,30.195663241536099,1.22770787776428,27.52,89.880319999999998,109.62105653254299,10.5031691567157,844.45480019993897,768.38508173439595,0,186.955007721264,0
0:07:15,,-,2.8216608232270701,35.095283870983401,3.4641752210547301,-,30.195663241536099,1.22770787776428,27.52,89.880319999999998,109.855627310377,10.5031691567157,844.45480019993897,768.38508173439595,0,186.955007721264,0
0:07:16,,-,4.0933195985573798,50.911935305439997,5.08269113556638,-,34.737177632089299,1.2417039552342,43.47,149.58027000000001,110.143055962837,15.2367101680838,1225.0314975139399,1114.6788757925101,0,271.21140530231401,0
0:07:17,,-,3.4895001806075601,43.401743539895001,4.4709662558015797,-,38.343789389546302,1.28126265206931,43.47,141.19056,110.458244081679,12.989091519296901,1044.3229581514699,950.248824882436,0,231.20409364536201,0
0:07:18,,-,3.4895001806075601,43.401743539895001,4.4709662558015797,-,38.343789389546302,1.28126265206931,43.47,141.19056,110.74833379227699,12.989091519296901,1044.3229581514699,950.248824882436,0,231.20409364536201,0
0:07:19,,-,3.14478933627657,39.114295227320603,3.9445504107574498,-,35.579311691662298,1.25431308394978,36.14,118.03324000000001,111.024095223193,11.705961995592499,941.15934444564095,856.37833977109301,0,208.364559555011,0
0:07:20,,-,3.48119993882074,43.298506701750497,4.5043182071439798,-,39.683029538026602,1.2938981633642701,41.66,145.22676000000001,111.299511645568,12.9581952319717,1041.8388966505299,947.98853125987205,0,230.65414385885001,0
0:07:21,,-,3.48119993882074,43.298506701750497,4.5043182071439798,-,39.683029538026602,1.2938981633642701,41.66,145.22676000000001,111.588911339082,12.9581952319717,1041.8388966505299,947.98853125987205,0,230.65414385885001,0
0:07:22,,-,3.1589410813229,39.290311956752497,4.2164130544376297,-,42.768565959901103,1.33475520621989,41.66,142.18557999999999,111.86491599407,11.7586395431067,945.39461926577701,860.232094866176,0,209.30221286281699,0
0:07:23,,-,2.86753198536426,35.6658207134858,3.9986037628351698,-,45.326333119694702,1.39444085828644,39.47,136.68460999999999,112.115412875766,10.673917026685,858.18292894547699,780.87656064564499,0,189.99429699407401,0
0:07:24,,-,2.86753198536426,35.6658207134858,3.9986037628351698,-,45.326333119694702,1.39444085828644,39.47,136.68460999999999,112.35379702269501,10.673917026685,858.18292894547699,780.87656064564499,0,189.99429699407401,0
0:07:25,,-,2.7976900007771701,34.797139313148897,3.8651409753288299,-,45.113032525025801,1.3815472673009299,37.97,132.66718,112.589278111873,10.4139417056541,837.28091313458799,761.85742886563696,0,185.366771013537,0
0:07:26,,-,2.6806452130593401,33.3413583713848,3.74751249038039,-,48.1323673015075,1.3979889886671999,38.700000000000003,135.60480000000001,112.816991049899,9.9782616996828803,802.25224065450402,729.98419022659505,0,177.61172511596001,0
0:07:27,,-,2.68064183668664,33.341316376699503,3.7475077187243402,-,48.132427926097002,1.3979889694463501,38.700000000000003,135.60480000000001,113.03983875418299,9.9782491316898607,802.25123018786405,729.983270784262,0,177.61150140736299,0
0:07:28,,-,2.5893652861950298,32.206035897948098,3.68220706489396,-,50.112666873153799,1.42205006166002,40,136.56,113.25889230942001,9.6384871581871394,774.93436751824595,705.12715089465701,0,171.56378367266601,0
0:07:29,,-,2.3741202753731199,29.528859146431898,3.4072716246293,-,50.283821438338002,1.4351722867510599,38.46,125.91804,113.465204963896,8.8372729441357194,710.51674470851196,646.51236138067304,0,157.302277708193,0
0:07:30,,-,2.3741202753731199,29.528859146431898,3.4072716246293,-,50.283821438338002,1.4351722867510599,38.46,125.91804,113.662570726315,8.8372729441357194,710.51674470851196,646.51236138067304,0,157.302277708193,0
0:07:31,,-,2.3948681830466199,29.786917699584802,3.3958578901480498,-,49.565191454084001,1.4179727778704001,36.58,124.9207,113.86079889799301,8.91450362407741,716.72609137582401,652.16236105543396,0,158.67697349280601,0
