t,Marker,P,V'O2,V'O2/kg,V'CO2,HF,V'E/V'O2,RER,AF,V'E,W,EU/kg,EU,EUKH,EUFett,CHO,Fett
0:00:06,,-,2.66223702784312,32.466305217599,2.3253364762294502,-,28.5760092750401,0.87345208255681905,38.21,81.57835,0,9.4636979250586002,776.02322985480498,433.51159985758397,270.73984951619298,105.47727490452201,29.143148494746299
0:00:07,,-,2.3297798761943098,28.411949709686802,2.0077586047257499,-,25.530416245658699,0.86178038759842601,33.51,64.305689999999998,0.201831646509817,8.2581051831204206,677.164625015875,351.94936963146699,262.40625374611,85.632450031987204,28.246098358031201
0:00:08,,-,2.7601808716048599,33.660742336644603,2.3611038195932701,-,25.5508944089575,0.85541634024166402,33.89,75.405249999999995,0.40713281710895299,9.7683390646085808,801.00380329790403,399.25147524532503,327.34005989880802,97.141478161879704,35.235743799656497
0:00:09,,-,2.7601808716048599,33.660742336644603,2.3611038195932701,-,25.5508944089575,0.85541634024166402,33.89,75.405249999999995,0.62963387358059197,9.7683390646085808,801.00380329790403,399.25147524532503,327.34005989880802,97.141478161879704,35.235743799656497
0:00:10,,-,2.2795607653679801,27.799521528877801,1.97967162735932,-,27.945173020959899,0.86844433253778597,36.36,68.938559999999995,0.83305902982095104,8.0933819711302206,663.65732163267796,359.684199446859,242.51798760011101,87.514403758359805,26.1052731539409
0:00:11,,-,2.2795607653679801,27.799521528877801,1.97967162735932,-,27.945173020959899,0.86844433253778597,36.36,68.938559999999995,1.01740828583003,8.0933819711302206,663.65732163267796,359.684199446859,242.51798760011101,87.514403758359805,26.1052731539409
0:00:12,,-,2.6463180872409899,32.272171795621901,2.2436068918646299,-,26.0978226060511,0.84782207501131301,35.71,74.205380000000005,1.2160440121718501,9.34780375644422,766.51990802842602,362.51230953900699,332.664979911871,88.202508403651393,35.808932175658903
0:00:13,,-,2.5028665064363098,30.522762273613498,2.0984197587261102,-,25.954368654081101,0.83840658434233895,34.479999999999997,69.925439999999995,1.4229604915798699,8.8204724842599607,723.27874370931704,319.09333630016602,336.71012868883298,77.638281338239906,36.244362614513797
0:00:14,,-,2.5028606810961098,30.522691232879399,2.0984148680839301,-,25.9544290621686,0.83840658168993398,34.479999999999997,69.925439999999995,1.6238710198486099,8.8204519490930799,723.27705982563202,319.09258692527101,336.70935122655499,77.638099008581804,36.244278926432202
0:00:15,,-,2.4737738460374699,30.167973732164199,2.0747334825941102,-,26.719338190868299,0.83869165563273096,34.880000000000003,71.120320000000007,1.8236209038881099,8.7185622592530194,714.92210525874702,316.09553202160498,332.13560936704999,76.908888569733506,35.751949339833097
0:00:16,,-,2.4737738460374699,30.167973732164199,2.0747334825941102,-,26.719338190868299,0.83869165563273096,34.880000000000003,71.120320000000007,2.0222103775710898,8.7185622592530194,714.92210525874702,316.09553202160498,332.13560936704999,76.908888569733506,35.751949339833097
0:00:17,,-,2.56281953763111,31.253896800379401,2.1409554635889401,-,26.224807877859298,0.83539064384060802,37.03,72.54177,2.22428980721351,9.0249974166661406,740.04978816662401,318.94118863057798,352.01703505714102,77.601262440529993,37.892038219283201
0:00:18,,-,2.5628257532311198,31.253972600379502,2.1409606855041199,-,26.2247442750506,0.83539065533615597,37.03,72.54177,2.4298594423922002,9.0250193307309701,740.05158511993898,318.94199187173098,352.01786120169999,77.601457876333498,37.892127147653397
0:00:19,,-,2.5755174525334601,31.408749421139699,2.1756077352840202,-,25.920616431595601,0.84472645803426305,34.68,71.752920000000003,2.6361777850641799,9.0907375868093592,745.44048211836696,344.77229035210303,331.23430165992499,83.886202032141796,35.654930210971401
0:00:20,,-,2.6987373637939198,32.911431265779498,2.2424150541771102,-,25.997505700727999,0.83091266466355895,36.58,75.427959999999999,2.8478266665224998,9.4930666387988296,778.43146438150404,323.66749371475998,382.00817032875102,78.7512150157566,41.1203627910389
0:00:21,,-,2.6987373637939198,32.911431265779498,2.2424150541771102,-,25.997505700727999,0.83091266466355895,36.58,75.427959999999999,3.0640576288506902,9.4930666387988296,778.43146438150404,323.66749371475998,382.00817032875102,78.7512150157566,41.1203627910389
0:00:22,,-,2.4281689646455602,29.611816642019001,2.03694633539298,-,26.136196007786399,0.83888162852386805,33.14,68.235259999999997,3.2696419074839298,8.5582358753394292,701.77534177783298,310.73344504475398,325.58040398140702,75.604244536436397,35.046329815006096
0:00:23,,-,2.35046866762471,28.664252044203799,1.89156793486791,-,25.675675166939001,0.80476202934432295,39.729999999999997,66.070989999999995,3.4606619165089199,8.2142527219767594,673.56872320209504,219.90497732851,390.29699096935701,53.5048606638709,42.012593215216
0:00:24,,-,2.35046866762471,28.664252044203799,1.89156793486791,-,25.675675166939001,0.80476202934432295,39.729999999999997,66.070989999999995,3.6477643396206201,8.2142527219767594,673.56872320209504,219.90497732851,390.29699096935701,53.5048606638709,42.012593215216
0:00:25,,-,2.5148507226861598,30.668911252270199,2.0682526036796798,-,25.048182554834401,0.822415654743334,35.71,68.134680000000003,3.8418514599434701,8.8275432088099102,723.85854312241202,280.06137399584901,375.998805523523,68.141453526970594,40.473498979927101
0:00:26,,-,2.5148507226861598,30.668911252270199,2.0682526036796798,-,25.048182554834401,0.822415654743334,35.71,68.134680000000003,4.0429232774774704,8.8275432088099102,723.85854312241202,280.06137399584901,375.998805523523,68.141453526970594,40.473498979927101
0:00:27,,-,2.2350105057431602,27.2562256797946,1.8522390869841401,-,26.403580586471499,0.82873842526670904,36.36,64.24812,4.2329486794317503,7.8576140359558497,644.32435094838002,263.15022848216802,320.92002723978101,64.026819582035898,34.544674622150801
0:00:28,,-,2.51736335543873,30.6995531151065,2.0591163594486601,-,25.4119056201368,0.81796549353908699,35.5,69.082999999999998,4.4229629686778598,8.8265674588250196,723.77853162365204,269.04239669650599,386.87003275520198,65.460437152434594,41.643706432206898
0:00:29,,-,2.51736335543873,30.6995531151065,2.0591163594486601,-,25.4119056201368,0.81796549353908699,35.5,69.082999999999998,4.6240125607955402,8.8265674588250196,723.77853162365204,269.04239669650599,386.87003275520198,65.460437152434594,41.643706432206898
0:00:30,,-,2.4455355838901598,29.823604681587302,2.0090339731523499,-,25.2453492832812,0.82151083238647504,33.700000000000003,66.591200000000001,4.8222802264421398,8.5823007442910093,703.74866103186196,270.11046985164199,367.70850826700803,65.720308966336304,39.5811096089353
0:00:31,,-,2.4455355838901598,29.823604681587302,2.0090339731523499,-,25.2453492832812,0.82151083238647504,33.700000000000003,66.591200000000001,5.0177659656176603,8.5823007442910093,703.74866103186196,270.11046985164199,367.70850826700803,65.720308966336304,39.5811096089353
0:00:32,,-,2.38943753887798,29.139482181438702,1.9412715692928399,-,23.984874711105299,0.81243871735790196,31.91,61.9054,5.2107937156312696,8.3664773056848691,686.05113906615998,242.051173328754,379.58264123928598,58.8932295203781,40.859272469244999
0:00:33,,-,2.38943753887798,29.139482181438702,1.9412715692928399,-,23.984874711105299,0.81243871735790196,31.91,61.9054,5.4013634764829899,8.3664773056848691,686.05113906615998,242.051173328754,379.58264123928598,58.8932295203781,40.859272469244999
0:00:34,,-,1.9108610550234399,23.3031835978468,1.5781542945434699,-,24.5266917114626,0.82588647164830498,28.7,50.999899999999997,5.57310468378137,6.7132384570997896,550.48555348218304,219.48841346326401,279.48185466433102,53.403506925368397,30.084160889594202
0:00:35,,-,1.9108610550234399,23.3031835978468,1.5781542945434699,-,24.5266917114626,0.82588647164830498,28.7,50.999899999999997,5.7260173375264198,6.7132384570997896,550.48555348218304,219.48841346326401,279.48185466433102,53.403506925368397,30.084160889594202
0:00:36,,-,2.6135520294082801,31.872585724491199,2.0945494529046602,-,22.126515695611701,0.80141869353902895,30.76,62.258240000000001,5.9064088643929198,9.1260175604467193,748.33343995663097,235.705557466313,442.16861061909401,57.349284055063997,47.596190594089798
0:00:37,,-,2.6135520294082801,31.872585724491199,2.0945494529046602,-,22.126515695611701,0.80141869353902895,30.76,62.258240000000001,6.1142792643808699,9.1260175604467193,748.33343995663097,235.705557466313,442.16861061909401,57.349284055063997,47.596190594089798
0:00:38,,-,2.59681282706164,31.668449110507801,2.0805818813612298,-,24.207890281846598,0.801205947413414,35.08,67.914879999999997,6.3214784816105496,9.0670844402075694,743.50092409702097,233.63871534741199,439.85421238228901,56.846402760927397,47.347062689159202
0:00:39,,-,2.59681282706164,31.668449110507801,2.0805818813612298,-,24.207890281846598,0.801205947413414,35.08,67.914879999999997,6.5280065160819403,9.0670844402075694,743.50092409702097,233.63871534741199,439.85421238228901,56.846402760927397,47.347062689159202
0:00:40,,-,2.9154253631950602,35.553967843842301,2.33419107055605,-,21.332252502544598,0.80063482331716096,31.91,66.787629999999993,6.7471878120818101,10.1781025256343,834.60440710201601,260.62535441979202,495.38151723077601,63.412494992650103,53.324167624410698
0:00:41,,-,2.71547916645634,33.115599590930998,2.1520667623587899,-,24.364024153548399,0.79251823727566995,40,71.92,6.9708530252852796,9.4607942434510903,775.78512796299003,220.52157505419501,482.056406964465,53.654884441409898,51.889817757208299
0:00:42,,-,2.71547916645634,33.115599590930998,2.1520667623587899,-,24.364024153548399,0.79251823727566995,40,71.92,7.1863488941638902,9.4607942434510903,775.78512796299003,220.52157505419501,482.056406964465,53.654884441409898,51.889817757208299
0:00:43,,-,2.6852353144696499,32.746772127678703,2.17674325385559,-,23.380040349424501,0.81063407818525102,35.29,67.862669999999994,7.40112913844722,9.3979589131339392,770.63263087698294,267.12817194459399,431.11266304253797,64.994689037614194,46.406099358723203
0:00:44,,-,2.6852647160124299,32.747130683078403,2.1767667185483801,-,23.379784356318002,0.81063394069424999,35.29,67.862669999999994,7.6151949263913403,9.3980614917159304,770.64104232070599,267.13072445314498,431.11772933563901,64.995310085923407,46.406644707818998
0:00:45,,-,2.6852647160124299,32.747130683078403,2.1767667185483801,-,23.379784356318002,0.81063394069424999,35.29,67.862669999999994,7.8292618825915401,9.3980614917159304,770.64104232070599,267.13072445314498,431.11772933563901,64.995310085923407,46.406644707818998
0:00:46,,-,2.6852647160124299,32.747130683078403,2.1767667185483801,-,23.379784356318002,0.81063394069424999,35.29,67.862669999999994,8.0433288387917301,9.3980614917159304,770.64104232070599,267.13072445314498,431.11772933563901,64.995310085923407,46.406644707818998
0:00:47,,-,3.0715270734275602,37.457647236921503,2.4367014634271702,-,21.6163486151234,0.79331922043194503,54.4,74.228800000000007,8.2722624333814991,10.703424862507701,877.68083872563,251.917249672461,542.95767637522101,61.293734713494203,58.445390352553403
0:00:48,,-,3.0715171039744802,37.4575256582254,2.4366939062988,-,21.616418776924899,0.79331933497806995,54.4,74.228800000000007,8.5160622742054404,10.7033904293499,877.67801520669002,251.916786857521,542.95558443970003,61.293622106452801,58.445165171119498
0:00:49,,-,3.13201631049614,38.195320859709,2.43613412314527,-,19.0599262845293,0.77781655062944599,28.7,63.828800000000001,8.7617792366444291,10.871757492122599,891.48411435405001,207.907178488439,599.14028174768305,50.585688196700602,64.493033557339402
0:00:50,,-,3.13201631049614,38.195320859709,2.43613412314527,-,19.0599262845293,0.77781655062944599,28.7,63.828800000000001,9.00941371285389,10.871757492122599,891.48411435405001,207.907178488439,599.14028174768305,50.585688196700602,64.493033557339402
0:00:51,,-,2.3041620550743498,28.0995372570043,1.75013956067123,-,20.044996357042098,0.75955575989847501,36.14,51.391080000000002,9.2239018233282799,7.9613448909950701,652.830281061596,110.516341060885,480.19557432555001,26.889620696079099,51.689512844515598
0:00:52,,-,3.2006103697068098,39.0318337769123,2.4570274897233602,-,20.888803158543901,0.76767466386370398,50.42,74.117400000000004,9.4407783962716501,11.081476147934501,908.68104413063202,179.721801629814,642.67334742181799,43.727932270027701,69.179047085233407
0:00:53,,-,3.2006103697068098,39.0318337769123,2.4570274897233602,-,20.888803158543901,0.76767466386370398,50.42,74.117400000000004,9.6931897974190395,11.081476147934501,908.68104413063202,179.721801629814,642.67334742181799,43.727932270027701,69.179047085233407
0:00:54,,-,3.6376961995600898,44.362148775123103,2.9343071362992599,-,23.137778798069601,0.80663886573433596,34.090000000000003,89.077169999999995,9.96424775565381,12.718734819020201,1042.93625515966,347.22125686665697,597.64561890981997,84.4820576317899,64.332144123769694
0:00:55,,-,3.6376961995600898,44.362148775123103,2.9343071362992599,-,23.137778798069601,0.80663886573433596,34.090000000000003,89.077169999999995,10.253952270975899,12.718734819020201,1042.93625515966,347.22125686665697,597.64561890981997,84.4820576317899,64.332144123769694
0:00:56,,-,2.5312342387749198,30.868710228962399,2.1001650862013901,-,24.1993961134337,0.82970001512694702,27.02,65.145219999999995,10.500179015368399,8.9011744447048304,729.89630446579599,300.48251591795503,361.17373845786,73.110101196582704,38.877689823235798
0:00:57,,-,2.5312342387749198,30.868710228962399,2.1001650862013901,-,24.1993961134337,0.82970001512694702,27.02,65.145219999999995,10.7029279888311,8.9011744447048304,729.89630446579599,300.48251591795503,361.17373845786,73.110101196582704,38.877689823235798
0:00:58,,-,2.57819905057013,31.441451836221098,2.1470829157727001,-,22.548251263665801,0.83278399908568002,28.98,62.307000000000002,10.907637056152501,9.0732802469305707,744.00898024830701,314.07704831212197,360.42574809205502,76.417773311951805,38.797174175678698
0:00:59,,-,2.57819905057013,31.441451836221098,2.1470829157727001,-,22.548251263665801,0.83278399908568002,28.98,62.307000000000002,11.114306217332601,9.0732802469305707,744.00898024830701,314.07704831212197,360.42574809205502,76.417773311951805,38.797174175678698
0:01:00,,-,3.1282677372212402,38.149606551478499,2.6371775350421198,-,22.556023309781601,0.84301529043183998,27.52,74.524159999999995,11.3433409374388,11.037085420932801,905.04100451649003,413.36742691528201,407.33798201991402,100.57601628109001,43.846930249721602
0:01:01,,-,3.1282677372212402,38.149606551478499,2.6371775350421198,-,22.556023309781601,0.84301529043183998,27.52,74.524159999999995,11.5947412164711,11.037085420932801,905.04100451649003,413.36742691528201,407.33798201991402,100.57601628109001,43.846930249721602
0:01:02,,-,3.2385147801015899,39.494082684165697,2.6640917007907001,-,25.476511796994799,0.82262761842548404,43.47,88.765739999999994,11.8499139384895,11.3683243172602,932.20259401533497,361.34312690010501,483.55169945551501,87.918035742117894,52.0507749683009
0:01:03,,-,3.2699457934070701,39.877387724476499,2.74983009874714,-,26.233095414900401,0.84094057592373705,42.55,91.908000000000001,12.110712012660001,11.531018780638901,945.54354001239096,425.24626803446802,432.14214934430299,103.466245263861,46.516915968170501
0:01:04,,-,3.2699527584308199,39.8774726637904,2.74983601552317,-,26.233039538211699,0.84094059415181199,42.55,91.908000000000001,12.373363276315199,11.531043393965099,945.54555830514198,425.24723393047202,432.14301396958098,103.466480275054,46.517009038706298
0:01:05,,-,2.6221927614611502,31.977960505623798,2.2190045770995601,-,26.296739512611801,0.84624006660100404,36.14,74.159279999999995,12.6101382768575,9.2589566536550105,759.23444559971097,355.02351951867502,333.51870698625299,86.380418374373406,35.900829600242503
0:01:06,,-,2.6221927614611502,31.977960505623798,2.2190045770995601,-,26.296739512611801,0.84624006660100404,36.14,74.159279999999995,12.821036733968601,9.2589566536550105,759.23444559971097,355.02351951867502,333.51870698625299,86.380418374373406,35.900829600242503
0:01:07,,-,1.66130394598155,20.259804219287201,1.4783997740999399,-,26.056448071833302,0.88990324598697002,22.64,46.547840000000001,12.9940162288054,5.9294867954336299,486.21791722555798,298.08719526901399,143.343296616038,72.527298118981506,15.429848936064399
0:01:08,,-,1.66132216341075,20.260026383058001,1.47841590348494,-,26.0561623466991,0.889903196409356,22.64,46.547840000000001,13.1290775010673,5.9295517446329402,486.22324305990099,298.09038094499101,143.344945647087,72.528073222625594,15.430026442097599
0:01:09,,-,2.0581572130182799,25.099478207539999,1.7254057598169701,-,24.786386422438401,0.83832554136458204,34.68,56.008200000000002,13.2792133160695,7.2531051823951698,594.75462495640397,262.228605479142,277.03974754005901,63.802580408550398,29.821286064591899
0:01:10,,-,2.0581572130182799,25.099478207539999,1.7254057598169701,-,24.786386422438401,0.83832554136458204,34.68,56.008200000000002,13.444422934113,7.2531051823951698,594.75462495640397,262.228605479142,277.03974754005901,63.802580408550398,29.821286064591899
0:01:11,,-,2.3007570180125598,28.058012414787299,1.88049909011008,-,23.5444940842963,0.817339282413442,34.68,59.164079999999998,13.618888543238601,8.0658263505873506,661.39776074816302,244.43954288552001,354.93164926263898,59.474341334676403,38.205774947539197
0:01:12,,-,2.3007570180125598,28.058012414787299,1.88049909011008,-,23.5444940842963,0.817339282413442,34.68,59.164079999999998,13.802610143446399,8.0658263505873506,661.39776074816302,244.43954288552001,354.93164926263898,59.474341334676403,38.205774947539197
0:01:13,,-,2.03792150238539,24.852701248602301,1.6885223766753299,-,24.3743931951538,0.82855123452935397,31.74,54.243659999999998,13.9760652230144,7.1643757578189797,587.47881214115603,239.560208027594,292.97787074645402,58.287155237857498,31.536907507691499
0:01:14,,-,2.03792150238539,24.852701248602301,1.6885223766753299,-,24.3743931951538,0.82855123452935397,31.74,54.243659999999998,14.1392537819425,7.1643757578189797,587.47881214115603,239.560208027594,292.97787074645402,58.287155237857498,31.536907507691499
0:01:15,,-,2.4101009148569599,29.391474571426301,1.9956347891469,-,23.494518279688201,0.82802955546172297,31.74,61.194719999999997,14.317331135629001,8.4716845658762399,694.67813440185103,282.04227417480098,347.66146764323798,68.623424373431007,37.423193503039698
0:01:16,,-,2.09561490738899,25.5562793584023,1.7304583009873,-,23.382063101016399,0.82575204770963795,33.700000000000003,53.852600000000002,14.497660001493299,7.3620695100151199,603.68969982123997,240.42579150416799,306.76780690579102,58.497759490065199,33.021292454875201
0:01:17,,-,2.09561490738899,25.5562793584023,1.7304583009873,-,23.382063101016399,0.82575204770963795,33.700000000000003,53.852600000000002,14.665351584777,7.3620695100151199,603.68969982123997,240.42579150416799,306.76780690579102,58.497759490065199,33.021292454875201
0:01:18,,-,2.1236153303115501,25.8977479306287,1.74768956420376,-,23.988666531488199,0.822978408216405,31.74,55.513260000000002,14.834104812167,7.4552870413003101,611.33353738662504,237.69754437454,316.38502259914998,57.8339524025644,34.056514811533901
0:01:19,,-,2.1236153303115501,25.8977479306287,1.74768956420376,-,23.988666531488199,0.822978408216405,31.74,55.513260000000002,15.0039196836633,7.4552870413003101,611.33353738662504,237.69754437454,316.38502259914998,57.8339524025644,34.056514811533901
0:01:20,,-,2.04440306570178,24.931744703680199,1.71264617793664,-,25.192316947695701,0.83772432485016901,32.25,56.14725,15.1708676611828,7.2035597652949699,590.69190075418703,259.23652281142,276.33990681389997,63.074579759469501,29.745953370710499
0:01:21,,-,2.04440306570178,24.931744703680199,1.71264617793664,-,25.192316947695701,0.83772432485016901,32.25,56.14725,15.3349487447257,7.2035597652949699,590.69190075418703,259.23652281142,276.33990681389997,63.074579759469501,29.745953370710499
0:01:22,,-,1.81009130358825,22.074284190100599,1.5257547052257201,-,22.8842102704354,0.84291588065261003,28.43,45.51643,15.489720632703801,6.3861669840028501,523.66569268823298,239.00289707175401,235.864182144783,58.151556465147102,25.3890400586418
0:01:23,,-,1.81009130358825,22.074284190100599,1.5257547052257201,-,22.8842102704354,0.84291588065261003,28.43,45.51643,15.6351833251172,6.3861669840028501,523.66569268823298,239.00289707175401,235.864182144783,58.151556465147102,25.3890400586418
0:01:24,,-,2.0143154081133798,24.564822050163201,1.67988453589148,-,22.843215027132501,0.83397293647516102,27.52,49.976320000000001,15.788672565371501,7.0909370383275503,581.45683714285894,247.80000237715299,279.35250281529699,60.291971381302297,30.070237116824199
0:01:25,,-,2.0143154081133798,24.564822050163201,1.67988453589148,-,22.843215027132501,0.83397293647516102,27.52,49.976320000000001,15.9501883534667,7.0909370383275503,581.45683714285894,247.80000237715299,279.35250281529699,60.291971381302297,30.070237116824199
0:01:26,,-,2.0143204158901198,24.564883120611199,1.6798887755581,-,22.8431582369019,0.83397296790826903,27.52,49.976320000000001,16.111704342964199,7.0909547224242697,581.45828723879004,247.80068229076801,279.353137991957,60.2921368104059,30.070305488908101
0:01:27,,-,2.0143204158901198,24.564883120611199,1.6798887755581,-,22.8431582369019,0.83397296790826903,27.52,49.976320000000001,16.273220533863899,7.0909547224242697,581.45828723879004,247.80068229076801,279.353137991957,60.2921368104059,30.070305488908101
0:01:28,,-,1.5316350364390701,18.678476054135,1.2657736595607101,-,23.494892153723399,0.826419890800835,19.04,38.727359999999997,16.4152697082434,5.3816557109046403,441.29576829418102,176.75315444291701,223.25095857689601,43.005633684407996,24.031319545414
0:01:29,,-,1.5316350364390701,18.678476054135,1.2657736595607101,-,23.494892153723399,0.826419890800835,19.04,38.727359999999997,16.537851866102901,5.3816557109046403,441.29576829418102,176.75315444291701,223.25095857689601,43.005633684407996,24.031319545414
0:01:30,,-,1.8773189974495901,22.894134115238899,1.49562106311919,-,19.7655007222588,0.79667923520245998,23.71,40.520389999999999,16.673711177091501,6.54745452223833,536.89127082354298,160.33389899398401,325.94635351351599,39.010681020434099,35.085721583801501
0:01:31,,-,1.8773189974495901,22.894134115238899,1.49562106311919,-,19.7655007222588,0.79667923520245998,23.71,40.520389999999999,16.822847641209201,6.54745452223833,536.89127082354298,160.33389899398401,325.94635351351599,39.010681020434099,35.085721583801501
0:01:32,,-,2.5063025738997902,30.5646655353633,2.02673188558561,-,23.979004221540102,0.80865411331083903,34.479999999999997,65.063760000000002,16.997266584878499,8.7673795560447303,718.92512359566797,244.322910375433,407.03430086995598,59.445963594995803,43.814241213127701
0:01:33,,-,2.5063025738997902,30.5646655353633,2.02673188558561,-,23.979004221540102,0.80865411331083903,34.479999999999997,65.063760000000002,17.1969680080995,8.7673795560447303,718.92512359566797,244.322910375433,407.03430086995598,59.445963594995803,43.814241213127701
0:01:34,,-,2.8856370965326401,35.190696299178498,2.3211647036383098,-,23.749140209746699,0.80438552249948803,31.08,73.006919999999994,17.4116593979379,10.0835717468384,826.85288324074497,268.87844246705703,480.17997316084501,65.4205456124226,51.687833494170697
0:01:35,,-,2.8856370965326401,35.190696299178498,2.3211647036383098,-,23.749140209746699,0.80438552249948803,31.08,73.006919999999994,17.641340754393699,10.0835717468384,826.85288324074497,268.87844246705703,480.17997316084501,65.4205456124226,51.687833494170697
0:01:36,,-,1.42450032520995,17.371955185487199,1.2861061679989301,-,26.313816386440902,0.90284722666481698,23.34,40.844999999999999,17.814269498382,5.1004155301848098,418.23407347515399,274.19451186418502,105.636172443569,66.713993154302898,11.3709550531291
0:01:37,,-,1.42450032520995,17.371955185487199,1.2861061679989301,-,26.313816386440902,0.90284722666481698,23.34,40.844999999999999,17.930445629902898,5.1004155301848098,418.23407347515399,274.19451186418502,105.636172443569,66.713993154302898,11.3709550531291
0:01:38,,-,2.1585396271032402,26.323653989063899,1.9157210527359101,-,28.851015389314199,0.88750793762670299,40.81,68.152699999999996,18.076224583606901,7.6996877218734801,631.374393193625,382.09129263048698,191.09059904813699,92.966251248293602,20.569493977194501
0:01:39,,-,1.59567260785203,19.459422046975899,1.4500896044065601,-,30.479090610866798,0.90876386375934903,42.55,54.761850000000003,18.229077592380101,5.7215520728494598,469.167269973656,316.66457628726602,109.484636716785,77.047342162351896,11.785213855412801
0:01:40,,-,1.59567260785203,19.459422046975899,1.4500896044065601,-,30.479090610866798,0.90876386375934903,42.55,54.761850000000003,18.359401834039399,5.7215520728494598,469.167269973656,316.66457628726602,109.484636716785,77.047342162351896,11.785213855412801
0:01:41,,-,1.5526271706555701,18.934477690921501,1.43584257233268,-,31.4245176962858,0.92478258751998099,33.51,53.616,18.488215913692201,5.5889524820289997,458.29410352637802,333.20661881608498,83.229898291155607,81.072170028244599,8.9590848537304204
0:01:42,,-,1.5526271706555701,18.934477690921501,1.43584257233268,-,31.4245176962858,0.92478258751998099,33.51,53.616,18.6155198313384,5.5889524820289997,458.29410352637802,333.20661881608498,83.229898291155607,81.072170028244599,8.9590848537304204
0:01:43,,-,1.42921785409025,17.429486025490899,1.3598916564197401,-,25.9145937017249,0.95149361066816296,27.64,41.017760000000003,18.738144592501399,5.1780997176421497,424.604176846656,345.22538001763598,40.848226857030703,83.996442826675406,4.3970104259451697
0:01:44,,-,1.42921785409025,17.429486025490899,1.3598916564197401,-,25.9145937017249,0.95149361066816296,27.64,41.017760000000003,18.856090197181,5.1780997176421497,424.604176846656,345.22538001763598,40.848226857030703,83.996442826675406,4.3970104259451697
0:01:45,,-,1.51174833091796,18.435955255097099,1.40498671760886,-,24.734288925786199,0.92937871262984895,28.03,41.428339999999999,18.977108269778501,5.4478773884848604,446.72594585575803,331.44148194871002,74.528938304165095,80.642696337885496,8.0224906678326295
0:01:46,,-,1.51174833091796,18.435955255097099,1.40498671760886,-,24.734288925786199,0.92937871262984895,28.03,41.428339999999999,19.101198810294001,5.4478773884848604,446.72594585575803,331.44148194871002,74.528938304165095,80.642696337885496,8.0224906678326295
0:01:47,,-,1.4502219850608,17.685633964156001,1.3207815421015401,-,30.855000448861698,0.910744393415168,45.8,51.341799999999999,19.222495069647699,5.2025258718341298,426.60712149039801,290.69644627162302,96.813850679124101,70.729062353193001,10.421297166751801
0:01:48,,-,1.81933270506008,22.186984208049701,1.6595314506365599,-,27.005505844725398,0.91216490860684196,35.5,54.244,19.356103354801899,6.5289333124390598,535.37253162000297,367.29111375834702,119.033663599401,89.365234491081907,12.813096189386499
0:01:49,,-,1.81933270506008,22.186984208049701,1.6595314506365599,-,27.005505844725398,0.91216490860684196,35.5,54.244,19.5048179469186,6.5289333124390598,535.37253162000297,367.29111375834702,119.033663599401,89.365234491081907,12.813096189386499
0:01:50,,-,1.21952530271967,14.8722597892643,1.09558485789677,-,26.9823019880087,0.898369927588622,29.12,37.098880000000001,19.628850492984299,4.36172926894585,357.66180005356,229.23292914781001,95.551444364670004,55.774435315768798,10.285408435378899
0:01:51,,-,1.21952530271967,14.8722597892643,1.09558485789677,-,26.9823019880087,0.898369927588622,29.12,37.098880000000001,19.728200992999199,4.36172926894585,357.66180005356,229.23292914781001,95.551444364670004,55.774435315768798,10.285408435378899
0:01:52,,-,1.2282133575879799,14.9782116779022,1.08861495388374,-,26.8725948924845,0.886340265848933,29.26,37.218719999999998,19.827758251586701,4.3798836802016803,359.15046177653801,215.96425331245101,110.07455891420101,52.546047034659701,11.8487146301616
0:01:53,,-,1.2282133575879799,14.9782116779022,1.08861495388374,-,26.8725948924845,0.886340265848933,29.26,37.218719999999998,19.927522268746898,4.3798836802016803,359.15046177653801,215.96425331245101,110.07455891420101,52.546047034659701,11.8487146301616
0:01:54,,-,1.4106370228223499,17.202890522223701,1.24209197461565,-,28.723873926781899,0.88051848528016097,34.28,45.455280000000002,20.034613362285299,5.0232367280489099,411.90541170001097,239.758038361399,134.117727712939,58.3352891390266,14.4367844685618
0:01:55,,-,1.4106370228223499,17.202890522223701,1.24209197461565,-,28.723873926781899,0.88051848528016097,34.28,45.455280000000002,20.149031532201899,5.0232367280489099,411.90541170001097,239.758038361399,134.117727712939,58.3352891390266,14.4367844685618
0:01:56,,-,1.5498366090834099,18.9004464522367,1.39731454221194,-,28.462677769683498,0.90158829261254902,35.29,49.19426,20.269420197436101,5.5474753412893101,454.89297798572301,296.35194546529902,116.758677408823,72.105096220267399,12.5682107006268
0:01:57,,-,1.5498366090834099,18.9004464522367,1.39731454221194,-,28.462677769683498,0.90158829261254902,35.29,49.19426,20.395779357987699,5.5474753412893101,454.89297798572301,296.35194546529902,116.758677408823,72.105096220267399,12.5682107006268
0:01:58,,-,1.5498366090834099,18.9004464522367,1.39731454221194,-,28.462677769683498,0.90158829261254902,35.29,49.19426,20.5221385185393,5.5474753412893101,454.89297798572301,296.35194546529902,116.758677408823,72.105096220267399,12.5682107006268
0:01:59,,-,1.2125209029372099,14.786840279722,1.13643812853506,-,25.251935802368301,0.937252401820173,20.9,33.628100000000003,20.635177530453401,4.37790131458478,358.98790779595203,275.46664309139499,50.832671178092603,67.023514134159299,5.4717622366084697
0:02:00,,-,1.9801093044007301,24.147674443911299,1.82068600804867,-,29.624031294450599,0.91948762828509301,40.26,64.45626,20.766109694714199,7.11858140099742,583.72367488178895,414.37326072819798,115.968251394391,100.820744702724,12.4831271683952
0:02:01,,-,1.9801093044007301,24.147674443911299,1.82068600804867,-,29.624031294450599,0.91948762828509301,40.26,64.45626,20.9282551599591,7.11858140099742,583.72367488178895,414.37326072819798,115.968251394391,100.820744702724,12.4831271683952
0:02:02,,-,1.9801093044007301,24.147674443911299,1.82068600804867,-,29.624031294450599,0.91948762828509301,40.26,64.45626,21.090400625204101,7.11858140099742,583.72367488178895,414.37326072819798,115.968251394391,100.820744702724,12.4831271683952
0:02:03,,-,1.5360710537920099,18.732573826731802,1.5004085510920899,-,31.994125453167001,0.97678329878564096,25.53,52.821570000000001,21.235242016901399,5.5991993334010601,459.13434533888699,410.21566953578099,7.5074290497162997,99.8091653371729,0.80811938102435998
0:02:04,,-,1.53606777150437,18.732533798833799,1.5004053037224101,-,31.994193818589601,0.97678327190796099,25.53,52.821570000000001,21.3627791983786,5.5991873328917796,459.13336129712599,410.21475134382803,7.5074516877574196,99.8089419328048,0.80812181784256398
0:02:05,,-,1.0227681184862201,12.472781932758799,1.0201699184862201,-,34.0408342523722,0.997459639234898,23.62,38.21716,21.469060185624599,3.73280179115193,306.089746874458,278.51673661456402,0,67.765629346609302,0
0:02:06,,-,1.0227650171482601,12.4727441115642,1.0201668171482601,-,34.040937474646697,0.997459631531743,23.62,38.21716,21.554084986401499,3.7327904721836598,306.08881871905999,278.51589206875701,0,67.7654238610113,0
0:02:07,,-,1.6588537098254501,20.229923290554201,1.6323120748276501,-,31.431270696851499,0.98400001468448195,34.28,57.0762,21.665549373875098,6.0543264767192504,496.45477109097902,451.73340215705298,0,109.910803444538,0
0:02:08,,-,1.2458072811318399,15.19277172112,1.20471199700026,-,35.347923123383701,0.96701312895342095,38.46,49.574939999999998,21.786098825097699,4.5305033867237903,371.50127771135101,320.423054920504,17.4922551373575,77.961813849271095,1.8829122860449401
0:02:09,,-,1.2458072811318399,15.19277172112,1.20471199700026,-,35.347923123383701,0.96701312895342095,38.46,49.574939999999998,21.889293624461999,4.5305033867237903,371.50127771135101,320.423054920504,17.4922551373575,77.961813849271095,1.8829122860449401
0:02:10,,-,1.3503380043551001,16.467536638476901,1.3226975695093799,-,33.347857984272601,0.97953072878303005,34.479999999999997,49.996000000000002,21.9969860815849,4.9254196777287698,403.88441357375899,364.35649469984901,3.1238865469003101,88.651215255437606,0.33626335273415597
0:02:11,,-,1.3503380043551001,16.467536638476901,1.3226975695093799,-,33.347857984272601,0.97953072878303005,34.479999999999997,49.996000000000002,22.1091761964665,4.9254196777287698,403.88441357375899,364.35649469984901,3.1238865469003101,88.651215255437606,0.33626335273415597
0:02:12,,-,1.17259970608886,14.2999964157178,1.12531090539242,-,30.0635927307051,0.95967182965261599,37.03,40.584879999999998,22.213750901864302,4.2567495767103898,349.05346529025201,292.91171752490601,24.529397768955199,71.268057791947996,2.6404088018251
0:02:13,,-,1.17259970608886,14.2999964157178,1.12531090539242,-,30.0635927307051,0.95967182965261599,37.03,40.584879999999998,22.310710197778199,4.2567495767103898,349.05346529025201,292.91171752490601,24.529397768955199,71.268057791947996,2.6404088018251
0:02:14,,-,1.17125798165629,14.2836339226377,1.10459322850463,-,31.250502086858798,0.94308277578831301,30.3,40.965600000000002,22.4074205307653,4.2348894172771203,347.26093221672397,272.97978730630399,42.704966731352002,66.418439733893905,4.5968747827074301
0:02:15,,-,1.17125798165629,14.2836339226377,1.10459322850463,-,31.250502086858798,0.94308277578831301,30.3,40.965600000000002,22.503881900825501,4.2348894172771203,347.26093221672397,272.97978730630399,42.704966731352002,66.418439733893905,4.5968747827074301
0:02:16,,-,1.2156882090766801,14.825465964349799,1.1320796419484001,-,24.824720495497001,0.93122532035431704,26.66,34.018160000000002,22.602029293391901,4.3829304178235198,359.40029426152898,268.79628977199798,57.830022923390501,65.400557122140597,6.2249755568773404
0:02:17,,-,1.2156882090766801,14.825465964349799,1.1320796419484001,-,24.824720495497001,0.93122532035431704,26.66,34.018160000000002,22.701862708464599,4.3829304178235198,359.40029426152898,268.79628977199798,57.830022923390501,65.400557122140597,6.2249755568773404
0:02:18,,-,1.2842080435697301,15.661073702069899,1.1691242522901499,-,29.119970231652999,0.91038539911362204,28.7,41.5289,22.804243066094202,4.6065643984396596,377.73828067205199,256.954035783309,86.163023400537298,62.519230117593501,9.2748141442989596
0:02:19,,-,1.2842080435697301,15.661073702069899,1.1691242522901499,-,29.119970231652999,0.91038539911362204,28.7,41.5289,22.9091703662809,4.6065643984396596,377.73828067205199,256.954035783309,86.163023400537298,62.519230117593501,9.2748141442989596
0:02:20,,-,1.2842080435697301,15.661073702069899,1.1691242522901499,-,29.119970231652999,0.91038539911362204,28.7,41.5289,23.014097666467599,4.6065643984396596,377.73828067205199,256.954035783309,86.163023400537298,62.519230117593501,9.2748141442989596
0:02:21,,-,1.23583819187602,15.071197461902701,1.1450321551793601,-,27.996197420860199,0.92652271365815397,25.31,38.243409999999997,23.117247517044799,4.45049565223822,364.94064348353402,267.39005237442598,64.233382126683594,65.058406903753394,6.9142499598152503
0:02:22,,-,1.23583438528754,15.071151040091999,1.14502861851261,-,27.996283654099699,0.92652270574765805,25.31,38.243409999999997,23.2186197617931,4.4504819354186296,364.93951870432699,267.38921890837003,64.233193436113595,65.058204113958595,6.9142296486666996
0:02:23,,-,1.23583438528754,15.071151040091999,1.14502861851261,-,27.996283654099699,0.92652270574765805,25.31,38.243409999999997,23.319991850322101,4.4504819354186296,364.93951870432699,267.38921890837003,64.233193436113595,65.058204113958595,6.9142296486666996
0:02:24,,-,1.0683165922051401,13.028251124453,1.01602381774035,-,27.2842715471022,0.95105123813826498,20.13,32.046959999999999,23.414754377954601,3.8701302469541798,317.35068025024299,257.57358511738602,30.976134460279798,62.669972048025897,3.3343524715048201
0:02:25,,-,1.74838080996889,21.3217171947426,1.5594534394145101,-,29.0096984082675,0.89194152127662396,40,56.48,23.529936199296699,6.2433955294229904,511.958433412685,317.30562479396701,147.51786068660499,77.203315035028496,15.8792099770296
0:02:26,,-,1.56240944976698,19.0537737776461,1.3806511196354501,-,28.595161151043499,0.883667927022177,45.45,51.222149999999999,23.664454830516799,5.5679964801464701,456.57571137201103,270.51688117558098,143.93752135827199,65.819192500141199,15.4938128480379
0:02:27,,-,1.4029183256783699,17.108760069248401,1.23017880555668,-,30.9328413534096,0.87687129253361096,58.25,51.78425,23.7847132191866,4.9912766713469496,409.28468705044997,233.28551989052201,138.17761143429999,56.760467126647598,14.8738010155328
0:02:28,,-,1.4029183256783699,17.108760069248401,1.23017880555668,-,30.9328413534096,0.87687129253361096,58.25,51.78425,23.8984034100339,4.9912766713469496,409.28468705044997,233.28551989052201,138.17761143429999,56.760467126647598,14.8738010155328
0:02:29,,-,1.44175929202076,17.582430390497102,1.39050079182757,-,31.801716315444299,0.96444725518546803,29.26,50.063859999999998,24.014924778458401,5.2398678732363004,429.66916560537697,367.09102285808302,23.709465641847999,89.316550573742703,2.5521491541278798
0:02:30,,-,1.44175929202076,17.582430390497102,1.39050079182757,-,31.801716315444299,0.96444725518546803,29.26,50.063859999999998,24.134277324459902,5.2398678732363004,429.66916560537697,367.09102285808302,23.709465641847999,89.316550573742703,2.5521491541278798
0:02:31,,-,1.5615086988251701,19.042789010063,1.5210672506776099,-,34.101635194260297,0.97410104203839498,30,57.57,24.2587365691748,5.6882609310046996,466.437396342385,412.78461994413402,11.5557510848839,100.43421409832899,1.2438913977270101
0:02:32,,-,1.5615086988251701,19.042789010063,1.5210672506776099,-,34.101635194260297,0.97410104203839498,30,57.57,24.3883025126033,5.6882609310046996,466.437396342385,412.78461994413402,11.5557510848839,100.43421409832899,1.2438913977270101
0:02:33,,-,1.5615086988251701,19.042789010063,1.5210672506776099,-,34.101635194260297,0.97410104203839498,30,57.57,24.5178684560317,5.6882609310046996,466.437396342385,412.78461994413402,11.5557510848839,100.43421409832899,1.2438913977270101
0:02:34,,-,1.38655903871965,16.9092565697518,1.3805201908653599,-,36.059798828450397,0.99564472360306999,29.12,54.192320000000002,24.6402852562959,5.06053128731772,414.96356556005298,377.58304312340198,0,91.8693535580054,0
0:02:35,,-,1.38655903871965,16.9092565697518,1.3805201908653599,-,36.059798828450397,0.99564472360306999,29.12,54.192320000000002,24.755552913395899,5.06053128731772,414.96356556005298,377.58304312340198,0,91.8693535580054,0
0:02:36,,-,1.0600215903117101,12.927092564776901,1.0587557092943101,-,36.367749819759602,0.99880579694888805,29.7,42.827399999999997,24.857247687704,3.8687659689976699,317.238809457809,288.66147540027799,0,70.233935620505505,0
0:02:37,,-,1.0600215903117101,12.927092564776901,1.0587557092943101,-,36.367749819759602,0.99880579694888805,29.7,42.827399999999997,24.945369579219999,3.8687659689976699,317.238809457809,288.66147540027799,0,70.233935620505505,0
0:02:38,,-,1.0600215903117101,12.927092564776901,1.0587557092943101,-,36.367749819759602,0.99880579694888805,29.7,42.827399999999997,25.033491470736099,3.8687659689976699,317.238809457809,288.66147540027799,0,70.233935620505505,0
0:02:39,,-,1.0600215903117101,12.927092564776901,1.0587557092943101,-,36.367749819759602,0.99880579694888805,29.7,42.827399999999997,25.121613362252099,3.8687659689976699,317.238809457809,288.66147540027799,0,70.233935620505505,0
0:02:40,,-,0.84981263455790401,10.363568714120801,0.87158562709194998,-,31.322351442618299,1.0256209329546799,14.49,28.704689999999999,25.200997690795901,3.1015653177734701,254.328356057424,231.41808727985099,0,56.306103961034303,0
0:02:41,,-,0.84981263455790401,10.363568714120801,0.87158562709194998,-,31.322351442618299,1.0256209329546799,14.49,28.704689999999999,25.271644456367401,3.1015653177734701,254.328356057424,231.41808727985099,0,56.306103961034303,0
0:02:42,,-,1.03996679213112,12.682521855257599,1.0326811616487399,-,31.8034674282464,0.99299436238012195,30.15,37.416150000000002,25.350195185498801,3.7955718742497,311.23689368847499,283.200220946054,0,68.905163247215,0
0:02:43,,-,1.03996679213112,12.682521855257599,1.0326811616487399,-,31.8034674282464,0.99299436238012195,30.15,37.416150000000002,25.436649878190099,3.7955718742497,311.23689368847499,283.200220946054,0,68.905163247215,0
0:02:44,,-,0.64805846799827904,7.9031520487594999,0.66694538117569102,-,32.509412406992801,1.02914384135084,22.9,24.365600000000001,25.5068144768214,2.3652221519141401,193.94821645695899,176.47707860649999,0,42.9384619480536,0
0:02:45,,-,0.64805846799827904,7.9031520487594999,0.66694538117569102,-,32.509412406992801,1.02914384135084,22.9,24.365600000000001,25.560688981392701,2.3652221519141401,193.94821645695899,176.47707860649999,0,42.9384619480536,0
0:02:46,,-,1.18874469364906,14.4968865079154,1.1398813618038699,-,31.399256879475299,0.95889501580428305,30.15,41.667299999999997,25.636764179816801,4.3145513682427001,353.79321219590099,296.01332822630502,25.732278024572199,72.022707597641201,2.7698899918807598
0:02:47,,-,1.18874469364906,14.4968865079154,1.1398813618038699,-,31.399256879475299,0.95889501580428305,30.15,41.667299999999997,25.735040072093401,4.3145513682427001,353.79321219590099,296.01332822630502,25.732278024572199,72.022707597641201,2.7698899918807598
0:02:48,,-,1.1887404724253301,14.4968350295772,1.1398772642488,-,31.399368378403299,0.95889497387362399,30.15,41.667299999999997,25.8333157893852,4.3145360037185796,353.79195230492297,296.01222681279802,25.732233347916001,72.0224396138195,2.7698851827681401
0:02:49,,-,1.0650089967579399,12.987914594609,1.02822446607184,-,31.770473397879101,0.96546082634223795,24.59,37.376800000000003,25.926546403493202,3.8715666984506401,317.46846927295201,272.25412893824802,16.5025497893078,66.241880520254995,1.7763778029394801
0:02:50,,-,1.0650089967579399,12.987914594609,1.02822446607184,-,31.770473397879101,0.96546082634223795,24.59,37.376800000000003,26.014732089402401,3.8715666984506401,317.46846927295201,272.25412893824802,16.5025497893078,66.241880520254995,1.7763778029394801
0:02:51,,-,1.18163964164345,14.410239532237201,1.1606917284660401,-,32.383730751262597,0.98227216450839705,22.9,41.563499999999998,26.107941064171499,4.3126359642019301,353.63614906455803,321.780089637564,0,78.291992612545897,0
0:02:52,,-,1.18164272257238,14.410277104541199,1.1606947968708601,-,32.383646316288498,0.98227220013176997,22.9,41.563499999999998,26.2061734558627,4.3126472086832397,353.63707111202598,321.780928625652,0,78.292196745900796,0
0:02:53,,-,1.18164272257238,14.410277104541199,1.1606947968708601,-,32.383646316288498,0.98227220013176997,22.9,41.563499999999998,26.304405975616,4.3126472086832397,353.63707111202598,321.780928625652,0,78.292196745900796,0
0:02:54,,-,0.79922040972521002,9.7465903625025607,0.78849480454437404,-,34.718557812531699,0.986579915815058,25.86,31.471620000000001,26.386742697645001,2.9169186280102402,239.18732749684,217.64098462697601,0,52.954010858144997,0
0:02:55,,-,0.79922040972521002,9.7465903625025607,0.78849480454437404,-,34.718557812531699,0.986579915815058,25.86,31.471620000000001,26.453183621949702,2.9169186280102402,239.18732749684,217.64098462697601,0,52.954010858144997,0
0:02:56,,-,1.22228805238627,14.9059518583692,1.2157955794508599,-,32.085112771442198,0.99468826278491496,25.75,42.925249999999998,26.537209811144798,4.4609906671749204,365.801234708344,332.84932664645203,0,80.985237626873896,0
0:02:57,,-,1.22228805238627,14.9059518583692,1.2157955794508599,-,32.085112771442198,0.99468826278491496,25.75,42.925249999999998,26.638821265230501,4.4609906671749204,365.801234708344,332.84932664645203,0,80.985237626873896,0
0:02:58,,-,1.1617229506818001,14.1673530570952,1.12962875934142,-,31.834096053878699,0.97237362718748799,29.12,41.17568,26.7378038994351,4.2301674581061199,346.87373156470198,305.07731417432501,10.477296018355901,74.228056976721405,1.1278036618251801
0:02:59,,-,1.1617229506818001,14.1673530570952,1.12962875934142,-,31.834096053878699,0.97237362718748799,29.12,41.17568,26.8341577137586,4.2301674581061199,346.87373156470198,305.07731417432501,10.477296018355901,74.228056976721405,1.1278036618251801
0:03:00,,-,0.907976631375085,11.072885748476599,0.916210541616716,-,33.674214669704803,1.0090684164736301,26.2,34.348199999999999,26.920075653244801,3.31384674068395,271.73543273608402,247.257109135517,0,60.159880568252198,0
0:03:01,,-,0.907976631375085,11.072885748476599,0.916210541616716,-,33.674214669704803,1.0090684164736301,26.2,34.348199999999999,26.995557717893799,3.31384674068395,271.73543273608402,247.257109135517,0,60.159880568252198,0
0:03:02,,-,0.32101663857340201,3.9148370557732002,0.326197825248561,-,46.651600572958102,1.01613993186828,41.37,20.933219999999999,27.046642154568499,1.1716159917361699,96.072511322365798,87.418159559737703,0,21.269625197016499,0
0:03:03,,-,0.99962159355139801,12.190507238431699,0.93020187925028797,-,30.2429441250816,0.93055400688726597,46.51,36.928939999999997,27.101023790893901,3.6033569539099699,295.47527022061701,220.34578843551799,48.180483320228298,53.612113974578598,5.1862737696693602
0:03:04,,-,0.72174613491657302,8.8017821331289401,0.71082307842339898,-,25.303370695723899,0.98486579149545905,65.930000000000007,27.756530000000001,27.1720621828585,2.63416038931787,216.001151924065,196.54345352362199,0,47.820791611586998,0
0:03:05,,-,1.12284092435626,13.693182004344701,1.0615036028179701,-,33.675740863896898,0.945373097642076,62.5,46.8125,27.248324894021799,4.0620776640504799,333.09036845214001,264.28917529523699,38.530300108997402,64.303935594948101,4.1475027027984197
0:03:06,,-,1.3500877636420501,16.464484922463999,1.2353614300817799,-,31.505048149800999,0.91502305505622905,53.57,50.248660000000001,27.349804825846501,4.8483553742155001,397.565140685671,276.45071129416499,84.717143353927597,67.262946786901395,9.11917581850674
0:03:07,,-,1.92323079270984,23.454034057437099,1.7843917707050101,-,31.087293436976601,0.92780948468009505,49.99,66.986599999999996,27.4839255117551,6.9280950958072696,568.10379785619602,418.61258770481697,97.642446564556394,101.85221112039299,10.510489404150301
0:03:08,,-,1.92323079270984,23.454034057437099,1.7843917707050101,-,31.087293436976601,0.92780948468009505,49.99,66.986599999999996,27.6417321222707,6.9280950958072696,568.10379785619602,418.61258770481697,97.642446564556394,101.85221112039299,10.510489404150301
0:03:09,,-,2.2666530373557801,27.642110211655901,2.1413715258558801,-,31.4202477513197,0.94472841258225604,48.78,78.243120000000005,27.814010019072001,8.1987446233237797,672.29705911254996,532.04063821131797,79.149268336549596,129.45027693706001,8.5198351277233204
0:03:10,,-,1.69930587925859,20.7232424299829,1.6368940948652599,-,31.1550149070858,0.96327218945387105,40.26,58.739339999999999,27.977701183627399,6.1741381181291297,506.279325686589,430.65186852292999,29.81553010355,104.78147652625999,3.2094219702422002
0:03:11,,-,1.69930587925859,20.7232424299829,1.6368940948652599,-,31.1550149070858,0.96327218945387105,40.26,58.739339999999999,28.1183343296514,6.1741381181291297,506.279325686589,430.65186852292999,29.81553010355,104.78147652625999,3.2094219702422002
0:03:12,,-,2.15578363070279,26.290044276863298,2.1187982127270399,-,33.789680449634403,0.98284363168501498,38.46,78.381479999999996,28.2782583847059,7.86797403299368,645.17387070548205,587.05566864863897,0,142.83592911159101,0
0:03:13,,-,2.1614088457174798,26.358644459969302,2.1651278189597298,-,34.3599963270009,1.00172062460539,35.5,79.378,28.4577071669468,7.8885044076728903,646.85736142917699,588.58750807571005,0,143.20863943447901,0
0:03:14,,-,2.1614088457174798,26.358644459969302,2.1651278189597298,-,34.3599963270009,1.00172062460539,35.5,79.378,28.637389767343802,7.8885044076728903,646.85736142917699,588.58750807571005,0,143.20863943447901,0
0:03:15,,-,2.0771394865556498,25.330969348239599,2.0374144677899002,-,33.068650634484001,0.98087513187108,32.6,73.382599999999996,28.813546352809901,7.5789030966631001,621.47005392637504,563.28300745812498,2.18902762229831,137.051826632147,0.235632682701648
0:03:16,,-,2.0771394865556498,25.330969348239599,2.0374144677899002,-,33.068650634484001,0.98087513187108,32.6,73.382599999999996,28.986176923344999,7.5789030966631001,621.47005392637504,563.28300745812498,2.18902762229831,137.051826632147,0.235632682701648
0:03:17,,-,2.09860188226186,25.5927058812422,1.9819366096582101,-,31.522462911688901,0.94440809684307003,33.700000000000003,71.005899999999997,29.158937252048499,7.5902964968169497,622.40431273899003,491.91681064396801,73.910874230747893,119.687788477851,7.9559606276370198
0:03:18,,-,2.0925288692887598,25.518644747423899,1.86565289337373,-,28.748487479863101,0.89157809039349301,41.66,66.156080000000003,29.3304763040491,7.4716690446961698,612.67686166508599,378.99646510394803,177.267492268209,92.213251850109003,19.0815384572883
0:03:19,,-,2.0925288692887598,25.518644747423899,1.86565289337373,-,28.748487479863101,0.89157809039349301,41.66,66.156080000000003,29.500664321178299,7.4716690446961698,612.67686166508599,378.99646510394803,177.267492268209,92.213251850109003,19.0815384572883
0:03:20,,-,2.6271679485950998,32.038633519452397,2.2692730775385099,-,27.746372301390501,0.86377160575212597,36.14,78.09854,29.691866295055299,9.3167969542665396,763.97735024985695,402.15059723282701,291.00040685726498,97.846860640590506,31.324048100889598
0:03:21,,-,2.6271679485950998,32.038633519452397,2.2692730775385099,-,27.746372301390501,0.86377160575212597,36.14,78.09854,29.904082225680298,9.3167969542665396,763.97735024985695,402.15059723282701,291.00040685726498,97.846860640590506,31.324048100889598
0:03:22,,-,2.69406827625847,32.854491173883801,2.3217268365572501,-,27.093314836612301,0.86179212940426098,35.71,78.133480000000006,30.118947069037599,9.5493844136906905,783.04952192263704,407.012684781953,303.40691166737702,99.029850311910593,32.659516864087898
0:03:23,,-,2.9257075876897498,35.6793608254848,2.3830941701696098,-,26.020628418342401,0.81453600496398004,45.45,82.673550000000006,30.344435060283601,10.249561159126801,840.46401504839901,302.56428508967298,459.024993960681,73.616614377049302,49.410655969933302
0:03:24,,-,3.1905945772714102,38.9096899667245,2.5911283343321099,-,26.476789185871599,0.81211456723155295,40.81,90.353340000000003,30.588388922975199,11.1707780040395,916.00379633124101,322.165661774667,507.82225722899898,78.385805784590403,54.663321553175301
0:03:25,,-,3.1905945772714102,38.9096899667245,2.5911283343321099,-,26.476789185871599,0.81211456723155295,40.81,90.353340000000003,30.842834421956098,11.1707780040395,916.00379633124101,322.165661774667,507.82225722899898,78.385805784590403,54.663321553175301
0:03:26,,-,3.4333792108410299,41.870478180988201,2.8117109912995799,-,26.327837517795601,0.81893400601410204,41.37,96.350729999999999,31.107193951709899,12.0412782670269,987.38481789620801,370.29509722225799,524.52856385304494,90.096130711011597,56.461632276969297
0:03:27,,-,3.5425344252150399,43.201639331890703,2.8974002807030499,-,25.812014514001401,0.81788909659704401,42.55,97.567149999999998,31.3857905515429,12.420862206115199,1018.51070090144,378.33426325611799,544.67254356906801,92.052132179104106,58.629983161363697
0:03:28,,-,3.5425344252150399,43.201639331890703,2.8974002807030499,-,25.812014514001401,0.81788909659704401,42.55,97.567149999999998,31.668710190682201,12.420862206115199,1018.51070090144,378.33426325611799,544.67254356906801,92.052132179104106,58.629983161363697
0:03:29,,-,3.66438715478305,44.687648229061502,3.0314723341915402,-,27.147497193399001,0.82727948935052398,44.77,105.92582,31.956838296735601,12.8781910083289,1056.0116626829699,426.05311806028698,531.16959843945699,103.662559138756,57.176490682395901
0:03:30,,-,3.41407203956935,41.635024872796997,2.89186241759348,-,25.745795338017299,0.84704200265154905,35.5,93.01,32.240827821049599,12.057474541199401,988.71291237834896,464.99887543620702,431.67338601298297,113.138412514892,46.4664570519896
0:03:31,,-,3.41407203956935,41.635024872796997,2.89186241759348,-,25.745795338017299,0.84704200265154905,35.5,93.01,32.515470296710298,12.057474541199401,988.71291237834896,464.99887543620702,431.67338601298297,113.138412514892,46.4664570519896
0:03:32,,-,3.70626662469531,45.198373471894001,3.1062280878178701,-,26.822053043248701,0.83810162688261303,47.61,106.26552,32.801535486447698,13.0604445576915,1070.9564537307101,471.37625346868799,499.66221707353299,114.690086002114,53.784953398657997
0:03:33,,-,3.4324854108991301,41.859578181696698,2.85078197288126,-,23.706480948650199,0.83052996054381001,42.85,87.542550000000006,33.087776889257597,12.0729469085438,989.98164650059095,410.34315357263398,487.10143223844602,99.840183351005706,52.432877528357999
0:03:34,,-,4.3710440359604998,53.305415072689101,3.6130389339370899,-,25.657485735065499,0.82658488549021203,50,119.35,33.400196562982003,15.3590244428663,1259.4400043150399,505.15292121246898,636.44723272830504,122.908253336367,68.508851746857403
0:03:35,,-,4.2100481707719002,51.342050863071997,3.4901814206406301,-,25.944216210707499,0.82901222956807896,51.28,116.61072,33.743699976988403,14.802250933305899,1213.7845765310799,496.85386376680998,603.43118211880005,120.88901794812899,64.954917343250798
0:03:36,,-,4.2100399282593699,51.341950344626497,3.4901745799159398,-,25.944267004887799,0.82901222776738404,51.28,116.61072,34.080862029231099,14.802221946548199,1213.78219961695,496.85288337080698,603.43000781221599,120.888779408956,64.954790937805896
0:03:37,,-,4.1666525997583097,50.812836582418399,3.5284336692208198,-,27.396956493714299,0.84682693954986599,54.05,121.93680000000001,34.417025595100199,14.71457895903,1206.59547464046,566.59706500899995,527.66878886405402,137.858166668856,56.799654344892801
0:03:38,,-,4.0460060097532002,49.341536704307302,3.4833933959137799,-,26.644191763466001,0.86094617445372201,49.18,114.88448,34.747907485511099,14.338465077043899,1175.7541363175999,607.807743433106,458.86930766635402,147.885095725817,49.393897488305001
0:03:39,,-,4.3280596756774896,52.781215557042501,3.7947303504079102,-,26.500337008880599,0.87677403611906202,50.84,122.01600000000001,35.086571893760997,15.3979219888015,1262.62960308172,719.27070429571302,426.67787237748502,175.00503754153601,45.928726843647397
0:03:40,,-,4.0607989641583702,49.5219385872972,3.5840937776924502,-,27.154025839063799,0.88260803091375795,51.72,117.71472,35.426709333621098,14.467804437941499,1186.3599639112001,698.74918138420298,378.13489109246302,170.011966273529,40.703432840954001
0:03:41,,-,4.4566509957303504,54.349402386955497,3.94385835151451,-,25.164377939273901,0.884937670751622,44.77,118.59573,35.772419372116097,15.8872233323514,1302.7523132528099,777.33564454362102,405.26892318509601,189.13276022959101,43.624211322400001
0:03:42,,-,4.4566583020000401,54.349491487805402,3.9438647888643601,-,25.164336684656799,0.88493766441426402,44.77,118.59573,36.134295311035999,15.887249353297999,1302.7544469704401,777.33689042819901,405.26961404695902,189.13306336452499,43.624285688585402
0:03:43,,-,3.9515337569516902,48.189436060386399,3.5475232743781899,-,25.882253902063901,0.89775856479455696,47.24,109.07716000000001,36.476168251476999,14.130862490304001,1158.7307242049201,740.32922746288602,311.87130788162602,180.12876580605499,33.570646704157802
0:03:44,,-,4.6303062119104403,56.467148925737,4.09303709762401,-,25.854013648615201,0.88396682860748699,55.04,127.63776,36.825046445605103,16.502344798990499,1353.19227351722,803.09097760508598,425.27194468399898,195.39926462410801,45.777389094079503
0:03:45,,-,4.5406420722158396,55.373683807510197,4.13450304140658,-,26.424104364924901,0.91055471355154505,50.84,127.30336,37.198495965930498,16.288344790554,1335.6442728254301,909.30132129069398,303.930873781456,221.24119739432899,32.715917522223499
0:03:46,,-,4.4674685244100498,54.481323468415297,4.1491941975085496,-,27.531544839757402,0.92875734318832504,52.63,130.57503,37.567328595802898,16.0969592958098,1319.9506622563999,976.66510782633202,222.84617698679699,237.631413096431,23.987747791904901
0:03:47,,-,4.5230385464160001,55.159006663609702,4.2571389320001396,-,27.708877276606199,0.94121217148888803,51.28,132.71263999999999,37.936822911477996,16.346444031754501,1340.4084106038699,1045.6306774300001,172.84023239333101,254.41135703892999,18.6049765762466
0:03:48,,-,4.2959851452933302,52.390062747479597,4.0836287424124302,-,28.160060127894099,0.950568636599324,49.58,128.11472000000001,38.300213362324001,15.5610101888748,1276.00283548773,1033.68085216028,126.505660598456,251.50385697330501,13.617401571416201
0:03:49,,-,4.2959851452933302,52.390062747479597,4.0836287424124302,-,28.160060127894099,0.950568636599324,49.58,128.11472000000001,38.654658594403998,15.5610101888748,1276.00283548773,1033.68085216028,126.505660598456,251.50385697330501,13.617401571416201
0:03:50,,-,4.2694952257997496,52.067014948777398,4.1747398384316003,-,29.7373444131719,0.97780641917677802,54.05,134.74664999999999,39.009169106077501,15.5667420556283,1276.4728485615201,1144.5963299213199,16.774342948819701,278.49059122173298,1.8056343324886699
0:03:51,,-,4.6337037482109702,56.508582295255799,4.5285726102695696,-,28.528819964167699,0.97731164017941397,53.09,139.83905999999999,39.378845578332701,16.892655508242399,1385.19775167588,1239.9235836897999,20.353221897314899,301.68457024082602,2.1908742623589701
0:03:52,,-,4.4208121789671804,53.912343645941199,4.3663209613636296,-,29.4820034698804,0.98767393515092095,51.72,137.78208000000001,39.7549900023863,16.134659774513999,1323.0421015101499,1203.86054181493,0,292.910107497551,0
0:03:53,,-,4.3396829241104502,52.922962489151899,4.3092080215382502,-,30.744619441833699,0.99297762000009504,57.14,141.65006,40.119129471882097,15.838561937310899,1298.76207885949,1181.76769897182,0,287.53471994448103,0
0:03:54,,-,4.6289424594341204,56.450517797977,4.5888803152650501,-,28.657387980626702,0.99134529225192303,55.55,140.65260000000001,40.491920101959899,16.894273874403801,1385.3304577011099,1260.53787214874,0,306.70021220163898,0
0:03:55,,-,4.4731375114471303,54.550457456672397,4.36344228778316,-,29.635753352262402,0.97547689437598195,57.14,140.79295999999999,40.869967344832901,16.300118182730699,1336.60969098392,1188.6804963300499,27.336985855264398,289.21666577373401,2.9426249575096302
0:03:56,,-,4.3398780673813002,52.925342285137802,4.3260485751236599,-,28.393995888081601,0.99681339151862902,50.42,130.48696000000001,41.235999313096997,15.839274152658399,1298.8204805179901,1181.82083972385,0,287.54764956784601,0
0:03:57,,-,4.3398780673813002,52.925342285137802,4.3260485751236599,-,28.393995888081601,0.99681339151862902,50.42,130.48696000000001,41.596782779907599,15.839274152658399,1298.8204805179901,1181.82083972385,0,287.54764956784601,0
0:03:58,,-,4.28742421740401,52.285661187853798,4.3278706452814903,-,28.305937048954299,1.00943373592781,47.24,128.16211999999999,41.955385945618801,15.647833080523901,1283.1223126029599,1167.5367856411201,0,284.07221061827698,0
0:03:59,,-,4.5277689881969101,55.216694978011098,4.5245488510657603,-,28.229978237229201,0.99928880268857601,49.18,134.90074000000001,42.321799001002198,16.525020562900199,1355.0516861578201,1232.9866564512199,0,299.99675339445798,0
0:04:00,,-,4.5277762991656498,55.216784136166403,4.5245559335667203,-,28.229932654480699,0.999288753377785,49.18,134.90074000000001,42.698202551045497,16.525047245778499,1355.0538741538401,1232.98864734937,0,299.99723779790099,0
0:04:01,,-,3.4053233207265299,41.528333179591797,3.4023488884313902,-,23.200475420097298,0.99912653454165901,32.96,83.751360000000005,43.027950430937601,12.428425134988901,1019.13086106909,927.326068600957,0,225.62678068149799,0
0:04:02,,-,5.3781158291234403,65.586778403944294,5.1746289893075099,-,26.997856612483101,0.96216391645676203,60.6,153.92400000000001,43.391981232076098,19.535254964973699,1601.8909071278399,1356.9541412244,99.947065642939293,330.159158448759,10.7585646547836
0:04:03,,-,4.6466877946481198,56.666924324977103,4.5893664267940197,-,28.6345900306126,0.98766403718362095,59.4,141.6096,43.8076106923846,16.959039110896999,1390.6412070935501,1265.3702215000701,0,307.87596630172101,0
0:04:04,,-,4.9841526804838301,60.782349761997899,4.9237249970034496,-,28.2929133676361,0.98787603684032499,60.6,149.74260000000001,44.207927010143997,18.1906863509017,1491.6362807739399,1357.26751183024,0,330.23540433825798,0
0:04:05,,-,4.5410012571016498,55.378064110995702,4.6671049011744099,-,29.447184096431702,1.02777000862432,54.05,141.50290000000001,44.603850352476499,16.573314439269499,1359.0117840201001,1236.5900229296501,0,300.87348489772398,0
0:04:06,,-,4.5597259977706797,55.606414606959497,4.67384834354531,-,28.935082955534099,1.0250283341214901,54.05,139.71924999999999,44.982131939946399,16.641654216629501,1364.61564576362,1241.6890806445199,0,302.11413154367801,0
0:04:07,,-,4.8960723584666299,59.7081994934954,5.0194142536301598,-,28.346253862037599,1.02519200823293,52.63,146.36403000000001,45.375172442405002,17.869219169975398,1465.2759719379901,1333.28177801161,0,324.39945937022202,0
0:04:08,,-,4.4570301830569203,54.354026622645399,4.5633925432329301,-,28.903349250294902,1.02386395330692,50.42,136.08358000000001,45.763944282071201,16.2668448007135,1333.8812736585101,1213.7233055474401,0,295.30980670254002,0
0:04:09,,-,4.5283524816670297,55.223810752036897,4.5981415746244299,-,28.823666118841999,1.0154115858339099,49.18,137.60563999999999,46.137431446694997,16.527150141864499,1355.22631163289,1233.1455514091299,0,300.03541396815802,0
0:04:10,,-,4.5919857717807799,55.9998264851315,4.6220518147965999,-,29.913977705277102,1.00654750352246,57.14,145.59272000000001,46.516528186565999,16.759392871198902,1374.2702154383101,1250.47395261972,0,304.25156998046702,0
0:04:11,,-,4.5829126719926201,55.889178926739298,4.7018563171014502,-,28.714915473783599,1.0259537228007301,55.55,139.59715,46.897892779854701,16.726278734643,1371.55485624073,1248.00319693395,0,303.65041287930501,0
0:04:12,,-,4.5829047328563703,55.889082108004601,4.7018482109852799,-,28.714965217699199,1.0259537313259299,55.55,139.59715,47.2788799099228,16.726249759138799,1371.5524802493801,1248.00103497536,0,303.64988685531802,0
0:04:13,,-,4.78465775547724,58.349484822893203,4.9153984387495004,-,28.396689364973799,1.0273249812115799,51.72,143.31612000000001,47.6682527929431,17.462588749959199,1431.9322774966499,1302.94173213519,0,317.01745307425603,0
0:04:14,,-,4.9331606459238504,60.1604956819981,5.1584692109852801,-,29.401242004929198,1.04567225380094,55.55,153.04024999999999,48.072184442433901,18.0045804736265,1476.37559883738,1343.3815343517899,0,326.85682101016698,0
0:04:15,,-,4.6302743415457703,56.466760262753198,5.0084328228886603,-,31.6781186557151,1.0816708586681001,57.14,154.90654000000001,48.469698978076003,16.899134851043701,1385.7290577855799,1260.9005657569801,0,306.78845882165001,0
0:04:16,,-,5.2700160992095997,64.268489014751196,5.6003565386679597,-,30.819006420940401,1.0626830038541799,61.22,171.23233999999999,48.881215275560599,19.234003464680899,1577.18828410383,1435.11286608202,0,349.17587982530898,0
0:04:17,,-,4.8921008750124901,59.659766768445003,5.03019538702506,-,31.087474254016001,1.02822805897522,63.82,161.27314000000001,49.303614676554197,17.854724427439798,1464.0874030500599,1332.20027714043,0,324.13632047212297,0
0:04:18,,-,4.8395922473996604,59.019417651215299,5.0622542518024396,-,30.482022546272098,1.0460084224084001,58.82,155.99064000000001,49.708123043854897,17.663083433101601,1448.37284151433,1317.90130619823,0,320.65725211635902,0
0:04:19,,-,4.9051745064713002,59.819201298430499,5.08707563156646,-,32.207661479030897,1.03708351759049,60.6,166.7106,50.113174830810202,17.902439323948801,1468.0000245638,1335.7604440089401,0,325.00254112139697,0
0:04:20,,-,4.8825750441831,59.543598099793897,5.1608786399448201,-,32.590384901420997,1.0569993483445399,62.5,168.125,50.520013244278502,17.819957956194301,1461.23655240793,1329.6062352767899,0,323.50516673401302,0
0:04:21,,-,4.9402693961490396,60.2471877579151,5.2911798331530102,-,31.874800212868699,1.07103062785959,61.85,166.37649999999999,50.928310414855702,18.0305253140003,1478.5030757480199,1345.31736504336,0,327.327826044613,0
0:04:22,,-,4.5707106365959902,55.740373617024296,4.8876897463625202,-,30.910469122416298,1.0693500715684301,57.69,149.59017,51.3236446034784,16.681744906533801,1367.90308233578,1244.68038014166,0,302.841941640306,0
0:04:23,,-,4.8194056198369699,58.7732392663045,5.2378204668213701,-,29.919739356754501,1.0868187656299699,51.72,151.64304000000001,51.713954958302999,17.589408200014699,1442.3314724012,1312.4041524149,0,319.31974511311302,0
0:04:24,,-,4.8230479852023702,58.817658356126401,5.1585492632016603,-,30.422303582750601,1.06956208584875,53.57,154.44230999999999,52.114753988387903,17.602701758656401,1443.42154420983,1313.39602896716,0,319.56107760758101,0
0:04:25,,-,4.41889063333966,53.888910162678698,4.84310027699917,-,32.077046426667003,1.0959991271245599,56.07,149.81904,52.4989051791677,16.127646700063799,1322.4670294052301,1203.3372730429001,0,292.78279149462298,0
0:04:26,,-,4.7067354114240096,57.399212334439099,5.1442316883158297,-,31.8434343337466,1.0929511091339299,57.69,158.18598,52.878221711813197,17.178195190759102,1408.6120056422501,1281.7221843385901,0,311.85454606778302,0
0:04:27,,-,4.6348131974249904,56.522112163719299,4.9813473595348698,-,30.444243163542001,1.07476766535109,53.57,148.81746000000001,53.266513299750997,16.9157003354868,1387.08742750992,1262.1365715579,0,307.08919016007297,0
0:04:28,,-,4.7340420288932696,57.732219864552,5.1321854806131002,-,30.4289503812616,1.08410222158778,57.69,152.35928999999999,53.6559399168261,17.277856285739698,1416.78421543066,1289.15822956532,0,313.66380281394498,0
0:04:29,,-,4.6365474745017998,56.543261884168203,5.1328074070090004,-,31.318066039128102,1.10703221205786,55.55,153.20689999999999,54.045438621006703,16.922029934994001,1387.6064546695,1262.6088439949201,0,307.20409829559998,0
0:04:30,,-,4.6365474745017998,56.543261884168203,5.1328074070090004,-,31.318066039128102,1.10703221205786,55.55,153.20689999999999,54.430884858414899,16.922029934994001,1387.6064546695,1262.6088439949201,0,307.20409829559998,0
0:04:31,,-,4.5349703102364298,55.3045159784931,4.9499675808005703,-,29.996200789439801,1.09151047133151,49.18,143.1138,54.812108930948398,16.551303263076299,1357.2068675722601,1234.9476959845299,0,300.47389196703898,0
0:04:32,,-,5.0487734676788101,61.570408142424498,5.3345045022310202,-,31.469741812965001,1.0565941483374901,61.954999999999998,167.80511749999999,55.210467623466599,18.426533153150601,1510.9757185583501,1374.8648248884999,0,334.51698902396703,0
0:04:33,,-,5.1563700958688798,62.882562144742401,5.4419655381539798,-,32.227663435783299,1.05538691695422,64.510000000000005,175.46719999999999,55.634655471257602,18.819229091917499,1543.17678553723,1404.16517284869,0,341.64602745710101,0
0:04:34,,-,5.1486315985613604,62.788190226357997,5.5573072357065501,-,32.933508011600502,1.07937558345782,62.5,178.5625,56.062994030438503,18.790985860545501,1540.8608405647301,1402.05785157279,0,341.133297219658,0
0:04:35,,-,4.6807838906075698,57.082730373263097,5.0806888394666601,-,33.391041682916203,1.08543546512829,63.15,165.38985,56.471564333779199,17.0834797986426,1400.8453434886901,1274.6551544250301,0,310.135074069349,0
0:04:36,,-,4.6456804357651897,56.654639460551103,5.0658183306374696,-,31.561157085022302,1.0904362451704199,56.07,154.69712999999999,56.859228927174598,16.955362548267999,1390.33972895797,1265.09590095409,0,307.80922164333202,0
0:04:37,,-,4.9019589072782299,59.7799866741248,5.35624050997711,-,32.658433705412001,1.09267348243666,61.22,168.90598,57.256086899744098,17.890703335887999,1467.0376735428199,1334.8847829697199,0,324.78948490747501,0
0:04:38,,-,4.79377491190961,58.460669657434302,5.1729874345288804,-,30.965759287364499,1.0791051998868699,55.04,156.36864,57.6591005796503,17.495863680264399,1434.6608217816799,1305.42448517652,0,317.62152924002999,0
0:04:39,,-,4.6085149008563997,56.201401229956097,4.8983006449907798,-,32.821853298530399,1.06288050497147,60,159.9,58.049916941531897,16.819719314216101,1379.21698376572,1254.97510885055,0,305.34674181278598,0
0:04:40,,-,4.6085149008563997,56.201401229956097,4.8983006449907798,-,32.821853298530399,1.06288050497147,60,159.9,58.433032770355702,16.819719314216101,1379.21698376572,1254.97510885055,0,305.34674181278598,0
0:04:41,,-,4.9780019918290099,60.7073413637684,5.4969966306374696,-,31.245102001827899,1.1042576197559499,56.07,163.61225999999999,58.8315067303935,18.168238152514899,1489.7955285062201,1355.5925772081,0,329.82787766620498,0
0:04:42,,-,5.1020853429401898,62.220552962685296,5.6063207812002904,-,32.959503555284101,1.09882928339445,63.94,177.36956000000001,59.2504964805578,18.621105764349998,1526.9306726766999,1389.3825334993101,0,338.04927822367603,0
0:04:43,,-,5.0168603034512298,61.181223212819901,5.6990364126082804,-,33.299083469610899,1.1359767001460599,61.85,175.96324999999999,59.671101418541198,18.3100595219952,1501.42488080361,1366.17434051081,0,332.40251593936898,0
0:04:44,,-,4.7437495891900801,57.850604746220498,5.3887303530008603,-,32.785773590244197,1.1359643361615299,58.25,163.91550000000001,60.076811742722803,17.313286015908901,1419.6894533045299,1291.8017593796401,0,314.30699741597101,0
0:04:45,,-,4.7437495891900801,57.850604746220498,5.3887303530008603,-,32.785773590244197,1.1359643361615299,58.25,163.91550000000001,60.471169924196303,17.313286015908901,1419.6894533045299,1291.8017593796401,0,314.30699741597101,0
0:04:46,,-,4.7932815755037304,58.454653359801597,5.4053246793932903,-,33.065706135434702,1.1276877008472499,54.54,166.34700000000001,60.867586956340602,17.4940631479773,1434.5131781341399,1305.29014148382,0,317.58884221017502,0
0:04:47,,-,4.6976732537091399,57.288698215965098,5.2562678359847697,-,32.423051109341898,1.11890877719828,54.05,160.09610000000001,61.262088775684497,17.1451209895415,1405.89992114241,1279.2544083610101,0,311.25411395645,0
0:04:48,,-,4.9670995643691498,60.574384931331103,5.4511731567991299,-,33.152911043150098,1.0974559873738801,64.540000000000006,173.96756999999999,61.663815528038498,18.1284475098321,1486.5326958062301,1352.6236652304899,0,329.10551465461998,0
0:04:49,,-,4.9670995643691498,60.574384931331103,5.4511731567991299,-,33.152911043150098,1.0974559873738801,64.540000000000006,173.96756999999999,62.076741276873598,18.1284475098321,1486.5326958062301,1352.6236652304899,0,329.10551465461998,0
0:04:50,,-,4.72521307937056,57.624549748421501,5.2721997488154804,-,32.520046698183897,1.115759154192,54.05,161.44735,62.479612751916001,17.245633225598599,1414.14192449909,1286.75396004972,0,313.07882239652599,0
0:04:51,,-,4.8134369229021798,58.700450279294898,5.2471660428385496,-,33.119785831509397,1.09010798871648,60,168.06,62.876097072797997,17.567624217696199,1440.5451858510901,1310.77877715918,0,318.924276681067,0
0:04:52,,-,4.7567148319868897,58.008717463254698,5.2682119351514904,-,32.173517943701199,1.1075315887605901,55.55,161.03944999999999,63.273890798154298,17.3606053257895,1423.56963671474,1295.3324102162401,0,315.16603654896397,0
0:04:53,,-,4.8445569567279101,59.079962886925799,5.2929996022044996,-,33.538660284374401,1.0925662861397101,61.85,171.38634999999999,63.672978061430001,17.681203156955,1449.8586588703099,1319.25327896249,0,320.98619926094699,0
0:04:54,,-,5.1308526032109096,62.571373209889103,5.5633173177615998,-,34.441772872097502,1.0842871054764001,66.66,186.31469999999999,64.087616766482597,18.7260977744881,1535.5400175080299,1397.2163360075399,0,339.95531289721202,0
0:04:55,,-,4.9996165744728902,60.970933835035297,5.5642185901029801,-,33.6358553691149,1.1129290631031299,58.82,176.63646,64.508700692527896,18.2471250002273,1496.26425001863,1361.4785868641,0,331.259996803918,0
0:04:56,,-,4.6358129655536899,56.5343044579718,5.0922294750675103,-,33.775305682829497,1.0984544702094801,58.25,164.964,64.909207759741193,16.919349194103098,1387.3866339164499,1262.4088250155,0,307.15543187725001,0
0:04:57,,-,4.7242821970112301,57.613197524527202,5.1450567118352799,-,34.005927948511598,1.08906633796987,63.15,169.74719999999999,65.298270255276293,17.242235779710899,1413.86333393629,1286.50046533063,0,313.01714484930102,0
0:04:58,,-,5.0390798028504902,61.452192717688902,5.4064260434336404,-,32.686816133935103,1.07289946874335,64.215000000000003,173.95843500000001,65.704094973775995,18.3911541373405,1508.0746392619201,1372.22507904092,0,333.874715095113,0
0:04:59,,-,4.9146859970504702,59.935195085981398,5.34314391939657,-,33.191117417857001,1.08717910413875,63.82,172.31399999999999,66.117834032495196,17.937153457513102,1470.84658351608,1338.3505807843901,0,325.63274471639801,0
0:05:00,,-,5.0254840071996201,61.286390331702698,5.4484323084723201,-,31.683396021535799,1.0841607098275099,57.69,167.53175999999999,66.531007967239304,18.3415334956326,1504.00574664187,1368.5227181949799,0,332.97389737103998,0
0:05:01,,-,5.0254840071996201,61.286390331702698,5.4484323084723201,-,31.683396021535799,1.0841607098275099,57.69,167.53175999999999,66.948787341306499,18.3415334956326,1504.00574664187,1368.5227181949799,0,332.97389737103998,0
0:05:02,,-,5.0894058952695396,62.065925552067597,5.5470149536847204,-,31.431951644628601,1.08991404258806,51.72,167.41764000000001,67.369223697900097,18.574829522335499,1523.13602083151,1385.92970941976,0,337.20917504130301,0
0:05:03,,-,4.5731709616220897,55.770377580757199,4.9327831731665199,-,33.246078328563499,1.0786351996376899,60,160.68,67.770859172748303,16.690724366783201,1368.63939807622,1245.3503674876599,0,303.004955593104,0
0:05:04,,-,5.0097914273135498,61.095017406262798,5.3900074416828696,-,32.320726790581801,1.0758945796218899,64.510000000000005,171.20954,68.169185385987006,18.284260210273199,1499.3093372424,1364.2493681951701,0,331.93415284554101,0
0:05:05,,-,5.1198687310700297,62.437423549634502,5.5296714744365296,-,32.257565315641102,1.0800416504586501,67.41,174.86153999999999,68.590235684268805,18.686009882755702,1532.25281038597,1394.2252452913001,0,339.22755359885701,0
0:05:06,,-,5.0058103008545798,61.046467083592397,5.40365174017081,-,32.324936478790598,1.07947593204807,62.5,170.8125,69.011120502716295,18.269730273615799,1498.1178824364899,1363.1652413736999,0,331.67037503009601,0
0:05:07,,-,4.9213104925160804,60.0159816160498,5.3225565267777997,-,32.009522715454899,1.0815323550245199,59.4,166.08240000000001,69.423752032873594,17.961330910928599,1472.82913469614,1340.1545408663101,0,326.07166444435597,0
0:05:08,,-,4.8534919711750701,59.188926477744701,5.2812433177296203,-,32.934106195976703,1.08813269890936,61.22,168.6611,69.830052286646307,17.7138133227682,1452.5326924670001,1321.6864317176901,0,321.578207230582,0
0:05:09,,-,5.2992157786279304,64.6245826661943,5.6895892604253397,-,31.162082636075699,1.0736662740498,57.14,173.36276000000001,70.252060583033597,19.340573677091399,1585.9270415215001,1443.0644235023101,0,351.11056532903001,0
0:05:10,,-,4.76721020425697,58.136709808011801,5.1370414045597697,-,31.7249320923478,1.07757811895363,54.54,159.09317999999999,70.670482484307001,17.398910337160601,1426.7106476471699,1298.1904743085599,0,315.86142927215599,0
0:05:11,,-,5.0026762411881096,61.008246843757497,5.2221615358792999,-,32.618732880712102,1.0438735756841699,70.58,173.34448,71.076578398455595,18.258291880763,1497.17993422257,1362.3117849011301,0,331.46272138713601,0
0:05:12,,-,5.3156378438034899,64.824851753701196,5.6270042182825204,-,32.257197544012897,1.0585755432609101,64.510000000000005,180.75702000000001,71.505470301571805,19.400509368470299,1590.84176821457,1447.5364244559,0,352.19864341992701,0
0:05:13,,-,5.0212271672038398,61.234477648827301,5.2756416438034899,-,32.722472919204201,1.05066778859586,64.510000000000005,173.59640999999999,71.935133294024794,18.3259972859349,1502.7317774466601,1367.3635100005799,0,332.69185158164998,0
0:05:14,,-,4.7334403927255604,57.7248828381165,5.0419499987578398,-,31.973331750958199,1.0651766116050401,58.82,159.81394,72.340596618709796,17.275660491283599,1416.6041602852599,1288.9943940496901,0,313.62394015807502,0
0:05:15,,-,4.8714571922024401,59.408014539054101,5.1808458291766897,-,32.716083445238098,1.0635104907561299,62.5,168.375,72.739834592132993,17.779381077587001,1457.90924836214,1326.57865962611,0,322.76853032265501,0
0:05:16,,-,5.41439016291051,66.029148328176902,5.6640748339059597,-,32.548612991950897,1.0461150126759999,65.930000000000007,185.72480999999999,73.167376980449603,19.7609261892338,1620.39594751717,1474.4283202372401,0,358.74168375601801,0
0:05:17,,-,5.34306060106488,65.159275622742499,5.5535596749166203,-,32.880648960819599,1.0393967221352101,63.15,184.77690000000001,73.614522075359204,19.5005943394168,1599.04873583217,1455.0040964759501,0,354.01559524962198,0
0:05:18,,-,4.7931326004020898,58.452836590269399,5.1116729122170703,-,33.654921206742202,1.0664576464644999,62.5,170.3125,74.035843926654195,17.4935194328222,1434.4685934914201,1305.2495730906601,0,317.578971554904,0
0:05:19,,-,4.8675614984702298,59.360506078905203,5.0737792496907996,-,32.139047457164203,1.0423657207588199,65.209999999999994,165.82902999999999,74.437401142625703,17.765162945169202,1456.7433615038799,1325.5177975543199,0,322.510413030248,0
0:05:20,,-,4.8054765571863198,58.6033726486137,4.9543738033443603,-,33.139377147069801,1.03098490740432,74.069999999999993,169.91658000000001,74.8394714485337,17.538571232112002,1438.16284103318,1308.61103743268,0,318.39684609067803,0
0:05:21,,-,5.1100219688476098,62.317341083507401,5.3958531646846302,-,32.2074564460465,1.0559354142858,66.39,174.14097000000001,75.251619886558302,18.650072106639499,1529.3059127444401,1391.54380848189,0,338.57513588367101,0
0:05:22,,-,5.0860380529362601,62.0248543041007,5.2655506376163697,-,32.425256807662102,1.03529517137145,65.209999999999994,174.30633,75.675430167095499,18.562537891743201,1522.12810712294,1385.0125900462201,0,336.98603164141599,0
0:05:23,,-,5.4970366050941104,67.037031769440404,5.7718329831113602,-,32.474857423101298,1.04998991233979,66.66,188.11452,76.115327130254101,20.062561312424702,1645.1300276188199,1496.9343183747701,0,364.21759571162301,0
0:05:24,,-,5.07475986889607,61.887315474342302,5.2914796377074804,-,33.606969473631402,1.0427054233915001,67.41,180.25434000000001,76.554755303475005,18.5213758484362,1518.75281957177,1381.9413533142199,0,336.23877209591802,0
0:05:25,,-,5.0085064907863099,61.079347448613497,5.2147058617398603,-,33.393176250779398,1.0411698320313401,66.66,176.84898000000001,76.973877193253699,18.279570571161798,1498.92478683526,1363.89945864886,0,331.84901670288502,0
0:05:26,,-,5.2733139191347398,64.308706330911406,5.5105014328905497,-,32.694232250123498,1.0449788344469999,65.930000000000007,181.90087,77.401252197230903,19.246039534148601,1578.1752418001799,1436.0109171914501,0,349.39438374487798,0
0:05:27,,-,5.1682089798513697,63.026938778675202,5.3373096265428197,-,32.464532810905297,1.0327193902860199,67.41,177.49053000000001,77.835265408176994,18.862437524539001,1546.7198770122,1407.3890974825899,0,342.43043734369701,0
0:05:28,,-,5.1509109831484503,62.815987599371297,5.4479874146628902,-,32.845273496958796,1.0576745419375999,66.66,178.78211999999999,78.264190808485793,18.799304941591899,1541.5430052105401,1402.6785658336401,0,341.28432258726099,0
0:05:29,,-,5.34202187119811,65.146608185342799,5.4895001246370603,-,31.928156438218899,1.0276071976107199,65.930000000000007,180.05483000000001,78.7003409299206,19.496803281955,1598.7378691203101,1454.7212330903101,0,353.94677204143699,0
0:05:30,,-,5.0805383714626204,61.957785017836798,5.2986304294297097,-,32.4218513780419,1.0429269581334399,65.209999999999994,174.11070000000001,79.133565937513694,18.542465677441101,1520.48218555017,1383.5149354862399,0,336.621638804437,0
0:05:31,,-,5.2222923956649199,63.686492630060101,5.36439545392924,-,31.710743090040001,1.02721085827792,64.954999999999998,174.95629249999999,79.561814259749397,19.059826031055302,1562.9057345465401,1422.1169093933299,0,346.01384656771899,0
0:05:32,,-,4.9633042456969498,60.528100557279899,5.0550556266167099,-,32.003583124631703,1.0184859473402801,69.760000000000005,168.88896,79.985189618543899,18.114595716760402,1485.39684877435,1351.5901369537601,0,328.85404792062201,0
0:05:33,,-,5.8149969088272702,70.914596449113006,6.0993859091529297,-,31.782097720370398,1.0489061309549399,68.959999999999994,194.74304000000001,80.4332013825247,21.2230225839855,1740.2878518868099,1583.5201872223499,0,385.28471708572999,0
0:05:34,,-,4.8870048746813701,59.5976204229435,4.9742709746280704,-,31.642256139571,1.0178567654799799,63.82,163.82594,80.878041680491506,17.836125530172801,1462.56229347417,1330.8125516566599,0,323.798674369016,0
0:05:35,,-,4.7557601923503698,57.997075516468001,4.87612657882464,-,32.270760886316197,1.02530959964463,69.760000000000005,163.51743999999999,81.278853656831501,17.3571211728514,1423.2839361738099,1295.0724459962,0,315.10278491391699,0
0:05:36,,-,5.0444746989056704,61.517984132995998,5.12440179362408,-,32.230063525795899,1.0158444832195801,66.66,172.18278000000001,81.686211037007695,18.410843915789702,1509.6892010947499,1373.69419879202,0,334.232165156208,0
0:05:37,,-,5.0650294410270602,61.768651719842197,5.28551177782309,-,32.480932621516999,1.04353031692375,66.66,174.11591999999999,82.106423528546799,18.485862658377101,1515.84073798693,1379.29159628039,0,335.594062355326,0
0:05:38,,-,3.6192877699020101,44.1376557305123,3.7636364183951598,-,26.479320267643299,1.03988316422185,37.97,101.30396,82.467396581429398,13.2093322288737,1083.1652427676399,985.59213992129798,0,239.80344037014601,0
0:05:39,,-,5.2353701369956998,63.845977280435399,5.2607139376215697,-,29.740842753355,1.0048408803891,69.760000000000005,165.74976000000001,82.835450029875602,19.107555927384102,1566.8195860455,1425.6781954482001,0,346.88033952511103,0
0:05:40,,-,5.1012043940826901,62.209809683935298,5.1492708704036696,-,30.085444170405101,1.0094225740840199,69.760000000000005,163.51743999999999,83.265100948215604,18.617890561007499,1526.6670260026101,1389.14263650166,0,337.990909124491,0
0:05:41,,-,5.4127420357885603,66.009049216933704,5.4064641158448499,-,30.762478407257401,0.99884015903543799,74.069999999999993,177.17544000000001,83.702124521681895,19.754911011637201,1619.9027029542499,1473.97950786302,0,358.63248366496799,0
0:05:42,,-,5.5214626610409603,67.334910500499504,5.6232845788104804,-,30.387507857993501,1.0184411131651701,67.41,177.49053000000001,84.156616585294003,20.1517092079654,1652.44015505316,1503.58593888163,0,365.83599486170999,0
0:05:43,,-,5.2869666356417104,64.475202873679393,5.4059221397684496,-,31.8865280638447,1.0224997644821201,65.930000000000007,178.07693,84.605880658142397,19.295867920182701,1582.2611694549801,1439.7287785313899,0,350.298972878683,0
0:05:44,,-,5.1521776604728,62.831434883814602,5.1833103775794198,-,32.417577771313297,1.0060426326804399,68.959999999999994,176.95135999999999,85.039794999883398,18.8039279400015,1541.92209108013,1403.02350309591,0,341.36824892844498,0
0:05:45,,-,4.9637504877463003,60.533542533491499,5.1656125027113902,-,32.966399178194003,1.0406672364905101,65.22,173.02866,85.460274512286205,18.1162243685447,1485.5303982206599,1351.7116560714101,0,328.88361461591597,0
0:05:46,,-,4.6584484244172497,56.810346639234801,4.8340125696302803,-,33.0179677838209,1.03768725747672,62.5,162.8125,85.860231634119103,17.001961938734301,1394.1608789762099,1268.5728362126599,0,308.65519129261901,0
0:05:47,,-,4.4134762953845996,53.8228816510318,4.64705697736263,-,32.111716595874398,1.0529244220077201,61.22,150.53998000000001,86.237316013016198,16.1078859644179,1320.84664908226,1201.8628589397299,0,292.42405327000802,0
0:05:48,,-,4.4134762953845996,53.8228816510318,4.64705697736263,-,32.111716595874398,1.0529244220077201,61.22,150.53998000000001,86.604217859983507,16.1078859644179,1320.84664908226,1201.8628589397299,0,292.42405327000802,0
0:05:49,,-,4.7529326830033396,57.962593695162703,4.9147352194750997,-,29.3514834533376,1.0340426737055199,59.05,148.008825,86.985229579446496,17.346801598194801,1422.4377310519701,1294.30246826435,0,314.91544240008398,0
0:05:50,,-,5.4963647319006199,67.028838193909905,5.4866662555796397,-,29.838951379649,0.99823547439188498,69.760000000000005,174.05119999999999,87.4112527299026,20.060109173552998,1644.92895223134,1496.75135615109,0,364.17307935549599,0
0:05:51,,-,5.57952613359467,68.043001629203303,5.7060920061013602,-,31.1817017851142,1.02268398238062,71.42,184.2636,87.871634132608605,20.363623746981101,1669.81714725245,1519.39758631165,0,369.683111024732,0
0:05:52,,-,5.3635039801170397,65.408585123378501,5.4452867874820301,-,31.9575636813939,1.01524801839771,68.180000000000007,181.22244000000001,88.326493034234304,19.575206639667201,1605.1669444527099,1460.57116795194,0,355.37011385691898,0
0:05:53,,-,5.3727866396934001,65.521788288943895,5.55812225464945,-,32.357484422631202,1.0344952493714901,65.209999999999994,183.24010000000001,88.772758584828296,19.6090856076043,1607.94501982355,1463.09899024673,0,355.98515577779398,0
0:05:54,,-,5.3783638936678502,65.589803581315294,5.5572648620658702,-,33.550838799220898,1.0332630837062999,66.66,190.04766000000001,89.219641803827201,19.629440938641,1609.6141569685601,1464.6177690863899,0,356.35468834218801,0
0:05:55,,-,5.0039927700464997,61.0243020737378,5.2838091403542098,-,33.608675657306598,1.0559186200233299,64.510000000000005,177.46700999999999,89.651195706107501,18.263096822559501,1497.5739394498801,1362.6702975636499,0,331.54995074541199,0
0:05:56,,-,4.7483646034775102,57.906885408262397,4.8707884239643899,-,32.973291453932298,1.02578231258763,65.209999999999994,165.95945,90.056563005391894,17.3301294560661,1421.0706153974199,1293.0585043793501,0,314.61277478816203,0
0:05:57,,-,4.9379346416090204,60.218715141573398,5.1222212638596201,-,33.060453782516099,1.0373205875788101,67.795000000000002,173.01284000000001,90.459184527004695,18.022004148966499,1477.80434021525,1344.68157262519,0,327.17313202559302,0
0:05:58,,-,4.8066373752141702,58.617528966026498,5.0471142159067304,-,32.489977464347803,1.0500301607798801,63.82,165.35762,90.864228219503701,17.542807875330698,1438.51024577712,1308.92714745125,0,318.47375850395298,0
0:05:59,,-,4.6590248912951999,56.817376723112197,4.7825431598510502,-,32.9034687679858,1.0265116137899699,68.959999999999994,163.22832,91.257678726078595,17.0040658727108,1394.33340156228,1268.72981771288,0,308.693386304836,0
0:06:00,,-,4.9821848232614796,60.758351503188798,5.1930324342661303,-,31.9580576891906,1.04232031096482,65.930000000000007,168.71486999999999,91.658426052508005,18.183504252797999,1491.04734872944,1356.73163164217,0,330.10501986427403,0
0:06:01,,-,4.8592676587975001,59.259361692652497,4.96073176974609,-,31.0696715227581,1.02088053551956,61.85,159.88225,92.067496686498302,17.734892878057899,1454.26121600075,1323.2592473336999,0,321.96088742912298,0
0:06:02,,-,4.8921101301393799,59.659879635846202,5.0673876383928702,-,31.266180836293199,1.0358286104749801,65.930000000000007,162.45151999999999,92.472823268288096,17.854758205921598,1464.0901728855699,1332.2027974651101,0,324.13693368980898,0
0:06:03,,-,5.2855275220179303,64.457652707535701,5.3228321410981696,-,31.00281652444,1.00705788001762,69.760000000000005,173.91167999999999,92.895867803074097,19.290615580169899,1581.83047757393,1439.33688400235,0,350.20362141176298,0
0:06:04,,-,5.4584973454363697,66.567040798004498,5.5611008018348604,-,32.240726497217203,1.01879701498514,68.959999999999994,185.91615999999999,93.342454836050095,19.921904388455399,1633.5961598533499,1486.43943821826,0,361.66409689008702,0
0:06:05,,-,4.55051449452999,55.494079201585301,4.7548874126380403,-,32.608435854532097,1.0449120463968899,66.66,157.98419999999999,93.758490256274499,16.608034948317801,1361.8588657620601,1239.1806354011301,0,301.50380423385099,0
0:06:06,,-,4.7051950957744397,57.380427997249299,4.9275493308385503,-,31.8031445995483,1.04725717649068,60,158.28,94.143213852414206,17.1725734932192,1408.1510264439701,1281.3027308179701,0,311.75248925011499,0
0:06:07,,-,5.38124541289858,65.624944059738795,5.3641974739448397,-,31.217119293118198,0.996831971477667,70.17,178.09146000000001,94.5624676791344,19.6399576334336,1610.4765259415501,1465.4024546061401,0,356.54560939322101,0
0:06:08,,-,5.4524445387766196,66.493226082641698,5.4312312596474097,-,32.168646329661598,0.99610940029222705,74.069999999999993,186.06384,95.012781738473294,19.899813430463499,1631.7847012980001,1484.7911584882199,0,361.26305559323998,0
0:06:09,,-,4.9085200198429098,59.860000241986697,5.0367586776553903,-,32.470899447426703,1.02612572777417,66.66,168.98310000000001,95.443446454730505,17.914649460420801,1469.0012557545001,1336.67148283555,0,325.22420506947799,0
0:06:10,,-,5.0326890678723704,61.374256925272803,4.9846689805342397,-,32.047503397261401,0.99045836396993403,69.760000000000005,171.33055999999999,95.856663580104595,18.367829840716599,1506.1620469387601,1370.4847758201699,0,333.45128365454298,0
0:06:11,,-,5.5339484323652597,67.487176004454398,5.5065060753769304,-,31.6948670815556,0.99504108913848299,74.069999999999993,186.06384,96.295877314992595,20.1972785884739,1656.17684425486,1506.9860216770401,0,366.66326561485101,0
0:06:12,,-,5.2364544829678996,63.859201011803698,5.3252543803116499,-,31.417609096977301,1.0169580195211401,66.66,174.11591999999999,96.7435607801049,19.111513470168401,1567.1441045538099,1425.97348085658,0,346.95218512325499,0
0:06:13,,-,5.1957531987941303,63.362843887733298,5.19362853835234,-,32.8941009052674,0.99959107748953901,71.02,181.13650999999999,97.177186793955698,18.962965794776501,1554.9631951716699,1414.8898455347401,0,344.25543686976698,0
0:06:14,,-,5.48349755509917,66.8719214036484,5.4713346702227703,-,33.092309821722601,0.997781911133508,73.17,191.99807999999999,97.621081420729595,20.013147775614001,1641.07811760035,1493.24741031292,0,363.32053778903099,0
0:06:15,,-,5.5006388166042903,67.080961178101106,5.50394385178131,-,32.479020338639401,1.00060084569942,69.760000000000005,188.70079999999999,98.077648948500496,20.0757083213452,1646.2080823502999,1497.9152603657001,0,364.45626772888198,0
0:06:16,,-,5.2833814479812,64.431481072941395,5.3625121774928299,-,32.6891521463007,1.0149772887478801,70.58,182.87278000000001,98.525898433486603,19.282783043289399,1581.1882095497299,1438.75247241732,0,350.06142881199901,0
0:06:17,,-,5.1783228662603404,63.150278856833403,5.1875296920429497,-,32.257370641825503,1.0017779551450099,72.28,177.44739999999999,98.9607505068211,18.899350225101902,1549.74671845836,1410.1432766422699,0,343.10055392755999,0
0:06:18,,-,5.2960933110732498,64.586503793576199,5.3442736387284802,-,33.390952464952598,1.00909733360523,69.760000000000005,186.88704000000001,99.396130962516196,19.329177592025498,1584.9925625460901,1442.21412375421,0,350.90367974554903,0
0:06:19,,-,5.3724078294354598,65.517168651652,5.3806491630253097,-,32.885723796319702,1.00153401116436,68.959999999999994,186.60576,99.839578769964305,19.607703061958102,1607.8316510805601,1462.9958339252501,0,355.96005691611799,0
0:06:20,,-,4.4043185737119002,53.711202118437797,4.6088417249143303,-,30.015158483094599,1.0464369567685601,51.72,139.64400000000001,100.245958994365,16.074462982957201,1318.1059646024901,1199.36905931007,0,291.81728936984803,0
0:06:21,,-,5.3611086829678998,65.3793741825354,5.4647486145304001,-,32.570850606843699,1.0193318094616799,66.66,184.21491,100.651869557501,19.5664645119776,1604.4500899821701,1459.9188887763,0,355.21140846138599,0
0:06:22,,-,5.0482406176427599,61.563909971253103,5.17226901289406,-,33.224644525426498,1.02456863779786,64.510000000000005,177.01544000000001,101.084545437976,18.424588407774799,1510.8162494375299,1374.7197209783801,0,334.48168393634398,0
0:06:23,,-,5.1607509313530304,62.935986967719899,5.3089587229770201,-,33.635856934194202,1.02871826088788,68.180000000000007,183.4042,101.508893231451,18.835217848553899,1544.48786358142,1405.35814707289,0,341.93628882552099,0
0:06:24,,-,5.38902925937417,65.719869016758196,5.4757199962491798,-,33.125721054394702,1.01608652183957,66.66,188.11452,101.94740627400699,19.668366375885501,1612.8060428226099,1467.5221252132901,0,357.06134433413399,0
0:06:25,,-,5.35440758740683,65.297653504961303,5.6466614347401398,-,33.652030977952798,1.0545819201400899,65.930000000000007,189.68061,102.393968865267,19.542007490820101,1602.44461424725,1458.0940692168299,0,354.76741343475197,0
0:06:26,,-,4.50530999550889,54.942804823279097,4.6124649112195701,-,34.747988519337603,1.02378413823189,63.82,165.74054000000001,102.803798707962,16.443051867730698,1348.33025315392,1226.8706999230001,0,298.50868611265099,0
0:06:27,,-,4.50530999550889,54.942804823279097,4.6124649112195701,-,34.747988519337603,1.02378413823189,63.82,165.74054000000001,103.178334889393,16.443051867730698,1348.33025315392,1226.8706999230001,0,298.50868611265099,0
0:06:28,,-,3.1749950587231099,38.719451935647697,3.3077414202530999,-,26.915361573623301,1.0418099427163801,40.81,91.33278,103.497575089303,11.587794953602501,950.19918619540601,864.60385940827803,0,210.36590253242801,0
0:06:29,,-,4.9886147286423999,60.836764983443899,4.99140697249761,-,30.157145456879402,1.0005597232913499,61.38,159.28110000000001,103.836904374025,18.206971509832201,1492.97166380624,1358.48260161382,0,330.53104662136798,0
0:06:30,,-,4.9852202064638398,60.7953683715102,5.1237680380624004,-,31.732295354754399,1.0277917174890101,61.22,167.00816,104.251477628091,18.194582505678401,1491.9557654656301,1357.55821687553,0,330.30613549282998,0
0:06:31,,-,4.8611267727717999,59.282033814290202,4.9297530686433602,-,32.490029037021898,1.0141173639527301,63.15,167.03174999999999,104.66075170715899,17.7416780953988,1454.8176038227,1323.76551493019,0,322.08406689298999,0
0:06:32,,-,4.5942457151475402,56.027386770092001,4.7745156975919798,-,33.967776143420402,1.03923821093201,65.930000000000007,165.55023,105.053774507939,16.767640997528702,1374.9465617973499,1251.0893727135499,0,304.401307229574,0
0:06:33,,-,4.6120896556323503,56.244995800394499,4.6942815938992597,-,33.373345162973898,1.0178209758274199,64.510000000000005,163.21029999999999,105.43644581115601,16.8327661141597,1380.2868213611,1255.94857391697,0,305.58359462700099,0
0:06:34,,-,4.8308264267880796,58.9125173998547,5.0701151020113198,-,33.449841853961601,1.0495336934269299,65.209999999999994,170.98061999999999,105.828950847947,17.631090774855402,1445.74944353814,1315.5142277330799,0,320.076454436272,0
0:06:35,,-,4.8602029515648502,59.270767702010403,4.9530682570893401,-,32.751226972682097,1.0191072896440601,65.209999999999994,168.56784999999999,106.231768982674,17.7383064206333,1454.5411264919301,1323.5139430801,0,322.02285719710602,0
0:06:36,,-,4.80786916900023,58.632550841466198,4.9514821380023504,-,34.0137916094763,1.02987039870554,70.58,173.69738000000001,106.63363287411001,17.5473035591205,1438.8788918478799,1309.2625853469699,0,318.55537356373901,0
0:06:37,,-,5.38395672297702,65.658008816792901,5.4846059313530304,-,33.761021745266298,1.0186942825796601,68.180000000000007,191.58580000000001,107.05726715845501,19.6498531150528,1611.2879554343299,1466.1407893482401,0,356.72525288278399,0
0:06:38,,-,5.0473476540616602,61.553020171483702,5.2425193567179198,-,34.430483475842003,1.0386681710936201,66.66,183.38166000000001,107.490855625466,18.421329354236899,1510.54900704743,1374.4765521720501,0,334.42251877665399,0
0:06:39,,-,4.8622233011183802,59.295406111199803,5.0140556194777197,-,34.735940646977703,1.0312269324044401,65.209999999999994,178.28414000000001,107.902757677587,17.745680100254202,1455.14576822084,1324.06411780133,0,322.15671965969199,0
0:06:40,,-,4.7841508927127396,58.343303569667597,4.9388624229676203,-,34.898014557674301,1.03233834670444,65.614999999999995,176.40592749999999,108.303719671192,17.460738850455101,1431.7805857373201,1302.8037049904999,0,316.98386982737202,0
0:06:41,,-,4.7389645546110799,57.792250665988803,4.9929054703217597,-,34.354513127047703,1.0535857385689,63.82,171.9949,108.699558281468,17.295822051864299,1418.2574082528699,1290.4987150321999,0,313.98995499567002,0
0:06:42,,-,4.7065424323125704,57.396858930641102,4.8419972938080198,-,33.571104961304798,1.02878012117037,65.209999999999994,167.39407,109.092171012012,17.177490873954799,1408.5542516642899,1281.6696329230899,0,311.84175983530201,0
0:06:43,,-,5.0896934759623598,62.069432633687299,5.3246529800364204,-,33.368547792141399,1.04616378278647,65.930000000000007,179.3296,109.499362170129,18.5758791069929,1523.22208677342,1386.00802241625,0,337.22822929835797,0
0:06:44,,-,4.3996637499063196,53.654435974467297,4.57709082074782,-,32.007173276139198,1.04032741612249,56.6,148.97120000000001,109.893797583359,16.057474249807498,1316.71288848421,1198.10147351774,0,291.50887433521598,0
0:06:45,,-,4.43480399600511,54.082975561037898,4.6210131145423796,-,32.688921569158097,1.0419881281574099,61.22,153.78464,110.261011805891,16.185725777410099,1327.2295137476301,1207.6707458585299,0,293.83716444246397,0
0:06:46,,-,4.5455543832044301,55.433590039078403,4.6751860405163503,-,32.424768812489098,1.02851833822314,61.85,156.29495,110.634290130645,16.5899320058172,1360.3744244770101,1237.8299147493301,0,301.17516173949599,0
0:06:47,,-,4.8378653921595998,58.998358440970698,4.9481921317577902,-,31.466782901134899,1.0228048386333799,52.17,159.74454,111.024322138979,17.6567809211083,1447.85603553088,1317.43105485057,0,320.54283573006501,0
0:06:48,,-,4.59077678603244,55.985082756493199,4.5854304413940898,-,31.876797069559299,0.99883541612072801,63.82,155.52933999999999,111.41623386547801,16.754980430015699,1373.90839526129,1250.14472573128,0,304.171466114667,0
0:06:49,,-,4.45484018603244,54.327319341859102,4.5484255162069598,-,32.262131523959802,1.02100756172308,63.82,152.91272000000001,111.79222473434,16.2588519578903,1333.2258605470099,1213.1269330037201,0,295.16470389385,0
0:06:50,,-,4.6722056613628196,56.978117821497897,4.7338289603685002,-,31.595698198983101,1.01318933785712,60.6,156.34800000000001,112.17160028262001,17.052171793523001,1398.27808706889,1272.3191602030799,0,309.566705645517,0
0:06:51,,-,4.2491595590803097,51.819019013174497,4.3530512161347499,-,32.781306059061897,1.024449930771,59.4,147.8466,112.54242649282,15.508178370383,1271.67062637141,1157.1166839862501,0,281.53690607937898,0
0:06:52,,-,4.7699817866039096,58.170509592730603,4.8027290666563198,-,30.255650117010401,1.00686528408649,55.55,152.31809999999999,112.91731687359,17.409025794772099,1427.5401151713099,1298.9452221899001,0,316.04506622625303,0
0:06:53,,-,4.6286037566988796,56.446387276815599,4.5990779584484596,-,31.4421060107756,0.99362101406764802,61.85,154.43944999999999,113.307979263498,16.893037709378799,1385.2290921690601,1260.44563777147,0,306.67777074731498,0
0:06:54,,-,4.8011484622365996,58.550591002885298,4.6938827427200698,-,31.415552171810202,0.97765832063719105,65.209999999999994,160.22096999999999,113.699729548115,17.5045482569592,1435.37295707066,1286.4085276302801,19.529307817244,312.994775579144,2.1021859867862198
0:06:55,,-,4.8065502316416699,58.6164662395325,4.8091071435316,-,31.4123212540383,1.00053196404213,66.66,160.58394000000001,114.098876370738,17.542489827009099,1438.48416581474,1308.9034168098699,0,318.467984625273,0
0:06:56,,-,5.35505424757973,65.305539604630894,5.2459448802936599,-,31.4934139231591,0.97962497441825402,65.930000000000007,178.14286000000001,114.52112781534601,19.533246772748001,1601.72623536534,1445.4426508935101,11.9156060004736,351.68920946314199,1.2826271259928499
0:06:57,,-,5.3384233421067604,65.102723684228707,5.37446338984567,-,32.397520563018197,1.00675106589143,68.959999999999994,182.88192000000001,114.965487141987,19.4836697127765,1597.6609164476699,1453.7412938831501,0,353.70834401049802,0
0:06:58,,-,5.34743908733389,65.212671796754805,5.2558254016150103,-,31.992981538625902,0.98286774580829195,64.510000000000005,180.36995999999999,115.40965659021801,19.516574522111199,1600.35911081312,1456.1964309698701,0,354.30570096590498,0
0:06:59,,-,5.0990532196546603,62.183575849447102,5.1608544298925203,-,33.359016404131602,1.01212013438096,65.930000000000007,179.59332000000001,115.843876359991,18.610039409203999,1526.02323155472,1388.55683599541,0,337.848378587691,0
0:07:00,,-,5.3964411681499298,65.810258148169794,5.33417467577552,-,33.101741394734901,0.98846156375392202,68.180000000000007,188.44952000000001,116.280132954339,19.695417655499998,1615.0242477510001,1469.5405110106201,0,357.55243576900602,0
0:07:01,,-,4.9322032083873797,60.148819614480303,5.0916899807071596,-,33.836663444076898,1.0323358072612601,63.82,176.07937999999999,116.70945424721501,18.001086109179301,1476.0890609527,1343.1208082171399,0,326.79338399443901,0
0:07:02,,-,4.9576312290526801,60.458917427471803,4.9854838694885597,-,33.335976873693298,1.0056181347803099,65.22,174.65916000000001,117.120535929594,18.093890880240501,1483.69905217972,1350.04528034945,0,328.47817040132497,0
0:07:03,,-,4.9576312290526801,60.458917427471803,4.9854838694885597,-,33.335976873693298,1.0056181347803099,65.22,174.65916000000001,117.5326745552,18.093890880240501,1483.69905217972,1350.04528034945,0,328.47817040132497,0
0:07:04,,-,3.7641330235381201,45.9040612626601,3.8525943313384001,-,29.236681942913101,1.02350111094563,46.87,116.80004,117.89520413493599,13.7379746576316,1126.5139219257901,1025.03590691762,0,249.400463970224,0
0:07:05,,-,3.3994017271927599,41.456118624302,3.3737257640788898,-,27.539751848426199,0.99244691708294297,34.28,98.555000000000007,118.192964217347,12.406813066182901,1017.35867142699,925.71352038325995,0,225.234433183275,0
0:07:06,,-,3.3994017271927599,41.456118624302,3.3737257640788898,-,27.539751848426199,0.99244691708294297,34.28,98.555000000000007,118.47556384829799,12.406813066182901,1017.35867142699,925.71352038325995,0,225.234433183275,0
0:07:07,,-,3.75357900581648,45.775353729469202,3.6800653781685702,-,26.717245019912902,0.98041505785971494,43.47,106.54497000000001,118.772825997357,13.6942536803839,1122.9288017914801,1016.16162296855,5.5736916893209498,247.241270795269,0.59996681262873597
0:07:08,,-,4.2054692945597996,51.286210909265897,4.1856865739948104,-,29.859968342283299,0.99529595410657601,52.63,133.15389999999999,119.103593218092,15.3487217988393,1258.5951875048199,1145.21909969892,0,278.64211671506598,0
0:07:09,,-,4.2054692945597996,51.286210909265897,4.1856865739948104,-,29.859968342283299,0.99529595410657601,52.63,133.15389999999999,119.453202992399,15.3487217988393,1258.5951875048199,1145.21909969892,0,278.64211671506598,0
0:07:10,,-,2.9660831950732298,36.171746281380798,2.95025749358151,-,25.0851628584083,0.99466444450445402,35.08,79.456199999999995,119.751296340813,10.825328305757299,887.676921072097,807.71369099947901,0,196.52401240863199,0
0:07:11,,-,5.0964499303433204,62.151828418820898,4.9222219823299502,-,28.735653641580001,0.96581386055103902,57.14,154.67797999999999,120.085602783249,18.528408103304699,1519.3294644709799,1304.64828776743,77.284963741440293,317.43267342273299,8.3191564845468609
0:07:12,,-,4.5467481176633102,55.448147776381802,4.47349936214406,-,29.978825849286601,0.98388985850465605,56.07,144.38024999999999,120.48561127558,16.5942887842949,1360.7316803121801,1238.1549884584699,0,301.25425509938498,0
0:07:13,,-,4.5473109563854601,55.4550116632373,4.5591138932586004,-,30.618710999846101,1.00259558604774,54.05,147.01599999999999,120.86361569288999,16.5963429795247,1360.90012432102,1238.30825878564,0,301.29154714979001,0
0:07:14,,-,4.5096592040880301,54.9958439522931,4.5359761336699398,-,29.551448118117801,1.00583568034543,48.78,140.29128,121.240078469328,16.458925195497699,1349.63186603081,1228.0550616159601,0,298.79685197468598,0
0:07:15,,-,3.8978661988923,47.534953645027997,3.9558048539886199,-,31.587890327017899,1.01486419803553,49.99,130.32392999999999,121.589546370855,14.226061280078699,1166.53702496645,1061.45367053728,0,258.26123370736599,0
0:07:16,,-,4.0961900241814604,49.953536880261801,4.1085292156667599,-,32.832107203540701,1.0030123581700201,55.55,142.48575,121.92182797799499,14.9498847126698,1225.89054643893,1115.4605403390101,0,271.401591323361,0
0:07:17,,-,3.9773818716605498,48.504656971470098,4.0343763822930496,-,33.393424188497299,1.0143296551529499,59.4,141.37200000000001,122.257414740215,14.516270018862301,1190.33414154671,1083.10710819224,0,263.52971002244198,0
0:07:18,,-,3.7078533184980502,45.217723396317702,3.95377774400243,-,35.852874582926901,1.06632528430331,59.4,141.49080000000001,122.576859866566,13.532570343611701,1109.67076817616,1009.71000899211,0,245.67153503457601,0
0:07:19,,-,3.7078533184980502,45.217723396317702,3.95377774400243,-,35.852874582926901,1.06632528430331,59.4,141.49080000000001,122.88510174661501,13.532570343611701,1109.67076817616,1009.71000899211,0,245.67153503457601,0
0:07:20,,-,3.47918711289224,42.429111132832197,3.85103329725009,-,37.073918652444497,1.10687731711237,55.55,136.9863,123.18383886810599,12.698006177567301,1041.23650656052,947.440405346631,0,230.520779889691,0
0:07:21,,-,3.2837406660955102,40.045617879213601,3.6529711660559401,-,37.166424638860398,1.11244204019298,54.05,129.82810000000001,123.46494728774501,11.9846843272959,982.74411483826702,894.21709347286503,0,217.57106897150001,0
0:07:22,,-,3.2935113526694,40.1647725935292,3.77981086610257,-,36.0467924009968,1.1476538142305199,49.18,125.80244,123.738337893261,12.020344449746499,985.66824487921599,896.87781362033104,0,218.21844613633399,0
0:07:23,,-,3.4513342888139098,42.089442546511101,3.9344137611063701,-,36.175017993666103,1.13996890242077,51.72,132.29975999999999,124.01869470926501,12.596351589661101,1032.9008303522101,939.85561899322101,0,228.675333088375,0
0:07:24,,-,3.4513281466255701,42.089367641775198,3.9344070811227398,-,36.1750823728744,1.1399689956950301,51.72,132.29975999999999,124.305611351279,12.596329172486399,1032.8989921438799,939.85394637337595,0,228.67492612490901,0
0:07:25,,-,2.7719434585371099,33.8041885187452,3.1867171941067398,-,33.567351351786002,1.1496328268501299,40.81,98.923439999999999,124.564288377425,10.116775562298301,829.57559610845897,754.84621802106597,0,183.66088029709601,0
0:07:26,,-,3.44170104475532,41.971963960430699,3.8483858529605501,-,32.703072851582299,1.11816389713016,46.51,119.25163999999999,124.822565242652,12.5611930918291,1030.01783352998,937.23232672421705,0,228.03706246331299,0
0:07:27,,-,2.77378785355276,33.826681140887302,2.9838985529244599,-,30.4115543270388,1.0757486550756199,45.45,90.9,125.08091877215701,10.123507059784,830.12757890228499,755.34847740078601,0,183.78308452573901,0
0:07:28,,-,2.77378785355276,33.826681140887302,2.9838985529244599,-,30.4115543270388,1.0757486550756199,45.45,90.9,125.311509766296,10.123507059784,830.12757890228499,755.34847740078601,0,183.78308452573901,0
0:07:29,,-,2.5691710867031401,31.331354715892001,2.8371320806482498,-,30.927765150107,1.10429861807645,32.78,84.179040000000001,125.533595642854,9.3767162476823493,768.890732309952,699.62793514930502,0,170.2257749755,0
0:07:30,,-,3.2146326590670999,39.202837305696299,3.69666427816155,-,34.767123293158598,1.1499492073331801,46.51,118.46097,125.774005711334,11.7324604969321,962.06176074843404,875.39783596611198,0,212.99217420100001,0
0:07:31,,-,3.2146326590670999,39.202837305696299,3.69666427816155,-,34.767123293158598,1.1499492073331801,46.51,118.46097,126.04124508932,11.7324604969321,962.06176074843404,875.39783596611198,0,212.99217420100001,0
0:07:32,,-,2.8949901335902202,35.304757726710001,3.3407056477145298,-,37.9038493868429,1.1539609786412499,44.77,116.17815,126.295198179454,10.5658596124673,866.40048822232097,788.35387021283498,0,191.81359372575099,0
0:07:33,,-,2.7813993200967002,33.9195039036182,3.3422757072581399,-,41.2126943340214,1.2016525937533999,49.58,121.76848,126.531143456519,10.1512866663585,832.40550664139505,757.42120609104404,0,184.28739807567999,0
0:07:34,,-,2.3271217016954102,28.379532947505002,2.8102025526807499,-,44.078485420538598,1.2075872742853999,48,109.488,126.74348466702099,8.4933074264909099,696.45120897225399,633.71386959190795,0,154.18828943841999,0
0:07:35,,-,2.36304287902577,28.817596085680101,2.81689489313752,-,42.136010685108701,1.1920625385768999,45.8,106.1644,126.93843643883,8.6244091226187898,707.20154805474101,643.49580247050903,0,156.56832176898001,0
