t,Marker,P,V'O2,V'O2/kg,V'CO2,HF,V'E/V'O2,RER,AF,V'E,W,EU/kg,EU,EUKH,EUFett,CHO,Fett
0:00:06,,-,2.26840271149785,34.898503253812997,2.0002482123003902,-,24.334083062152299,0.881787083996035,41.66,61.198540000000001,0,10.1935224485029,662.57895915268796,388.45002994702401,212.97460682585199,94.513389281514407,22.925146052298299
0:00:07,,-,2.2357135951744298,34.395593771914299,1.9797026521752801,-,25.203228231746699,0.88549027766717303,38.700000000000003,61.92,0.18280602239892799,10.0557600326092,653.62440211959597,391.20253624237301,202.148815922197,95.183098842426404,21.759829485704799
0:00:08,,-,2.17318337058843,33.433590316745097,1.93331652342566,-,26.194292101814899,0.88962420272071896,37.5,62.325000000000003,0.36191877953999202,9.7844222968624504,635.98744929605903,389.32192905409801,188.07823511759401,94.725530183478796,20.245235211796999
0:00:09,,-,2.17318337058843,33.433590316745097,1.93331652342566,-,26.194292101814899,0.88962420272071896,37.5,62.325000000000003,0.53858195990000801,9.7844222968624504,635.98744929605903,389.32192905409801,188.07823511759401,94.725530183478796,20.245235211796999
0:00:10,,-,1.7464192378060801,26.867988273939702,1.57771392367024,-,24.636936577755201,0.90339930385342204,28.57,47.140500000000003,0.69813837954870805,7.8895195719165798,512.81877217457804,337.13140655041002,128.60530010830601,82.027106216644896,13.843412282917701
0:00:11,,-,1.7464192378060801,26.867988273939702,1.57771392367024,-,24.636936577755201,0.90339930385342204,28.57,47.140500000000003,0.84058803848608998,7.8895195719165798,512.81877217457804,337.13140655041002,128.60530010830601,82.027106216644896,13.843412282917701
0:00:12,,-,1.6393771474772201,25.221186884264899,1.44015164027155,-,23.481356964892601,0.87847487839375005,34.68,43.488720000000001,0.97826525942601095,7.3608802860438596,478.45721859285101,275.25672292244099,159.004199276142,66.972438667260604,17.1156296314469
0:00:13,,-,1.6393771474772201,25.221186884264899,1.44015164027155,-,23.481356964892601,0.87847487839375005,34.68,43.488720000000001,1.1111700423684701,7.3608802860438596,478.45721859285101,275.25672292244099,159.004199276142,66.972438667260604,17.1156296314469
0:00:14,,-,1.7123125858786099,26.343270551978701,1.4888666944281299,-,22.688970647298699,0.86950636624805899,29.41,43.085650000000001,1.2468783448390399,7.6714239876188701,498.642559195226,272.014160426123,180.46582130388501,66.183494020954498,19.425814995035999
0:00:15,,-,1.7123125858786099,26.343270551978701,1.4888666944281299,-,22.688970647298699,0.86950636624805899,29.41,43.085650000000001,1.38539016683771,7.6714239876188701,498.642559195226,272.014160426123,180.46582130388501,66.183494020954498,19.425814995035999
0:00:16,,-,1.7123125858786099,26.343270551978701,1.4888666944281299,-,22.688970647298699,0.86950636624805899,29.41,43.085650000000001,1.5239019888363801,7.6714239876188701,498.642559195226,272.014160426123,180.46582130388501,66.183494020954498,19.425814995035999
0:00:17,,-,1.7123125858786099,26.343270551978701,1.4888666944281299,-,22.688970647298699,0.86950636624805899,29.41,43.085650000000001,1.6624138108350599,7.6714239876188701,498.642559195226,272.014160426123,180.46582130388501,66.183494020954498,19.425814995035999
0:00:18,,-,1.44951259703972,22.300193800611201,1.2145143803195599,-,17.476681507795,0.83787776856848895,15.07,27.502749999999999,1.78983991779385,6.4434678601237696,418.825410908045,184.02693013560599,195.72078076632599,44.775408792118299,21.067898898420399
0:00:19,,-,1.44951259703972,22.300193800611201,1.2145143803195599,-,17.476681507795,0.83787776856848895,15.07,27.502749999999999,1.9061803097127501,6.4434678601237696,418.825410908045,184.02693013560599,195.72078076632599,44.775408792118299,21.067898898420399
0:00:20,,-,1.9931048195583501,30.663151070128499,1.60118730149809,-,19.525877223368301,0.80336331826887897,27.64,42.897280000000002,2.0436504854489201,8.7839977598828192,570.95985439238302,183.65905940091099,333.56828354003397,44.685902530635403,35.906166150703399
0:00:21,,-,1.9931048195583501,30.663151070128499,1.60118730149809,-,19.525877223368301,0.80336331826887897,27.64,42.897280000000002,2.2022504450023601,8.7839977598828192,570.95985439238302,183.65905940091099,333.56828354003397,44.685902530635403,35.906166150703399
0:00:22,,-,2.2304255226734302,34.3142388103605,1.77890266868589,-,19.611365434686299,0.79756201254084502,30.61,48.149529999999999,2.3701638666106302,9.8156427874948502,638.01678118716598,192.47710113873799,385.40919229756997,46.831411469279402,41.486457728479003
0:00:23,,-,2.2304255226734302,34.3142388103605,1.77890266868589,-,19.611365434686299,0.79756201254084502,30.61,48.149529999999999,2.5473907502737299,9.8156427874948502,638.01678118716598,192.47710113873799,385.40919229756997,46.831411469279402,41.486457728479003
0:00:24,,-,2.2304255226734302,34.3142388103605,1.77890266868589,-,19.611365434686299,0.79756201254084502,30.61,48.149529999999999,2.72461763393683,9.8156427874948502,638.01678118716598,192.47710113873799,385.40919229756997,46.831411469279402,41.486457728479003
0:00:25,,-,2.2304255226734302,34.3142388103605,1.77890266868589,-,19.611365434686299,0.79756201254084502,30.61,48.149529999999999,2.9018445175999301,9.8156427874948502,638.01678118716598,192.47710113873799,385.40919229756997,46.831411469279402,41.486457728479003
0:00:26,,-,2.1838988781831099,33.5984442797402,1.85626520451738,-,21.3602060361005,0.84997763543964799,17.690000000000001,49.195889999999999,3.0783628607339399,9.7371582981185192,632.91528937770397,303.914607814899,270.12451492609102,73.945160052286795,29.076912263303701
0:00:27,,-,2.1838988781831099,33.5984442797402,1.85626520451738,-,21.3602060361005,0.84997763543964799,17.690000000000001,49.195889999999999,3.2541726633388599,9.7371582981185192,632.91528937770397,303.914607814899,270.12451492609102,73.945160052286795,29.076912263303701
0:00:28,,-,2.3585969346193898,36.2861066864522,1.9492369066033699,-,21.8317251431132,0.82643917576273496,30.76,55.921680000000002,3.4364614362636599,10.4548288566283,679.56387568083801,272.23176748330098,343.74622171774502,66.236439776958903,37.0017461483041
0:00:29,,-,2.3585969346193898,36.2861066864522,1.9492369066033699,-,21.8317251431132,0.82643917576273496,30.76,55.921680000000002,3.62522917950833,10.4548288566283,679.56387568083801,272.23176748330098,343.74622171774502,66.236439776958903,37.0017461483041
0:00:30,,-,1.9730734113780499,30.3549755596623,1.66940285970931,-,21.668605817428499,0.84609262386408102,26.31,46.542389999999997,3.79895560580275,8.78871374829186,571.26639363897095,266.84464079726899,251.22927212967801,64.925703356999804,27.042978700718901
0:00:31,,-,1.9730734113780499,30.3549755596623,1.66940285970931,-,21.668605817428499,0.84609262386408102,26.31,46.542389999999997,3.9576407151469102,8.78871374829186,571.26639363897095,266.84464079726899,251.22927212967801,64.925703356999804,27.042978700718901
0:00:32,,-,2.0002788213256602,30.773520328087098,1.68007372727073,-,21.8728506913871,0.83991976986352501,28.3,47.826999999999998,4.1172968669132102,8.89627537043628,578.25789907835804,258.07061575851901,266.26136651995699,62.790904077498404,28.661072822385002
0:00:33,,-,2.0002788213256602,30.773520328087098,1.68007372727073,-,21.8728506913871,0.83991976986352501,28.3,47.826999999999998,4.2779240611016398,8.89627537043628,578.25789907835804,258.07061575851901,266.26136651995699,62.790904077498404,28.661072822385002
0:00:34,,-,2.16120275227162,33.249273111871197,1.82496207598112,-,22.661455501350702,0.84441965200299396,30.61,53.383839999999999,4.4451093907556301,9.6227149912360694,625.47647443034498,288.64118981012098,278.57098738118202,70.228999953800795,29.986112742861401
0:00:35,,-,2.16120275227162,33.249273111871197,1.82496207598112,-,22.661455501350702,0.84441965200299396,30.61,53.383839999999999,4.6188528558751702,9.6227149912360694,625.47647443034498,288.64118981012098,278.57098738118202,70.228999953800795,29.986112742861401
0:00:36,,-,2.2858010908729098,35.1661706288141,1.88518524841806,-,21.943046663279699,0.824737224925435,34.880000000000003,55.180160000000001,4.79715665080934,10.1278592168574,658.31084909573201,259.905893715871,336.78158661079902,63.237443726489403,36.252054532917001
0:00:37,,-,2.2858315794818802,35.166639684336602,1.88521039222515,-,21.942753985124799,0.82473722436386199,34.880000000000003,55.180160000000001,4.98002199508998,10.1279943034596,658.31962972487395,259.90935911354899,336.78607989375701,63.238286888941303,36.252538201696197
0:00:38,,-,1.96000851891672,30.153977214103399,1.6684559977501801,-,22.3708211351213,0.85124936021825004,32.6,48.541400000000003,5.1503731087646196,8.7416675189613802,568.20838873248999,275.27167110044797,240.09645596886199,66.976075693539698,25.8446131290487
0:00:39,,-,2.11213691966688,32.494414148721297,1.7785529545297201,-,22.805893666967901,0.84206328575053901,34.090000000000003,53.078130000000002,5.3141408599706601,9.3987603069389198,610.91941995103002,277.068492119994,276.90940618635301,67.413258423356197,29.80725577894
0:00:40,,-,2.11213691966688,32.494414148721297,1.7785529545297201,-,22.805893666967901,0.84206328575053901,34.090000000000003,53.078130000000002,5.4838406988459498,9.3987603069389198,610.91941995103002,277.068492119994,276.90940618635301,67.413258423356197,29.80725577894
0:00:41,,-,2.1580864125950101,33.201329424538599,1.85433135131108,-,22.423365309923401,0.85924796175391405,31.08,52.867080000000001,5.6557557607875601,9.6441388619775203,626.869026028539,320.50032496659401,248.18841784751299,77.980614347103199,26.715653159043399
0:00:42,,-,2.1580864125950101,33.201329424538599,1.85433135131108,-,22.423365309923401,0.85924796175391405,31.08,52.867080000000001,5.8298860457954804,9.6441388619775203,626.869026028539,320.50032496659401,248.18841784751299,77.980614347103199,26.715653159043399
0:00:43,,-,2.0186602958057498,31.056312243165301,1.6967825927662901,-,22.737555246599499,0.84054885128110102,33.700000000000003,50.752200000000002,5.99801546977519,8.9794281019283009,583.66282662533899,261.72294179786599,267.51841818078702,63.679547882692397,28.796385164777998
0:00:44,,-,2.0186602958057498,31.056312243165301,1.6967825927662901,-,22.737555246599499,0.84054885128110102,33.700000000000003,50.752200000000002,6.1601440327266701,8.9794281019283009,583.66282662533899,261.72294179786599,267.51841818078702,63.679547882692397,28.796385164777998
0:00:45,,-,2.1803683288585498,33.544128136285501,1.8043126690251501,-,22.7110893809045,0.82752654454934405,37.26,54.883980000000001,6.3284836292675504,9.6674195149073299,628.38226846897703,254.05163867182799,315.54964394578502,61.813050771734297,33.966592459180298
0:00:46,,-,1.92782727668468,29.6588811797643,1.61432328733584,-,22.049278228441899,0.83737962776002395,34.28,47.443519999999999,6.4931147593797096,8.5686441282862607,556.96186833860702,243.78414042151201,261.20504679949698,59.314876014966401,28.116797287351702
0:00:47,,-,1.92782727668468,29.6588811797643,1.61432328733584,-,22.049278228441899,0.83737962776002395,34.28,47.443519999999999,6.6478263894737699,8.5686441282862607,556.96186833860702,243.78414042151201,261.20504679949698,59.314876014966401,28.116797287351702
0:00:48,,-,2.0414477354584601,31.4068882378225,1.7339023791628401,-,21.988512965735602,0.84934938526528103,33.700000000000003,49.741199999999999,6.80734048154698,9.1006091475154793,591.53959458850602,282.79735137163101,253.706445427104,68.807141452951498,27.309628140700099
0:00:49,,-,2.0414477354584601,31.4068882378225,1.7339023791628401,-,21.988512965735602,0.84934938526528103,33.700000000000003,49.741199999999999,6.9716570355993399,9.1006091475154793,591.53959458850602,282.79735137163101,253.706445427104,68.807141452951498,27.309628140700099
0:00:50,,-,2.0627797361521201,31.735072863878798,1.7507376549097899,-,22.434775361099,0.84872738675220405,34.28,51.214320000000001,7.1368193212454001,9.1942901855864392,597.62886206311896,284.45837295164301,257.55959764860302,69.211282956604194,27.724391566049899
0:00:51,,-,2.0627797361521201,31.735072863878798,1.7507376549097899,-,22.434775361099,0.84872738675220405,34.28,51.214320000000001,7.3028273384851596,9.1942901855864392,597.62886206311896,284.45837295164301,257.55959764860302,69.211282956604194,27.724391566049899
0:00:52,,-,2.1704639442453599,33.391752988390202,1.85931476125425,-,22.0798415597096,0.85664392913963405,32.25,52.567500000000003,7.47333956066492,9.6932175020179496,630.059137631167,316.63807618628198,254.907089879186,77.040894449217006,27.438868662990899
0:00:53,,-,2.1704639442453599,33.391752988390202,1.85931476125425,-,22.0798415597096,0.85664392913963405,32.25,52.567500000000003,7.6483559877846901,9.6932175020179496,630.059137631167,316.63807618628198,254.907089879186,77.040894449217006,27.438868662990899
0:00:54,,-,2.1001739620937401,32.3103686475961,1.77421869894433,-,22.3494104998836,0.84479606497718096,33.89,51.817810000000001,7.82029069228797,9.3518574583452292,607.87073479243998,281.28775564305403,269.96396927050898,68.439843222154195,29.059630707266798
0:00:55,,-,2.2479919437269298,34.5844914419527,1.8934156778659601,-,22.4244575878798,0.84226977910200196,35.5,55.521999999999998,7.9950293676053601,10.003811192196499,650.24772749277395,295.35802758392703,294.28563549952401,71.863267052050304,31.677678740530101
0:00:56,,-,2.2479919437269298,34.5844914419527,1.8934156778659601,-,22.4244575878798,0.84226977910200196,35.5,55.521999999999998,8.1756537363533504,10.003811192196499,650.24772749277395,295.35802758392703,294.28563549952401,71.863267052050304,31.677678740530101
0:00:57,,-,2.1236694543482102,32.671837759203299,1.82303039062175,-,23.412381761294402,0.85843415362456699,34.479999999999997,54.685279999999999,8.3516253459793202,9.4884286432956806,616.74786181421905,313.645928127525,245.84950413303,76.312877889908805,26.4638863437061
0:00:58,,-,2.1236694543482102,32.671837759203299,1.82303039062175,-,23.412381761294402,0.85843415362456699,34.479999999999997,54.685279999999999,8.5229441964832695,9.4884286432956806,616.74786181421905,313.645928127525,245.84950413303,76.312877889908805,26.4638863437061
0:00:59,,-,2.1025107855276701,32.346319777348697,1.77410894178501,-,22.884829096334201,0.843804918384648,38.96,53.725839999999998,8.6931033002867597,9.3599643933980694,608.39768557087496,279.498962921474,272.21671388020297,68.004613849507194,29.302122053843199
0:01:00,,-,2.1384145339619298,32.898685137875901,1.8010701592121601,-,22.798891059570401,0.842245565865679,37.97,54.221159999999998,8.8635124186314709,9.5161225617085599,618.54796651105698,280.90870414591097,279.98931726115899,68.347616580513701,30.138785496357301
0:01:01,,-,2.1384145339619298,32.898685137875901,1.8010701592121601,-,22.798891059570401,0.842245565865679,37.97,54.221159999999998,9.0353312982178693,9.5161225617085599,618.54796651105698,280.90870414591097,279.98931726115899,68.347616580513701,30.138785496357301
0:01:02,,-,2.1471510415179398,33.033092946429903,1.83702736431574,-,22.999928298051799,0.85556503887916802,34.68,54.378239999999998,9.20778595900412,9.5865475561523201,623.12559114990097,310.900657714207,254.339459077203,75.644928884235199,27.3777673925945
0:01:03,,-,2.4594745167152001,37.838069487926099,2.1182035074123799,-,23.230165473032201,0.86124230725569395,40.81,63.010640000000002,9.3936042730546294,10.9964041540587,714.76627001381598,370.207006161126,278.25379846166101,90.0746973628044,29.9519696944737
0:01:04,,-,2.4594745167152001,37.838069487926099,2.1182035074123799,-,23.230165473032201,0.86124230725569395,40.81,63.010640000000002,9.5921504591695808,10.9964041540587,714.76627001381598,370.207006161126,278.25379846166101,90.0746973628044,29.9519696944737
0:01:05,,-,1.878087265549,28.893650239215301,1.59576805772439,-,21.7843977489728,0.84967726846170499,32.6,45.607399999999998,9.7670135023785694,8.3730406321674096,544.24764109088198,260.78845460702701,232.82745627446599,63.452178736502802,25.062158910061001
0:01:06,,-,1.878087265549,28.893650239215301,1.59576805772439,-,21.7843977489728,0.84967726846170499,32.6,45.607399999999998,9.9181934026815899,8.3730406321674096,544.24764109088198,260.78845460702701,232.82745627446599,63.452178736502802,25.062158910061001
0:01:07,,-,1.7257263018848701,26.549635413613402,1.4332846824071099,-,20.664308100914099,0.83053997661253998,41.37,41.618220000000001,10.062912141420099,7.6573427357891299,497.727277826293,206.32274509096899,244.88033221755001,50.200181287340399,26.3595621332131
0:01:08,,-,1.8057174269493299,27.7802681069128,1.5093982032478299,-,22.445682472298198,0.83589944955998996,34.880000000000003,45.553280000000001,10.204470360298201,8.0229522784004104,521.49189809602694,225.646976311233,247.16422452818099,54.901940708329199,26.6054063001271
0:01:09,,-,1.8057174269493299,27.7802681069128,1.5093982032478299,-,22.445682472298198,0.83589944955998996,34.880000000000003,45.553280000000001,10.349329220880399,8.0229522784004104,521.49189809602694,225.646976311233,247.16422452818099,54.901940708329199,26.6054063001271
0:01:10,,-,1.9393119096512501,29.8355678407884,1.6309198191468499,-,22.815241725585501,0.84097860227143195,39.47,49.929549999999999,10.499644802042599,8.6273890195666905,560.78028627183505,252.275852639855,256.22213599730901,61.380986043760501,27.580423681088199
0:01:11,,-,1.62431144704085,24.989406877551499,1.3926901170198001,-,23.833569646096599,0.85740337516982101,37.26,44.078580000000002,10.643031813296099,7.2554799192823003,471.60619475334897,238.206794273231,189.609263317055,57.957857487403999,20.410039108402099
0:01:12,,-,1.62431144704085,24.989406877551499,1.3926901170198001,-,23.833569646096599,0.85740337516982101,37.26,44.078580000000002,10.7740335340609,7.2554799192823003,471.60619475334897,238.206794273231,189.609263317055,57.957857487403999,20.410039108402099
0:01:13,,-,1.4940269878360399,22.9850305820929,1.30673279496892,-,24.164764287351801,0.87463801230364902,35.71,41.245049999999999,10.9000379110556,6.7019279939715197,435.62531960814903,245.070395902884,150.277151334796,59.627833553013097,16.1762272696228
0:01:14,,-,1.4940269878360399,22.9850305820929,1.30673279496892,-,24.164764287351801,0.87463801230364902,35.71,41.245049999999999,11.021044944280099,6.7019279939715197,435.62531960814903,245.070395902884,150.277151334796,59.627833553013097,16.1762272696228
0:01:15,,-,1.24594509518717,19.168386079802598,1.1127428309452601,-,23.887794185287799,0.89309138520112297,32.96,34.509120000000003,11.1322343816579,5.6144404540295403,364.93862951192,227.56582791280599,103.78311858894401,55.368814577325097,11.1714874692082
0:01:16,,-,1.24594509518717,19.168386079802598,1.1127428309452601,-,23.887794185287799,0.89309138520112297,32.96,34.509120000000003,11.233606223189,5.6144404540295403,364.93862951192,227.56582791280599,103.78311858894401,55.368814577325097,11.1714874692082
0:01:17,,-,1.4080883687232699,21.6628979803581,1.26388526493149,-,24.500408331105199,0.89758945035351001,33.14,39.270899999999997,11.3416372396944,6.3520721434947198,412.88468932715699,263.56852645264001,111.355226924432,64.128595243951295,11.9865690984319
0:01:18,,-,1.4080883687232699,21.6628979803581,1.26388526493149,-,24.500408331105199,0.89758945035351001,33.14,39.270899999999997,11.456327431174101,6.3520721434947198,412.88468932715699,263.56852645264001,111.355226924432,64.128595243951295,11.9865690984319
0:01:19,,-,1.4080883687232699,21.6628979803581,1.26388526493149,-,24.500408331105199,0.89758945035351001,33.14,39.270899999999997,11.571017622653899,6.3520721434947198,412.88468932715699,263.56852645264001,111.355226924432,64.128595243951295,11.9865690984319
0:01:20,,-,0.95602760455934699,14.708116993220701,0.88463002604517105,-,24.5593745285442,0.92531849689938095,21.66,26.598479999999999,11.667561408536001,4.3420087542086199,282.23056902356001,205.688162827235,50.768666799489203,50.045781709789502,5.4648726371893597
0:01:21,,-,0.95602760455934699,14.708116993220701,0.88463002604517105,-,24.5593745285442,0.92531849689938095,21.66,26.598479999999999,11.7459587888203,4.3420087542086199,282.23056902356001,205.688162827235,50.768666799489203,50.045781709789502,5.4648726371893597
0:01:22,,-,0.95602760455934699,14.708116993220701,0.88463002604517105,-,24.5593745285442,0.92531849689938095,21.66,26.598479999999999,11.8243561691046,4.3420087542086199,282.23056902356001,205.688162827235,50.768666799489203,50.045781709789502,5.4648726371893597
0:01:23,,-,0.58613265751434895,9.0174255002207495,0.52941772163140299,-,21.5095846279327,0.90323873758636697,19.73,15.448589999999999,11.887458376175699,2.6477741829032899,172.105321888714,113.053012573335,43.250641774917703,27.506815711273699,4.6556126776014697
0:01:24,,-,0.58613265751434895,9.0174255002207495,0.52941772163140299,-,21.5095846279327,0.90323873758636697,19.73,15.448589999999999,11.935265410033701,2.6477741829032899,172.105321888714,113.053012573335,43.250641774917703,27.506815711273699,4.6556126776014697
0:01:25,,-,1.3430422955124,20.662189161729199,1.1614827373724299,-,20.755117015406501,0.86481471302383806,31.25,32.375,12.013426644669799,6.0100856537117302,390.65556749126199,206.997553192667,147.45066844541799,50.364368173398198,15.871977227709101
0:01:26,,-,0.83496061092784402,12.8455478604284,0.70915412855482796,-,18.771544184081801,0.84932644638983101,38.700000000000003,21.246300000000002,12.101287248513399,3.7221658489574998,241.940780182238,115.64597502347,103.784935056642,28.1377068183624,11.171682998562099
0:01:27,,-,0.83496061092784402,12.8455478604284,0.70915412855482796,-,18.771544184081801,0.84932644638983101,38.700000000000003,21.246300000000002,12.168493020786199,3.7221658489574998,241.940780182238,115.64597502347,103.784935056642,28.1377068183624,11.171682998562099
0:01:28,,-,0.83496061092784402,12.8455478604284,0.70915412855482796,-,18.771544184081801,0.84932644638983101,38.700000000000003,21.246300000000002,12.2356987930591,3.7221658489574998,241.940780182238,115.64597502347,103.784935056642,28.1377068183624,11.171682998562099
0:01:29,,-,0.83496700737041996,12.8456462672372,0.70915948544288898,-,18.771400380669998,0.84932635563201597,38.700000000000003,21.246300000000002,12.302904822001301,3.7221942800291798,241.94262820189701,115.646784530904,103.78580112589199,28.137903778808901,11.171776224530801
0:01:30,,-,0.69653897586180802,10.715984244027799,0.61099405789726702,-,20.0900459054516,0.87718574131662996,14.25,16.045500000000001,12.3647333317261,3.1265021817909702,203.22264181641299,116.04550735843701,68.399000899922299,28.234916632223101,7.3626481054814201
0:01:31,,-,0.69653640575609999,10.71594470394,0.61099180807828801,-,20.0901200344437,0.87718574797974602,14.25,16.045500000000001,12.421183961463599,3.1264906506700201,203.22189229355101,116.045083851949,68.398744171542504,28.234813589281998,7.3626204705643099
0:01:32,,-,0.69653640575609999,10.71594470394,0.61099180807828801,-,20.0901200344437,0.87718574797974602,14.25,16.045500000000001,12.477634487100699,3.1264906506700201,203.22189229355101,116.045083851949,68.398744171542504,28.234813589281998,7.3626204705643099
0:01:33,,-,1.2609099883216199,19.398615204948001,1.0778218399274,-,21.065857393481799,0.85479681334118995,26.43,30.368069999999999,12.5566736048739,5.6286116257539298,365.85975567400499,181.598790946723,150.26784017012201,44.1846206683025,16.175224991401699
0:01:34,,-,1.2609099883216199,19.398615204948001,1.0778218399274,-,21.065857393481799,0.85479681334118995,26.43,30.368069999999999,12.658301314783399,5.6286116257539298,365.85975567400499,181.598790946723,150.26784017012201,44.1846206683025,16.175224991401699
0:01:35,,-,1.10044401793764,16.929907968271401,0.96045844605485198,-,22.731724278787901,0.87279173715248104,24.99,28.61355,12.7536595490949,4.9341466364470303,320.71953136905699,178.46047026258,112.591970738092,43.421038993328501,12.119695450817201
0:01:36,,-,1.10044401793764,16.929907968271401,0.96045844605485198,-,22.731724278787901,0.87279173715248104,24.99,28.61355,12.842748307808501,4.9341466364470303,320.71953136905699,178.46047026258,112.591970738092,43.421038993328501,12.119695450817201
0:01:37,,-,0.98289626570371103,15.121481010826299,0.86892063159620403,-,24.3288135629242,0.88404103455830596,27.02,27.80358,12.927189012052899,4.4192852183153803,287.25353919050002,170.54935546292401,90.206086721215996,41.496193543290602,9.7100200991621097
0:01:38,,-,0.98289626570371103,15.121481010826299,0.86892063159620403,-,24.3288135629242,0.88404103455830596,27.02,27.80358,13.0069816618281,4.4192852183153803,287.25353919050002,170.54935546292401,90.206086721215996,41.496193543290602,9.7100200991621097
0:01:39,,-,0.87468094967480103,13.4566299949969,0.79136722898831002,-,25.0713131549889,0.90474958815844098,26.2,25.702200000000001,13.082562168718299,3.9527093910633,256.92611041911499,170.04093271024601,63.3044790503955,41.372489710522203,6.8142603929381602
0:01:40,,-,0.87468094967480103,13.4566299949969,0.79136722898831002,-,25.0713131549889,0.90474958815844098,26.2,25.702200000000001,13.153930532723599,3.9527093910633,256.92611041911499,170.04093271024601,63.3044790503955,41.372489710522203,6.8142603929381602
0:01:41,,-,0.87468094967480103,13.4566299949969,0.79136722898831002,-,25.0713131549889,0.90474958815844098,26.2,25.702200000000001,13.2252988967289,3.9527093910633,256.92611041911499,170.04093271024601,63.3044790503955,41.372489710522203,6.8142603929381602
0:01:42,,-,0.83685945520565197,12.874760849317701,0.76118298064756595,-,25.0460216104617,0.90957086750069704,26.2,24.732800000000001,13.295164444083101,3.78624354663553,246.10583053130901,166.757657577624,56.787111528904802,40.573639313290599,6.1127138351888899
0:01:43,,-,0.83685562879514896,12.874701981463801,0.76117948447136496,-,25.046136130047699,0.909570848638806,26.2,24.732800000000001,13.3635270183401,3.7862262172104502,246.104704118679,166.756879183899,56.786866666965899,40.573449923089797,6.1126874776066602
0:01:44,,-,0.81203514011614297,12.492848309479101,0.73489063199307503,-,24.405199998075801,0.90499855940712703,27.64,23.79804,13.430838674121199,3.6698341154735501,238.53921750578101,158.06628366331699,58.581116093044301,38.458949796427603,6.3058251983901297
0:01:45,,-,0.81203514011614297,12.492848309479101,0.73489063199307503,-,24.405199998075801,0.90499855940712703,27.64,23.79804,13.497099567872899,3.6698341154735501,238.53921750578101,158.06628366331699,58.581116093044301,38.458949796427603,6.3058251983901297
0:01:46,,-,0.74358995838263797,11.439845513579099,0.68397707257651696,-,23.977462039401701,0.91983096983210499,23.9,21.271000000000001,13.5606777804368,3.3726755839218598,219.22391295492099,155.86698417862399,43.310338370267502,37.923840432755199,4.6620385759168501
0:01:47,,-,0.74358995838263797,11.439845513579099,0.68397707257651696,-,23.977462039401701,0.91983096983210499,23.9,21.271000000000001,13.621573311813201,3.3726755839218598,219.22391295492099,155.86698417862399,43.310338370267502,37.923840432755199,4.6620385759168501
0:01:48,,-,0.74358995838263797,11.439845513579099,0.68397707257651696,-,23.977462039401701,0.91983096983210499,23.9,21.271000000000001,13.6824688431896,3.3726755839218598,219.22391295492099,155.86698417862399,43.310338370267502,37.923840432755199,4.6620385759168501
0:01:49,,-,0.76686585858791101,11.7979362859679,0.70276285900311097,-,24.060818190519001,0.91640911005891201,26.78,22.307739999999999,13.7442913207289,3.47535269736073,225.897925328447,158.099320163286,47.124515110318399,38.466987874278701,5.0726065780751801
0:01:50,,-,0.76686585858791101,11.7979362859679,0.70276285900311097,-,24.060818190519001,0.91640911005891201,26.78,22.307739999999999,13.807040744431299,3.47535269736073,225.897925328447,158.099320163286,47.124515110318399,38.466987874278701,5.0726065780751801
0:01:51,,-,0.67758720899202896,10.4244185998774,0.62457453226866899,-,23.6783690528443,0.92176257754006197,27.52,20.00704,13.8661736422785,3.0747529103340998,199.858939171717,143.35193579696599,38.239794290093101,34.878816495612099,4.1162318934438202
0:01:52,,-,0.67758720899202896,10.4244185998774,0.62457453226866899,-,23.6783690528443,0.92176257754006197,27.52,20.00704,13.9216900142707,3.0747529103340998,199.858939171717,143.35193579696599,38.239794290093101,34.878816495612099,4.1162318934438202
0:01:53,,-,0.75350922546818,11.592449622587401,0.68521805383738998,-,23.586174394822301,0.90936916321315298,28.3,21.8476,13.9802236278028,3.4089704347666401,221.58307825983201,149.99549848795499,51.273573860635302,36.495255106558297,5.5192221593794697
0:01:54,,-,0.75350922546818,11.592449622587401,0.68521805383738998,-,23.586174394822301,0.90936916321315298,28.3,21.8476,14.041774482875001,3.4089704347666401,221.58307825983201,149.99549848795499,51.273573860635302,36.495255106558297,5.5192221593794697
0:01:55,,-,0.66236686401350597,10.190259446361599,0.59674911466901404,-,23.224591741784799,0.90093443239764204,28.7,19.515999999999998,14.099547192517701,2.9904681718127599,194.38043116782899,126.217642217674,50.3059081898421,30.709888617438899,5.4150600850206798
0:01:56,,-,0.66236686401350597,10.190259446361599,0.59674911466901404,-,23.224591741784799,0.90093443239764204,28.7,19.515999999999998,14.153541756731,2.9904681718127599,194.38043116782899,126.217642217674,50.3059081898421,30.709888617438899,5.4150600850206798
0:01:57,,-,0.62730355353268596,9.6508239005028607,0.56694337687320295,-,23.476257893113701,0.90377836006258605,28.43,18.82066,14.206124948021801,2.8341314788621799,184.21854612604201,121.335448615114,45.971495550529397,29.522006962314801,4.9484925242765803
0:01:58,,-,0.62730355353268596,9.6508239005028607,0.56694337687320295,-,23.476257893113701,0.90377836006258605,28.43,18.82066,14.257296766390199,2.8341314788621799,184.21854612604201,121.335448615114,45.971495550529397,29.522006962314801,4.9484925242765803
0:01:59,,-,0.62114083760029004,9.5560128861583102,0.56525094175016899,-,23.4033235621106,0.91002057429351202,27.02,18.42764,14.3082558366741,2.8105655372007701,182.68675991805,124.053993927712,41.887305921304197,30.183453510392301,4.5088596255440399
0:02:00,,-,0.62114083760029004,9.5560128861583102,0.56525094175016899,-,23.4033235621106,0.91002057429351202,27.02,18.42764,14.3590021588735,2.8105655372007701,182.68675991805,124.053993927712,41.887305921304197,30.183453510392301,4.5088596255440399
0:02:01,,-,0.62114083760029004,9.5560128861583102,0.56525094175016899,-,23.4033235621106,0.91002057429351202,27.02,18.42764,14.409748481073001,2.8105655372007701,182.68675991805,124.053993927712,41.887305921304197,30.183453510392301,4.5088596255440399
0:02:02,,-,0.65207513278472296,10.031925119765001,0.58952327168768404,-,23.354425332805398,0.90407261686255702,27.39,19.172999999999998,14.461719823665799,2.9462601038456699,191.506906749969,126.32038591286501,47.607096917333699,30.734887083422102,5.1245529512738104
0:02:03,,-,0.65207513278472296,10.031925119765001,0.58952327168768404,-,23.354425332805398,0.90407261686255702,27.39,19.172999999999998,14.514916186651901,2.9462601038456699,191.506906749969,126.32038591286501,47.607096917333699,30.734887083422102,5.1245529512738104
0:02:04,,-,0.56839580526223898,8.7445508501882898,0.52066794175016895,-,23.721111020126902,0.91603058455005704,27.02,17.373860000000001,14.5647669505267,2.5756706638300999,167.418593148957,116.965152105157,35.129944850574397,28.458674478140299,3.7814795318164101
0:02:05,,-,0.56839580526223898,8.7445508501882898,0.52066794175016895,-,23.721111020126902,0.91603058455005704,27.02,17.373860000000001,14.6112721152903,2.5756706638300999,167.418593148957,116.965152105157,35.129944850574397,28.458674478140299,3.7814795318164101
0:02:06,,-,0.51289219500709005,7.8906491539552404,0.46762617250647698,-,23.588153841632799,0.91174359262771099,25.31,15.74282,14.655484779176,2.32173210504746,150.91258682808501,103.32592431792401,33.759499246526097,25.140127571271002,3.6339611675485601
0:02:07,,-,0.51289219500709005,7.8906491539552404,0.46762617250647698,-,23.588153841632799,0.91174359262771099,25.31,15.74282,14.6974049421838,2.32173210504746,150.91258682808501,103.32592431792401,33.759499246526097,25.140127571271002,3.6339611675485601
0:02:08,,-,0.51289219500709005,7.8906491539552404,0.46762617250647698,-,23.588153841632799,0.91174359262771099,25.31,15.74282,14.7393251051916,2.32173210504746,150.91258682808501,103.32592431792401,33.759499246526097,25.140127571271002,3.6339611675485601
0:02:09,,-,0.60126233545728602,9.2501897762659393,0.54973819302781302,-,23.2933266796901,0.91430671872987501,23.9,17.446999999999999,14.784871988725,2.7234611478737798,177.02497461179601,122.683076321589,38.132346736146999,29.849896915228399,4.1046659565282004
0:02:10,,-,0.60126233545728602,9.2501897762659393,0.54973819302781302,-,23.2933266796901,0.91430671872987501,23.9,17.446999999999999,14.8340455927838,2.7234611478737798,177.02497461179601,122.683076321589,38.132346736146999,29.849896915228399,4.1046659565282004
0:02:11,,-,0.60126233545728602,9.2501897762659393,0.54973819302781302,-,23.2933266796901,0.91430671872987501,23.9,17.446999999999999,14.8832191968426,2.7234611478737798,177.02497461179601,122.683076321589,38.132346736146999,29.849896915228399,4.1046659565282004
0:02:12,,-,0.47370710897678198,7.2878016765658797,0.42714028577687801,-,22.7215716125711,0.90169701421519699,20.27,13.68225,14.9271173320909,2.13910152578655,139.041599176126,90.631830056919497,35.639004426879701,22.051540159834399,3.8362760416447501
0:02:13,,-,0.47370710897678198,7.2878016765658797,0.42714028577687801,-,22.7215716125711,0.90169701421519699,20.27,13.68225,14.9657399985288,2.13910152578655,139.041599176126,90.631830056919497,35.639004426879701,22.051540159834399,3.8362760416447501
0:02:14,,-,0.47370710897678198,7.2878016765658797,0.42714028577687801,-,22.7215716125711,0.90169701421519699,20.27,13.68225,15.0043626649666,2.13910152578655,139.041599176126,90.631830056919497,35.639004426879701,22.051540159834399,3.8362760416447501
0:02:15,,-,0.47370710897678198,7.2878016765658797,0.42714028577687801,-,22.7215716125711,0.90169701421519699,20.27,13.68225,15.042985331404401,2.13910152578655,139.041599176126,90.631830056919497,35.639004426879701,22.051540159834399,3.8362760416447501
0:02:16,,-,0.47370710897678198,7.2878016765658797,0.42714028577687801,-,22.7215716125711,0.90169701421519699,20.27,13.68225,15.0816079978422,2.13910152578655,139.041599176126,90.631830056919497,35.639004426879701,22.051540159834399,3.8362760416447501
0:02:17,,-,0.43576611985423103,6.7040941516035497,0.40111998540216398,-,24.0930846195937,0.92049373993632999,11.11,12.098789999999999,15.1187655152342,1.97680809302064,128.49252604634199,91.634039745157594,25.110580322809799,22.2953867993084,2.70296881838641
0:02:18,,-,0.43576611985423103,6.7040941516035497,0.40111998540216398,-,24.0930846195937,0.92049373993632999,11.11,12.098789999999999,15.154457883580401,1.97680809302064,128.49252604634199,91.634039745157594,25.110580322809799,22.2953867993084,2.70296881838641
0:02:19,,-,0.72017499701535603,11.079615338697799,0.63462390458057205,-,21.6641789352031,0.88120791086980799,26.9,19.4756,15.2015160667668,3.2357906599283401,210.326392895342,122.904859557173,68.006191558632807,29.903858773034798,7.3203650762791002
0:02:20,,-,0.72017499701535603,11.079615338697799,0.63462390458057205,-,21.6641789352031,0.88120791086980799,26.9,19.4756,15.2599400647932,3.2357906599283401,210.326392895342,122.904859557173,68.006191558632807,29.903858773034798,7.3203650762791002
0:02:21,,-,0.72017499701535603,11.079615338697799,0.63462390458057205,-,21.6641789352031,0.88120791086980799,26.9,19.4756,15.3183640628197,3.2357906599283401,210.326392895342,122.904859557173,68.006191558632807,29.903858773034798,7.3203650762791002
0:02:22,,-,0.67339127544199895,10.3598657760308,0.59142916267694701,-,21.805049360584899,0.87828456388708998,24.19,18.166689999999999,15.374870799050401,3.02341704562701,196.52210796575599,112.935316411988,65.432701480871799,27.478179175666199,7.0433478450884603
0:02:23,,-,0.67339511852534095,10.359924900389901,0.59143257506991498,-,21.804924918604701,0.87828461893974696,24.19,18.166689999999999,15.4294604296272,3.0234343413381701,196.52323218698101,112.935998330705,65.433040176927406,27.478345092628999,7.04338430322146
0:02:24,,-,0.83759488419695105,12.886075141491601,0.75266112459517598,-,23.002337243824002,0.89859804398971999,22.64,22.526800000000001,15.4908752019362,3.7794327452007299,245.66312843804701,157.63456585220999,65.447674583795205,38.3539089664744,7.0449595892136898
0:02:25,,-,0.83759133077332604,12.886020473435799,0.752657943257795,-,23.0024348296581,0.89859805803253201,22.64,22.526800000000001,15.5591148152022,3.7794167242597601,245.66208707688401,157.633908964298,65.447385908002602,38.353749139731804,7.0449285153931704
0:02:26,,-,0.99961644914423597,15.378714602219,0.89299096362379904,-,25.173205204398499,0.89333360249151705,29.85,29.461950000000002,15.6339020592668,4.5047087721269401,292.806070188251,182.81929739783001,83.037913014651195,44.481580875384502,8.9384190543219795
0:02:27,,-,0.99961644914423597,15.378714602219,0.89299096362379904,-,25.173205204398499,0.89333360249151705,29.85,29.461950000000002,15.715237078763501,4.5047087721269401,292.806070188251,182.81929739783001,83.037913014651195,44.481580875384502,8.9384190543219795
0:02:28,,-,0.99961644914423597,15.378714602219,0.89299096362379904,-,25.173205204398499,0.89333360249151705,29.85,29.461950000000002,15.796572098260301,4.5047087721269401,292.806070188251,182.81929739783001,83.037913014651195,44.481580875384502,8.9384190543219795
0:02:29,,-,0.999638100094149,15.3790476937561,0.89301037757519697,-,25.172659983277999,0.89333367494805405,29.85,29.461950000000002,15.8779079993063,4.5048064206696798,292.81241734352898,182.82333017980699,83.039643695664594,44.482562087544203,8.9386053493718602
0:02:30,,-,0.999638100094149,15.3790476937561,0.89301037757519697,-,25.172659983277999,0.89333367494805405,29.85,29.461950000000002,15.9592447819018,4.5048064206696798,292.81241734352898,182.82333017980699,83.039643695664594,44.482562087544203,8.9386053493718602
0:02:31,,-,0.98380240559562904,15.135421624548099,1.0155329147882799,-,32.328087245064701,1.03225292905585,12.07,33.542529999999999,16.040805985974,4.5296654150239499,294.428251976556,267.905726163623,0,65.183874978983596,0
0:02:32,,-,0.98380240559562904,15.135421624548099,1.0155329147882799,-,32.328087245064701,1.03225292905585,12.07,33.542529999999999,16.122591611522999,4.5296654150239499,294.428251976556,267.905726163623,0,65.183874978983596,0
0:02:33,,-,0.98380240559562904,15.135421624548099,1.0155329147882799,-,32.328087245064701,1.03225292905585,12.07,33.542529999999999,16.204377237072102,4.5296654150239499,294.428251976556,267.905726163623,0,65.183874978983596,0
0:02:34,,-,0.98380240559562904,15.135421624548099,1.0155329147882799,-,32.328087245064701,1.03225292905585,12.07,33.542529999999999,16.286162862621101,4.5296654150239499,294.428251976556,267.905726163623,0,65.183874978983596,0
0:02:35,,-,0.98380385981129403,15.1354439970968,1.01553439544423,-,32.328039459105703,1.0322529082565499,12.07,33.542529999999999,16.367948548616202,4.5296721105863504,294.42868718811297,267.90612217068798,0,65.183971331067696,0
0:02:36,,-,0.98380385981129403,15.1354439970968,1.01553439544423,-,32.328039459105703,1.0322529082565499,12.07,33.542529999999999,16.4497342950574,4.5296721105863504,294.42868718811297,267.90612217068798,0,65.183971331067696,0
0:02:37,,-,0.98380385981129403,15.1354439970968,1.01553439544423,-,32.328039459105703,1.0322529082565499,12.07,33.542529999999999,16.531520041498499,4.5296721105863504,294.42868718811297,267.90612217068798,0,65.183971331067696,0
0:02:38,,-,0.98380385981129403,15.1354439970968,1.01553439544423,-,32.328039459105703,1.0322529082565499,12.07,33.542529999999999,16.613305787939701,4.5296721105863504,294.42868718811297,267.90612217068798,0,65.183971331067696,0
0:02:39,,-,0.34100322259440302,5.2462034245292797,0.35027660959784601,-,26.560746057150698,1.02719442629571,7.98,10.20642,16.668372829527499,1.57006172683874,102.05401224451801,92.860838165951094,0,22.593877899258199,0
0:02:40,,-,0.34100322259440302,5.2462034245292797,0.35027660959784601,-,26.560746057150698,1.02719442629571,7.98,10.20642,16.696721166262101,1.57006172683874,102.05401224451801,92.860838165951094,0,22.593877899258199,0
0:02:41,,-,0.34100322259440302,5.2462034245292797,0.35027660959784601,-,26.560746057150698,1.02719442629571,7.98,10.20642,16.7250695029967,1.57006172683874,102.05401224451801,92.860838165951094,0,22.593877899258199,0
0:02:42,,-,0.34100322259440302,5.2462034245292797,0.35027660959784601,-,26.560746057150698,1.02719442629571,7.98,10.20642,16.753417839731298,1.57006172683874,102.05401224451801,92.860838165951094,0,22.593877899258199,0
0:02:43,,-,0.460416237066199,7.0833267240953699,0.47216236917010501,-,25.235795492436999,1.0255119849351,15.07,13.78905,16.786729707776502,2.1198682720150201,137.791437680976,125.37898426266101,0,30.505835587022201,0
0:02:44,,-,0.460416237066199,7.0833267240953699,0.47216236917010501,-,25.235795492436999,1.0255119849351,15.07,13.78905,16.825005107132299,2.1198682720150201,137.791437680976,125.37898426266101,0,30.505835587022201,0
0:02:45,,-,1.1689765651514401,17.984254848483701,1.1360549444716701,-,26.769073848752601,0.97183722782714299,27.14,35.200580000000002,16.892614278708699,5.3691476564491403,348.99459766919398,306.34975042996598,11.1301742239981,74.537652172741005,1.1980811866521099
0:02:46,,-,1.1689765651514401,17.984254848483701,1.1360549444716701,-,26.769073848752601,0.97183722782714299,27.14,35.200580000000002,16.989557222505699,5.3691476564491403,348.99459766919398,306.34975042996598,11.1301742239981,74.537652172741005,1.1980811866521099
0:02:47,,-,1.1689765651514401,17.984254848483701,1.1360549444716701,-,26.769073848752601,0.97183722782714299,27.14,35.200580000000002,17.086500166302699,5.3691476564491403,348.99459766919398,306.34975042996598,11.1301742239981,74.537652172741005,1.1980811866521099
0:02:48,,-,0.70357693650321396,10.8242605615879,0.69907963214139901,-,26.633974236184201,0.99360794231805505,22.55,21.986249999999998,17.164216575775299,3.2394392389776701,210.56355053354901,191.59567918697101,0,46.616953573472301,0
0:02:49,,-,0.70357693650321396,10.8242605615879,0.69907963214139901,-,26.633974236184201,0.99360794231805505,22.55,21.986249999999998,17.2227064509235,3.2394392389776701,210.56355053354901,191.59567918697101,0,46.616953573472301,0
0:02:50,,-,0.48850145600693501,7.5154070154913102,0.46779904887107499,-,24.4137450428207,0.95762058253606097,24.59,15.46711,17.272137883141401,2.2360424836172599,145.34276143512199,121.015492178763,11.157660803576301,29.4441586809643,1.2010399142708601
0:02:51,,-,0.48850145600693501,7.5154070154913102,0.46779904887107499,-,24.4137450428207,0.95762058253606097,24.59,15.46711,17.312510872428899,2.2360424836172599,145.34276143512199,121.015492178763,11.157660803576301,29.4441586809643,1.2010399142708601
0:02:52,,-,0.48850145600693501,7.5154070154913102,0.46779904887107499,-,24.4137450428207,0.95762058253606097,24.59,15.46711,17.352883861716499,2.2360424836172599,145.34276143512199,121.015492178763,11.157660803576301,29.4441586809643,1.2010399142708601
0:02:53,,-,0.33309673780268001,5.1245651969643102,0.31100563788458502,-,21.432812723098799,0.93367962693413897,18.399999999999999,9.7888000000000002,17.386755600175398,1.51590393029182,98.533755468968096,74.474314294759594,15.0794196004385,18.120271117946402,1.6231883315865001
0:02:54,,-,0.33309673780268001,5.1245651969643102,0.31100563788458502,-,21.432812723098799,0.93367962693413897,18.399999999999999,9.7888000000000002,17.414126087805599,1.51590393029182,98.533755468968096,74.474314294759594,15.0794196004385,18.120271117946402,1.6231883315865001
0:02:55,,-,0.33309380549404299,5.1245200845237404,0.31100295245416698,-,21.433001401545699,0.93367978426644205,18.399999999999999,9.7888000000000002,17.441496455484199,1.5158906433336301,98.532891816685606,74.473711540453706,15.0792377551569,18.120124462397499,1.62316875728277
0:02:56,,-,0.33309380549404299,5.1245200845237404,0.31100295245416698,-,21.433001401545699,0.93367978426644205,18.399999999999999,9.7888000000000002,17.468866703211098,1.5158906433336301,98.532891816685606,74.473711540453706,15.0792377551569,18.120124462397499,1.62316875728277
0:02:57,,-,0.33309673780268001,5.1245651969643102,0.31100563788458502,-,21.432812723098799,0.93367962693413897,18.399999999999999,9.7888000000000002,17.496237070889599,1.51590393029182,98.533755468968096,74.474314294759594,15.0794196004385,18.120271117946402,1.6231883315865001
0:02:58,,-,0.33309673780268001,5.1245651969643102,0.31100563788458502,-,21.432812723098799,0.93367962693413897,18.399999999999999,9.7888000000000002,17.523607558519899,1.51590393029182,98.533755468968096,74.474314294759594,15.0794196004385,18.120271117946402,1.6231883315865001
0:02:59,,-,0.33309673780268001,5.1245651969643102,0.31100563788458502,-,21.432812723098799,0.93367962693413897,18.399999999999999,9.7888000000000002,17.550978046150199,1.51590393029182,98.533755468968096,74.474314294759594,15.0794196004385,18.120271117946402,1.6231883315865001
0:03:00,,-,0.33309673780268001,5.1245651969643102,0.31100563788458502,-,21.432812723098799,0.93367962693413897,18.399999999999999,9.7888000000000002,17.5783485337804,1.51590393029182,98.533755468968096,74.474314294759594,15.0794196004385,18.120271117946402,1.6231883315865001
0:03:01,,-,1.0587743301213199,16.288835848020302,0.88872758010175201,-,19.0324221382388,0.83939282887593003,29.12,24.34432,17.6345392827123,4.7083021052395901,306.03963684057402,136.03752966090801,141.45839825905901,33.099155635257297,15.226953526271201
0:03:02,,-,1.0587743301213199,16.288835848020302,0.88872758010175201,-,19.0324221382388,0.83939282887593003,29.12,24.34432,17.719550292945801,4.7083021052395901,306.03963684057402,136.03752966090801,141.45839825905901,33.099155635257297,15.226953526271201
0:03:03,,-,1.98732919809256,30.574295355270099,1.7604257903617799,-,23.524839289269401,0.88582495142296802,28.3,50.826799999999999,17.842757938111301,8.9393139746349295,581.05540835126999,348.41134002320803,179.06726301084501,84.771615577422907,19.275270507087701
0:03:04,,-,2.73606318899891,42.0932798307525,2.48277010588497,-,27.972599575817199,0.90742425681820005,54.05,84.317999999999998,18.035155571053298,12.3724238281639,804.20754883065297,539.28078224717297,191.16469185862101,131.211869159896,20.577469521918299
0:03:05,,-,1.98721401967992,30.572523379691098,1.9112113587249,-,31.601226328966298,0.96175416427101401,56.07,70.872479999999996,18.229051115770599,9.1052365097576704,591.84037313424801,500.57335921299602,37.693313721896999,121.794004674695,4.0574072897628604
0:03:06,,-,2.0540044097637602,31.600067842519401,2.0351675615584401,-,32.950094789613502,0.99082920751495096,67.41,77.386679999999998,18.396628086058101,9.4571355836242699,614.71381293557704,559.33949725187404,0,136.09233509777999,0
0:03:07,,-,2.26747200592186,34.884184706490203,2.3242762204368699,-,33.3377610848462,1.0250517820580201,54.54,83.446200000000005,18.5762549348755,10.439992285382599,678.59949854986996,617.47026724782097,0,150.236074756161,0
0:03:08,,-,1.7575071490090699,27.038571523216401,1.9117056754116699,-,37.982491301749803,1.08773706922873,58.25,75.142499999999998,18.743557553844301,8.09199012346782,525.97935802540803,478.598371293843,0,116.44729228560701,0
0:03:09,,-,1.94410448457832,29.909299762743402,2.17218334869712,-,37.294600457508999,1.11731821305287,56.6,80.655000000000001,18.897419051473602,8.9511296139348406,581.82342490576502,529.41192328512102,0,128.81068693068599,0
0:03:10,,-,1.49733437820846,23.035913510899402,1.70626339636219,-,39.862505575685198,1.1395339753059699,62.5,68.6875,19.040466186030802,6.8940914447052304,448.11594390584003,407.74900693684202,0,99.209004120886206,0
0:03:11,,-,1.5308939754702999,23.5522150072354,1.8029403071533301,-,40.267027624210499,1.1777042277532399,65.930000000000007,71.138469999999998,19.166337778132199,7.04860798806238,458.15951922405401,416.88784236055602,0,101.43256505123,0
0:03:12,,-,1.8041307977977099,27.755858427657099,2.0981231920874301,-,39.058698009045997,1.1629551441883199,56.6,78.617400000000004,19.304961695776601,8.3066567356238092,539.93268781554798,491.29476481156001,0,119.53643912690001,0
0:03:13,,-,1.7427468142139599,26.811489449445499,2.0109744097917002,-,38.708273313026503,1.1539108224958801,47.24,74.261279999999999,19.452391506170599,8.0240299541743507,521.56194702133303,474.57888710757601,0,115.46931559795,0
0:03:14,,-,1.7427468142139599,26.811489449445499,2.0109744097917002,-,38.708273313026503,1.1539108224958801,47.24,74.261279999999999,19.597269824787599,8.0240299541743507,521.56194702133303,474.57888710757601,0,115.46931559795,0
0:03:15,,-,0.99534308772521296,15.312970580387899,1.1182713562109099,-,31.072451681644001,1.1235034130458801,32.25,35.571750000000002,19.711081497825798,4.5828015208220503,297.88209885343298,271.04844548283199,0,65.9485268814676,0
0:03:16,,-,1.73471661481435,26.687947920220701,1.7493183710633,-,31.125890845161798,1.00841737268454,66.66,63.593640000000001,19.824559386926499,7.9870569641823899,519.15870267185596,472.39213050975297,0,114.93725803157,0
0:03:17,,-,2.4936230790285401,38.363431985054397,2.4274702490864901,-,28.174149730507899,0.97347119919670699,56.07,78.329790000000003,20.0001031170078,11.4577869832874,744.75615391367796,657.60486791047697,19.925202691054899,160.00118440644201,2.1448011508132301
0:03:18,,-,2.4936230790285401,38.363431985054397,2.4274702490864901,-,28.174149730507899,0.97347119919670699,56.07,78.329790000000003,20.206979826428299,11.4577869832874,744.75615391367796,657.60486791047697,19.925202691054899,160.00118440644201,2.1448011508132301
0:03:19,,-,2.0425708363940398,31.424166713754499,1.9703510701050899,-,29.6111346164016,0.964642711526983,44.44,66.882199999999997,20.394966793054799,9.3653847045696708,608.75000579702896,520.46826323733296,33.215666867181199,126.634613926358,3.5754216218709498
0:03:20,,-,2.1133672696375698,32.513342609808703,1.9541951550504599,-,29.024732653553201,0.92468317415817503,51.72,68.787599999999998,20.566153537123402,9.5968392537984197,623.79455149689704,453.33417738332003,113.485683217964,110.300286467961,12.2158970094687
0:03:21,,-,2.1133672696375698,32.513342609808703,1.9541951550504599,-,29.024732653553201,0.92468317415817503,51.72,68.787599999999998,20.739429801428098,9.5968392537984197,623.79455149689704,453.33417738332003,113.485683217964,110.300286467961,12.2158970094687
0:03:22,,-,1.4205949461993901,21.855306864606,1.240714484608,-,20.0506555906064,0.87337667075851499,21.81,31.624500000000001,20.883579833544498,6.3705489190960201,414.08567974124202,231.217855489432,144.569720978231,56.257385763852,15.561864475589999
0:03:23,,-,1.4205949461993901,21.855306864606,1.240714484608,-,20.0506555906064,0.87337667075851499,21.81,31.624500000000001,20.998603633472602,6.3705489190960201,414.08567974124202,231.217855489432,144.569720978231,56.257385763852,15.561864475589999
0:03:24,,-,3.2054887666980298,49.315211795354401,2.7020793262124601,-,22.9564991038174,0.842953921500049,51.28,80.971119999999999,21.1849166114872,14.2671963379085,927.36776196405299,423.37296228615901,417.577386918728,103.010453110987,44.949126686623103
0:03:25,,-,2.8734862043113498,44.2074800663285,2.3986810461644201,-,23.503328430346698,0.834763376474702,49.99,74.735050000000001,21.428944060932299,12.7635365236984,829.62987404039302,355.78553978813801,396.37744497298399,86.565824765970405,42.667109254357797
0:03:26,,-,3.5522086641844601,54.6493640643763,2.9954411947096902,-,24.594551801212301,0.84326160929439697,48.78,94.389300000000006,21.686914091032499,15.811605272021399,1027.75434268139,470.26921061980602,461.72042824210303,114.420732510902,49.700799595490103
0:03:27,,-,2.82289715518271,43.429187002810899,2.4862089115399,-,26.726641408626499,0.880729539499992,50.84,82.767520000000005,21.9441476786875,12.681961360528,824.32748843431796,480.39284370570198,267.83159574261498,116.88390357803,28.830096420087699
0:03:28,,-,2.82289715518271,43.429187002810899,2.4862089115399,-,26.726641408626499,0.880729539499992,50.84,82.767520000000005,22.173127536585898,12.681961360528,824.32748843431796,480.39284370570198,267.83159574261498,116.88390357803,28.830096420087699
0:03:29,,-,3.2185905097201002,49.516777072616897,2.8885528346128999,-,26.886551656279401,0.89745894231947698,45.45,93.081599999999995,22.418691974045601,14.519022481162301,943.736461275549,602.03793433291401,254.92790167298901,146.48124922941901,27.441108899137699
0:03:30,,-,3.3441683856882798,51.448744395204301,3.0042014471013299,-,26.587542774614299,0.89834036466528799,44.77,95.360100000000003,22.685984402442699,15.0887542028224,980.76902318345299,628.500214005977,262.11270483402899,152.919760098778,28.214499982134399
0:03:31,,-,3.0837434582369299,47.442207049798903,2.8436150787246799,-,28.4731856553983,0.92213088320597902,48.78,94.828320000000005,22.948542942461899,13.9946533069969,909.65246495479596,653.54948839881399,172.96771991668101,159.014474062972,18.6186996681034
0:03:32,,-,2.9025762451494299,44.655019156145102,2.7407199699677101,-,30.3223731493981,0.94423702893172801,56.6,96.163399999999996,23.1944407567334,13.243258427685401,860.81179779955301,679.86933858507098,102.69132570625,165.418330555978,11.0539640157427
0:03:33,,-,3.15599931979171,48.553835689103202,2.9288615146563699,-,27.213298007196101,0.92802983076994705,46.15,92.530749999999998,23.443484280500499,14.3431011280621,932.30157332403996,687.63975715578795,159.57859930612199,167.308943346907,17.177459559324301
0:03:34,,-,3.15599931979171,48.553835689103202,2.9288615146563699,-,27.213298007196101,0.92802983076994705,46.15,92.530749999999998,23.702456939757202,14.3431011280621,932.30157332403996,687.63975715578795,159.57859930612199,167.308943346907,17.177459559324301
0:03:35,,-,2.9066742660566098,44.718065631640101,2.7276269745601098,-,28.0979403002735,0.93840132223023198,46.51,88.369,23.9515003429023,13.2432450664766,860.81092932097795,663.72117974516095,118.728136702344,161.48933813750901,12.780208471727001
0:03:36,,-,3.12623488722683,48.095921341951197,2.9684847320638901,-,27.488193657844299,0.94953989036221298,45.11,92.430390000000003,24.1999922052362,14.282007376661401,928.330479482991,748.97704748282297,95.072640428443094,182.23285826832699,10.2338687221144
0:03:37,,-,3.4191850795502701,52.602847377696499,3.2241095422519201,-,26.806861245444999,0.94294677452090003,48.78,98.681939999999997,24.4697193877019,15.595465142613,1013.7052342698501,796.42496060107601,125.10177927216,193.777362676661,13.4662840981873
0:03:38,,-,3.4191850795502701,52.602847377696499,3.2241095422519201,-,26.806861245444999,0.94294677452090003,48.78,98.681939999999997,24.751304174999099,15.595465142613,1013.7052342698501,796.42496060107601,125.10177927216,193.777362676661,13.4662840981873
0:03:39,,-,2.3294050527366599,35.837000811333198,2.2502280254034002,-,27.235847164264101,0.96600976406390304,47.24,70.24588,24.988549887811999,10.684059968970301,694.463897983072,596.76834202189696,34.896659263437598,145.19910998099701,3.75636805849705
0:03:40,,-,4.2521970464703802,65.418416099544302,3.9876100752306698,-,26.355420215774,0.93777640867811296,53.57,119.78252000000001,25.259877744825001,19.370718038620701,1259.0966725103499,968.28297092023695,176.17787097490699,235.59196372755099,18.964248759408701
0:03:41,,-,3.3853648197917101,52.082535689103203,3.2664796967724499,-,27.659751602712401,0.96488262584752305,46.15,100.28395,25.574891567847398,15.5231208192456,1009.00285325096,863.44528260954905,54.290843391685399,210.08401036728699,5.8440089765000396
0:03:42,,-,3.5190094083872401,54.138606282880701,3.4235312367175599,-,29.9384365807318,0.97286788394423696,51.72,112.80132,25.860982270317798,16.166926223636398,1050.85020453637,925.872948241416,30.107577852358201,225.273223416403,3.2408587569815102
0:03:43,,-,3.41786195613625,52.582491632865299,3.4036485744195599,-,31.8260366849245,0.99584144067282399,60.6,117.5034,26.149000822505101,15.736667249419099,1022.88337121224,930.74054716437195,0,226.45755405459201,0
0:03:44,,-,3.60019704044374,55.387646776057601,3.5866767719844299,-,31.175460325962099,0.99624457541978195,56.6,120.3882,26.4407140475952,16.576182299022101,1077.4518494364299,980.39341738370297,0,238.53854437559701,0
0:03:45,,-,3.48596077405,53.630165754615398,3.4912064689614501,-,31.2572019774647,1.00150480606394,53.57,116.67546,26.735257873825599,16.050210760345099,1043.2636994224299,949.28498572266403,0,230.96958290089199,0
0:03:46,,-,3.48596077405,53.630165754615398,3.4912064689614501,-,31.2572019774647,1.00150480606394,53.57,116.67546,27.0250533458874,16.050210760345099,1043.2636994224299,949.28498572266403,0,230.96958290089199,0
0:03:47,,-,3.2823356367175598,50.497471334116298,3.33647593880143,-,31.451116346906101,1.0164944442238699,51.72,110.6808,27.306384918522099,15.1126711314947,982.32362354715701,893.83448064976096,0,217.47797582719201,0
0:03:48,,-,3.18815539516185,49.048544540951497,3.2998699778274601,-,32.2070656141237,1.0350405073840301,52.63,110.25985,27.575337887960799,14.6790424063289,954.13775641137897,868.18763748213098,0,211.237868000519,0
0:03:49,,-,3.32881647346424,51.2125611302191,3.4182079617306602,-,31.179465983592301,1.02685383498279,51.28,111.17504,27.846222883733098,15.326680202295201,996.23421314919005,906.49198407777203,0,220.557660359555,0
0:03:50,,-,3.2100998015706002,49.386150793393803,3.3338589971655401,-,30.300375693120301,1.03855306789353,47.61,104.12307,28.118020022530899,14.7800797876136,960.705186194882,874.16346362438003,0,212.69184029790301,0
0:03:51,,-,3.2807349657096898,50.472845626302998,3.3861751084652099,-,28.947257548265998,1.0321391834017599,44.44,101.36763999999999,28.387818601370501,15.1053012530883,981.84458145074098,893.39859136318,0,217.37192003970301,0
0:03:52,,-,3.2807349657096898,50.472845626302998,3.3861751084652099,-,28.947257548265998,1.0321391834017599,44.44,101.36763999999999,28.660553207329102,15.1053012530883,981.84458145074098,893.39859136318,0,217.37192003970301,0
0:03:53,,-,2.7078530989906802,41.659278446010497,2.8088447807660701,-,30.307910732155399,1.0372958495470199,46.87,88.818650000000005,28.909475357875401,12.4676138843526,810.394902482916,737.39334921660702,0,179.414440198688,0
0:03:54,,-,3.69128568870144,56.789010595406801,3.7597158887014399,-,27.007524859196401,1.01853831043462,46.87,106.44177000000001,29.175462493986199,16.995576577148899,1104.7124775146799,1005.19836837584,0,244.573812256894,0
0:03:55,,-,3.83020562153138,58.926240331251996,3.9377004794872699,-,28.6465978179342,1.0280650358173,44.44,116.12172,29.4881014285783,17.635197716127699,1146.2878515483001,1043.02857215631,0,253.77824140056299,0
0:03:56,,-,3.83020562153138,58.926240331251996,3.9377004794872699,-,28.6465978179342,1.0280650358173,44.44,116.12172,29.806514720675001,17.635197716127699,1146.2878515483001,1043.02857215631,0,253.77824140056299,0
0:03:57,,-,3.5763007908035398,55.020012166208303,3.6852789908035399,-,29.703527810962498,1.0304723250013601,49.99,113.42731000000001,30.114374183418999,16.466158157051701,1070.3002802083599,973.88607192893096,0,236.955248644509,0
0:03:58,,-,3.4854154723112698,53.621776497096498,3.5837998941234002,-,29.711651544178299,1.02822745884779,52.17,111.06993,30.407902070087999,16.047700058589701,1043.1005038083299,949.13649100719999,0,230.933452799805,0
0:03:59,,-,3.5256579283930001,54.240891206046101,3.5890450497762898,-,29.834987436783202,1.0179788064159101,50.84,112.50892,30.6993249313178,16.2329861084024,1055.1440970461599,960.09517982302395,0,233.599800443558,0
0:04:00,,-,3.6462867106946999,56.096718626072303,3.6588406949160901,-,29.297805816166001,1.0034429503814299,48.78,113.85252,30.9974345798481,16.788390344192699,1091.24537237252,992.94439968156303,0,241.59231135804501,0
0:04:01,,-,3.4311320796676701,52.786647379502597,3.52107790939663,-,30.619637356011101,1.02621462177512,49.58,112.19954,31.291615159073199,15.7977661238185,1026.8547980482001,934.35422208602802,0,227.33679369489701,0
0:04:02,,-,3.4311320796676701,52.786647379502597,3.52107790939663,-,30.619637356011101,1.02621462177512,49.58,112.19954,31.576852602975499,15.7977661238185,1026.8547980482001,934.35422208602802,0,227.33679369489701,0
0:04:03,,-,3.1786937031832099,48.902980048972402,3.3273224419300802,-,28.7107247573454,1.0467578045025301,31.91,95.857640000000004,31.851597172284301,14.6354784765403,951.30610097511703,865.61106169226002,0,210.61096391539201,0
0:04:04,,-,3.7266360150203699,57.332861769544202,3.8219721622306801,-,31.010326614730701,1.02558236082785,60.6,124.2906,32.138624682795303,17.158338072369698,1115.2919747040301,1014.8248490479,0,246.91602166615499,0
0:04:05,,-,3.8022954144889201,58.496852530598701,3.9612499144889202,-,31.963652675928699,1.04180487907233,61.85,130.44165000000001,32.451572874005201,17.506692338577,1137.9350020075001,1035.42815946921,0,251.92899257158399,0
0:04:06,,-,3.52896300309957,54.291738509224203,3.73069514402331,-,31.467969458014402,1.05716470837086,52.63,118.62802000000001,32.756304572328901,16.248203475738901,1056.1332259230301,960.99520652986496,0,233.818785043763,0
0:04:07,,-,3.29351797386833,50.669507290281999,3.4895404352539399,-,32.854619546195302,1.0595176534456201,52.63,115.786,33.039888385157703,15.164157329905001,985.67022644382405,896.87961668271305,0,218.218884837643,0
0:04:08,,-,3.29351797386833,50.669507290281999,3.4895404352539399,-,32.854619546195302,1.0595176534456201,52.63,115.786,33.313685670280897,15.164157329905001,985.67022644382405,896.87961668271305,0,218.218884837643,0
0:04:09,,-,3.49403536065071,53.754390163857103,3.6634727770162998,-,31.224626753543099,1.0484933318860401,53.09,116.74491,33.595817677813002,16.087388119800501,1045.6802277870299,951.48382969217596,0,231.50458143361999,0
0:04:10,,-,3.6841714133592798,56.679560205527302,3.8272031091771601,-,31.853705170844499,1.0388233010275301,56.07,125.42859,33.8941876187654,16.9628207241574,1102.58334707023,1003.26103310319,0,244.10244114432899,0
0:04:11,,-,3.6548207517638298,56.228011565597399,3.8879456822413401,-,33.352163698089001,1.0637855988874401,56.07,129.97026,34.199240778683603,16.8276831437034,1093.79940434072,995.26836072977005,0,242.15775200237701,0
0:04:12,,-,3.67055037301881,56.4700057387508,3.8341016941408799,-,33.214978030591801,1.0445577105614201,58.25,130.30525,34.5037277653039,16.900106143469301,1098.5068993254999,999.55179770921302,0,243.19995078082999,0
0:04:13,,-,3.1615277405600102,48.638888316307899,3.3068137773038901,-,30.221465013327901,1.04595437670212,44.44,101.94535999999999,34.787710493512797,14.5564422119737,946.16874377829004,860.93648511498498,0,209.47359735157801,0
0:04:14,,-,3.5213385029569202,54.174438507029599,3.70585989111752,-,31.4553116398748,1.0524009231164999,51.28,118.14912,35.065491068696304,16.2130984237421,1053.85139754324,958.91892857431901,0,233.31360792562501,0
0:04:15,,-,3.4735943416788602,53.439912948905601,3.6754671917142101,-,31.389456935636701,1.05811641492304,55.04,116.96,35.356243030227503,15.993272699714099,1039.5627254814101,945.91740090522603,0,230.150219198352,0
0:04:16,,-,3.6719713195097601,56.491866453996302,3.8235311075269101,-,31.740983209956202,1.0412747744547699,54.54,124.40573999999999,35.653256207964297,16.9066485265129,1098.9321542233399,999.93874502641097,0,243.294098546572,0
0:04:17,,-,3.6719713195097601,56.491866453996302,3.8235311075269101,-,31.740983209956202,1.0412747744547699,54.54,124.40573999999999,35.958515139692999,16.9066485265129,1098.9321542233399,999.93874502641097,0,243.294098546572,0
0:04:18,,-,3.6465129041523499,56.100198525420801,3.8416046198237499,-,32.059384697878997,1.05350089820037,55.04,124.83072,36.262715864807397,16.789431793854099,1091.31306660052,993.00599591489402,0,241.60729827613,0
0:04:19,,-,3.1634217436196601,48.668026824917803,3.3297496907062198,-,33.598738522415303,1.0525784927103199,64.28,115.5433,36.545778175871298,14.565162662448699,946.73557305916802,861.45225358857704,0,209.59908846437401,0
0:04:20,,-,4.3989376913967702,67.675964483027201,4.5643515665932499,-,31.484874239267299,1.0376031412129301,62.5,147.5,36.860115838343802,20.2537784114296,1316.49559674292,1197.90375573302,0,291.46076781825298,0
0:04:21,,-,4.3989376913967702,67.675964483027201,4.5643515665932499,-,31.484874239267299,1.0376031412129301,62.5,147.5,37.225809059661302,20.2537784114296,1316.49559674292,1197.90375573302,0,291.46076781825298,0
0:04:22,,-,3.5829047214765199,55.121611099638699,3.6933815413497499,-,32.139453586291701,1.0308344286162601,50.84,122.47356000000001,37.557582986548297,16.496564259133301,1072.27667684366,975.68443187643197,0,237.39280580935099,0
0:04:23,,-,3.5829047214765199,55.121611099638699,3.6933815413497499,-,32.139453586291701,1.0308344286162601,50.84,122.47356000000001,37.855437619004803,16.496564259133301,1072.27667684366,975.68443187643197,0,237.39280580935099,0
0:04:24,,-,2.9104233941814499,44.775744525868497,3.0410902214577402,-,28.7755795831741,1.04489615756165,29.12,87.942400000000006,38.125339836571001,13.4002967635749,871.01928963237003,792.55660326395298,0,192.83615651191101,0
0:04:25,,-,3.9709014045813,61.090790839712298,4.0202971096698503,-,29.827804302405902,1.0124394186749499,53.57,126.15734999999999,38.4113695566001,18.282995301187601,1188.39469457719,1081.3423694308001,0,263.10033319484302,0
0:04:26,,-,3.7330916254034001,57.432178852360003,3.8886543390700301,-,30.307265760661299,1.0416712819498,47.24,119.94235999999999,38.731594372883798,17.188061271783099,1117.2239826658999,1016.58281891833,0,247.34375156163699,0
0:04:27,,-,3.7185566986587499,57.208564594750101,3.86892800106749,-,32.587939305512897,1.0404380824589801,54.05,128.9633,39.041330208092504,17.121138935945499,1112.87403083646,1012.62471708598,0,246.38070975327901,0
0:04:28,,-,3.7731563651607898,58.048559464012101,3.9714357471805299,-,33.672391945671698,1.05255000398355,58.82,135.52127999999999,39.352731377612599,17.3725290724398,1129.21438970859,1027.49311262894,0,249.99832424061901,0
0:04:29,,-,3.78455177609978,58.223873478458202,4.0450339634439896,-,35.218635623307598,1.06882775101379,61.85,142.19315,39.666875704021301,17.4249963143644,1132.62476043368,1030.59627219146,0,250.753350898164,0
0:04:30,,-,3.8219536153409899,58.7992863898614,4.0750378469942197,-,34.453230795751502,1.0662185513286599,61.85,140.58505,39.983048340997399,17.597203473754899,1143.81822579407,1040.78141388737,0,253.231487563836,0
0:04:31,,-,3.7085205964191501,57.054163021833098,3.9577518182732399,-,34.65578703381,1.0672050256629899,58.82,136.99178000000001,40.296060659622903,17.0749302816895,1109.8704683098199,1009.89171984684,0,245.71574692137099,0
0:04:32,,-,3.6327455825841399,55.888393578217503,3.8859895816165899,-,34.496591393789799,1.06971146018222,61.22,134.13301999999999,40.601208341391498,16.726043698835898,1087.1928404243299,989.25692571433103,0,240.69511574557899,0
0:04:33,,-,3.3803154102242798,52.0048524649889,3.6127960578853502,-,34.0817101420593,1.0687748388679601,57.69,123.51429,40.892713819040402,15.5637938253415,1011.6465986472,920.51599943988106,0,223.969829547416,0
0:04:34,,-,3.8206836641344899,58.779748678992199,4.0775950349167598,-,34.2343966415838,1.0672422512216699,59.4,139.35239999999999,41.192031146648397,17.591356309704299,1143.43816013078,1040.4355850926499,0,253.14734430478001,0
0:04:35,,-,3.4864634282393698,53.637898895990197,3.7503146921878101,-,34.780402116891104,1.0756787700141399,60.6,129.98699999999999,41.495760631619,16.052525102416599,1043.4141316570799,949.42186680248801,0,231.002887299875,0
0:04:36,,-,3.6696035853307198,56.455439774318798,3.85506118351302,-,33.804997492343503,1.05053886444946,57.14,132.2791,41.7932103094439,16.895746902811101,1098.2235486827201,999.29397170507298,0,243.13721939296201,0
0:04:37,,-,3.5994353852189298,55.375929003368199,3.78122247708564,-,33.912818799656101,1.0505043353780501,59.4,130.6206,42.095355789046998,16.5726754532262,1077.2239044597,980.18600602251001,0,238.48807932421201,0
0:04:38,,-,3.60900133991318,55.5230975371258,3.7903448099560602,-,33.918524397928003,1.0502475485496101,60.6,131.13839999999999,42.394982270666901,16.616719433901402,1080.08676320359,982.79097428060095,0,239.12189155245801,0
0:04:39,,-,3.7271453852189298,57.340698234137399,3.9662701981700801,-,34.742943088170797,1.06415762956268,59.4,138.04560000000001,42.699917156789297,17.160683336580099,1115.4444168777,1014.9635590085099,0,246.949771048299,0
0:04:40,,-,3.3184007228449102,51.0523188129986,3.5243860791346702,-,34.151197961059701,1.0620736835282401,55.04,121.25312,42.992772913445997,15.278723554615199,993.11703104998799,903.65560228266702,0,219.867543134469,0
0:04:41,,-,2.6028531033007898,40.043893896935302,2.81372575846583,-,35.107628580390099,1.08101596471104,60,100.02,43.238896243421401,11.9841683811204,778.97094477282803,708.80010739032105,0,172.45744705360599,0
0:04:42,,-,4.0531852979419201,62.356696891414202,4.2761690799616696,-,31.215404848192801,1.0550144554538301,58.82,134.99189999999999,43.515561690277302,18.661850347535498,1213.02027258981,1103.74963950553,0,268.55222372397299,0
0:04:43,,-,3.90015685862301,60.002413209584802,4.1336139637094602,-,32.198704962942699,1.0598583886620601,60,134.22,43.8461509731356,17.957270215229101,1167.22256398989,1062.0774552068999,0,258.41300613306601,0
0:04:44,,-,3.8578166435208501,59.3510252849361,4.0929153036151602,-,33.982952564679501,1.0609408589931699,60,139.74,44.168619546223503,17.762325572969502,1154.5511622430199,1050.5475117870101,0,255.607667101462,0
0:04:45,,-,3.7266569914181602,57.333184483356298,3.9759568415006199,-,33.887207835551997,1.06689637674102,58.25,134.67400000000001,44.483876409372797,17.158434652804001,1115.2982524322599,1014.83056126922,0,246.917411501027,0
0:04:46,,-,3.7266569914181602,57.333184483356298,3.9759568415006199,-,33.887207835551997,1.06689637674102,58.25,134.67400000000001,44.793681479492903,17.158434652804001,1115.2982524322599,1014.83056126922,0,246.917411501027,0
0:04:47,,-,3.6924977652542701,56.807657926988803,3.9217568963277198,-,33.313366133216697,1.0620878185034399,53.09,130.65449000000001,45.1020666843716,17.0011572722259,1105.07522269468,1005.5284369416401,0,244.65412091037501,0
0:04:48,,-,3.4749595384343999,53.4609159759138,3.60480886848155,-,34.032050932391797,1.03736714877137,60,126.9,45.399989811944899,15.9995583974244,1039.9712958325899,946.28916664402504,0,230.24067314939799,0
0:04:49,,-,2.2955385871662601,35.315978264096302,2.24173555736557,-,24.473341600130102,0.97656191444505103,32.25,60.823500000000003,45.639722504695101,10.5554475687529,686.10409196893897,612.52282097793397,11.695387111873201,149.03231653964301,1.2589221864233799
0:04:50,,-,4.6851852789688104,72.079773522597094,4.6116788438352101,-,29.083161473176599,0.98431087977169995,60,144.9,45.929759541428503,21.571731884794101,1402.1625725116101,1275.8537255388401,0,310.426697211396,0
0:04:51,,-,4.1877048487644801,64.426228442530402,4.2498892986858898,-,31.148326997898302,1.01484929147759,60,139.08000000000001,46.298570831885399,19.281211058120999,1253.2787187778699,1140.3815462190601,0,277.46509640366298,0
0:04:52,,-,3.9073855312865802,60.1136235582551,4.02964840107912,-,32.286051373707501,1.0312901987309899,55.55,134.15325000000001,46.635052033213398,17.990552781295701,1169.3859307842199,1064.0459427691601,0,258.89195687813998,0
0:04:53,,-,3.9073855312865802,60.1136235582551,4.02964840107912,-,32.286051373707501,1.0312901987309899,55.55,134.15325000000001,46.959881458431298,17.990552781295701,1169.3859307842199,1064.0459427691601,0,258.89195687813998,0
0:04:54,,-,3.86200666398189,59.415487138182897,4.0259973314926096,-,32.862341016560002,1.04246255425713,54.54,134.76833999999999,47.2828246618691,17.781617445669401,1155.8051339685101,1051.6885239128901,0,255.88528562357399,0
0:04:55,,-,3.4068590823031499,52.413216650817702,3.51791291045696,-,32.961269394237803,1.03259712992847,56.6,120.4448,47.584962941218002,15.6860073437468,1019.59047734354,927.74428197191401,0,225.72853575958999,0
0:04:56,,-,3.9542319733876599,60.834338052117801,4.1249261526730896,-,34.412619420357899,1.0431674672690501,65.959999999999994,145.57372000000001,47.890934665463099,18.206245188017999,1183.40593722117,1076.8030066042199,0,261.995865353824,0
0:04:57,,-,3.9542319733876599,60.834338052117801,4.1249261526730896,-,34.412619420357899,1.0431674672690501,65.959999999999994,145.57372000000001,48.219658536913499,18.206245188017999,1183.40593722117,1076.8030066042199,0,261.995865353824,0
0:04:58,,-,3.80312883527982,58.509674388920303,3.9935590457046302,-,33.112609499786899,1.0500719851134901,55.04,133.85728,48.5421016427333,17.510529610483601,1138.1844246814401,1035.6551137853601,0,251.984212599844,0
0:04:59,,-,3.6016906043297099,55.4106246819955,3.8234332523163999,-,34.426210805265903,1.06156626771887,58.82,132.46263999999999,48.849890984628402,16.583059030203898,1077.89883696326,980.80013962301098,0,238.63750355791001,0
0:05:00,,-,3.8449721811084099,59.153418170898597,3.9534922737565101,-,33.960120866819501,1.02822389539807,63.82,139.76580000000001,49.1594195905231,17.703186545830199,1150.7071254789601,1047.04975145403,0,254.75663052409399,0
0:05:01,,-,3.6924855032700701,56.807469281077999,3.86748265146869,-,34.328394759503801,1.0473927786699899,58.82,135.22718,49.472722184753501,17.00110081507,1105.07155297955,1005.52509779979,0,244.65330846710299,0
0:05:02,,-,3.3408568692640799,51.3977979886781,3.5840128303804799,-,34.130270904158003,1.0727825137776601,44.11,120.37618999999999,49.765070679922097,15.382117111299999,999.83761223450199,909.77078372463802,0,221.35542183081199,0
0:05:03,,-,3.7539934991705701,57.753746141085699,4.0146219040217899,-,34.862740180268403,1.0694269728780299,58.82,139.34458000000001,50.059975821574,17.284298579370301,1123.4794076590699,1022.2747461162299,0,248.728648690081,0
0:05:04,,-,3.7663708187134701,57.944166441745701,4.0409108202342203,-,35.970966885910002,1.0728924513106,60,144.12,50.372567911508199,17.341286767186599,1127.1836398671301,1025.6452956912699,0,249.54873374483401,0
0:05:05,,-,3.1247539377914202,48.073137504483398,3.2643005939671998,-,31.5499562406122,1.0446584463781501,44.11,104.93769,50.659004977397402,14.387126685164301,935.16323453567804,850.922368175972,0,207.03707254889801,0
0:05:06,,-,3.92453650998943,60.377484769068097,4.1280101351236898,-,33.429027775907599,1.0518465364295499,57.14,139.42160000000001,50.952016371590801,18.069520056250699,1174.5188036562899,1068.7164389761899,0,260.02833065113998,0
0:05:07,,-,3.6890805667645901,56.755085642532201,3.8801129263028802,-,32.802428087421603,1.05178318989813,56.6,129.16120000000001,51.268484613471202,16.9854236597373,1104.05253788293,1004.59787706741,0,244.427707315671,0
0:05:08,,-,3.8921580903118298,59.879355235566699,4.1466034280985804,-,34.981436221438699,1.0653738445054699,61.22,144.96896000000001,51.583607011261101,17.920441941608399,1164.8287262045501,1059.8992578162099,0,257.88303109883498,0
0:05:09,,-,3.7656910136617401,57.933707902488301,4.0881350097326097,-,34.282738422148299,1.0856267800255099,55.55,137.09739999999999,51.901913805271001,17.338156779483501,1126.98019066643,1025.4601734909199,0,249.50369184693901,0
0:05:10,,-,3.7656910136617401,57.933707902488301,4.0881350097326097,-,34.282738422148299,1.0856267800255099,55.55,137.09739999999999,52.214963858233901,17.338156779483501,1126.98019066643,1025.4601734909199,0,249.50369184693901,0
0:05:11,,-,3.6677835304231099,56.427438929586202,3.9491040278082998,-,34.4727596247793,1.0767004091304,58.645000000000003,134.8835,52.523944280589497,16.8873669276031,1097.6788502941999,998.79834054081698,0,243.01662786881201,0
0:05:12,,-,3.6677835304231099,56.427438929586202,3.9491040278082998,-,34.4727596247793,1.0767004091304,58.645000000000003,134.8835,52.828855072337902,16.8873669276031,1097.6788502941999,998.79834054081698,0,243.01662786881201,0
0:05:13,,-,3.7275751644928601,57.347310222967103,3.91505114721279,-,33.302877748110902,1.0502943534192799,56.07,132.21306000000001,53.136251168130698,17.162662144826701,1115.5730394137299,1015.08059503914,0,246.97824696815999,0
0:05:14,,-,3.0148453783356102,46.3822365897786,3.1676932165874501,-,33.738745187706598,1.0506984004387701,54.54,109.57086,53.416507182282302,13.8810809611953,902.270262477693,820.99244295406697,0,199.75485230026001,0
0:05:15,,-,4.3880905572715303,67.509085496485099,4.576587781512,-,32.415156010008097,1.04295654836204,69.760000000000005,152.28608,53.724218234293097,20.203835569229,1313.2493119998801,1194.94990104829,0,290.74206838157897,0
0:05:16,,-,4.0310022514686903,62.015419253364399,4.1672438005150196,-,32.773417566776601,1.0337984304019401,58.82,140.57980000000001,54.074166947572202,18.559714209386001,1206.38142361009,1097.7088277123,0,267.08243983267602,0
0:05:17,,-,3.7028384913221601,56.966746020340899,3.8860272648588898,-,33.634132380300102,1.04947252600027,51.72,131.98944,54.3956324163738,17.048768488634298,1108.1699517612301,1008.34438830598,0,245.33926722773199,0
0:05:18,,-,3.2929812376240202,50.661249809600299,3.4460007517106299,-,30.778341170607099,1.04646838322013,35.5,106.4645,54.686421242212198,15.161686065768,985.50959427491898,896.73345449356498,0,218.18332226120799,0
0:05:19,,-,3.2929812376240202,50.661249809600299,3.4460007517106299,-,30.778341170607099,1.04646838322013,35.5,106.4645,54.9601739072885,15.161686065768,985.50959427491898,896.73345449356498,0,218.18332226120799,0
0:05:20,,-,3.8807997123404601,59.704610959084,3.9670487421071798,-,30.8237499656632,1.0222245506493,46.15,126.2664,55.258359884069797,17.868145208468601,1161.42943855046,1056.8061829455301,0,257.13045813759902,0
0:05:21,,-,3.6429994182302998,56.046144895850802,3.73673130381286,-,30.4602738734187,1.0257293166486701,47.24,117.76931999999999,55.571094745714397,16.773254850621701,1090.2615652904101,992.049215374455,0,241.374504957288,0
0:05:22,,-,4.0219186614437703,61.875671714519598,4.0817227566244796,-,31.945499353753199,1.0148695436717801,59.4,137.03579999999999,55.889695369357298,18.517891152900201,1203.6629249385201,1095.2352153609199,0,266.48058767905599,0
0:05:23,,-,3.9219599553678801,60.3378454671981,3.9402382403599501,-,33.201588359355398,1.00466049760836,63.15,139.30889999999999,56.219891289933599,18.057656972472099,1173.7477032106899,1068.0148003819299,0,259.85761566470399,0
0:05:24,,-,4.0316182577346504,62.024896272840799,4.0682906361833098,-,33.922160099762401,1.00909619316717,64.510000000000005,146.05063999999999,56.5504903847376,18.5625504519715,1206.56577937814,1097.8765764442201,0,267.12325460929998,0
0:05:25,,-,3.69987664621986,56.9211791726133,3.85970349718768,-,36.092881673889302,1.04319788637578,67.41,143.24625,56.871858346206601,17.0351314338272,1107.2835431987701,1007.537828718,0,245.143024018977,0
0:05:26,,-,3.8171051366476099,58.724694409963199,3.9262842066317498,-,35.073175929751599,1.02860258391521,63.15,142.9716,57.184309837408399,17.574879899297301,1142.3671934543199,1039.4610926544101,0,252.91024152175501,0
0:05:27,,-,3.6553455059729401,56.236084707276099,3.7745471978206599,-,34.579163527349401,1.03261023934754,57.69,134.70615000000001,57.494910343523799,16.8300992396378,1093.9564505764599,995.41126001183204,0,242.192520684144,0
0:05:28,,-,3.74298971195496,57.584457106999402,3.8462476982299201,-,35.778970904532201,1.0275870344888101,68.959999999999994,143.85056,57.802430161720103,17.233634468262899,1120.18624043709,1019.27823219455,0,247.999569877021,0
0:05:29,,-,3.9235817357857199,60.362795935164897,4.0378028742018302,-,34.954406263320898,1.02911144614991,64.86,146.48631,58.121099509397901,18.065124043733199,1174.23306284266,1068.45643811127,0,259.96507010006502,0
0:05:30,,-,3.8852244162641898,59.772683327141401,3.99219089532833,-,34.683347874553498,1.02753160888631,67.41,144.45963,58.445680996647802,17.8885176208769,1162.7536453570001,1058.0111032740499,0,257.42362610074201,0
0:05:31,,-,3.9586331346719201,60.902048225721799,4.1112059367984601,-,35.141498408017902,1.0385417887781101,65.930000000000007,148.60622000000001,58.771719433264799,18.226509204391501,1184.7230982854501,1078.0015158812,0,262.28747345041302,0
0:05:32,,-,3.6877199064918198,56.734152407566398,3.83776593118565,-,35.3660265169299,1.0406880209176701,65.209999999999994,139.81023999999999,59.089548380969902,16.9791588490964,1103.6453251912601,1004.22734668817,0,244.33755393872701,0
0:05:33,,-,3.8549857836086501,59.307473593979203,4.0157814531106997,-,35.299616558537899,1.0417110927323601,65.930000000000007,145.57344000000001,59.403069114243401,17.749291605817,1153.70395437811,1049.7766216406401,0,255.420102588964,0
0:05:34,,-,3.7134639678347301,57.130214889765099,3.9227339515503901,-,34.653477484806203,1.05635438650497,61.22,137.50012000000001,59.717659927316099,17.0976907653064,1111.3498997449101,1011.23788194326,0,246.04328027816601,0
0:05:35,,-,3.5579993065961801,54.738450870710402,3.7239305362407502,-,34.997612216829097,1.04663610511024,61.22,133.33716000000001,60.019906175736402,16.381893675092599,1064.8230888810201,968.90227397462797,0,235.74264573591901,0
0:05:36,,-,3.80368218554027,58.518187469850297,3.9684012520462302,-,34.652895160660798,1.04330516022925,59.4,140.3622,60.325902442112003,17.5130773695894,1138.3500290233101,1035.8058002468999,0,252.02087597248101,0
0:05:37,,-,3.81366904438292,58.671831452044898,3.9088149362407498,-,34.433218633225202,1.0249486493847599,61.22,140.13257999999999,60.642525898114201,17.559059295275901,1141.3388541929301,1038.5253876916099,0,252.68257608068299,0
0:05:38,,-,3.5509501542237398,54.630002372672898,3.74774350284622,-,34.8684421415279,1.0554199130022699,58.82,132.28618,60.948644273441801,16.349437664083599,1062.71344816543,966.98267276768502,0,235.275589481189,0
0:05:39,,-,3.6321673588335499,55.8794978282085,3.7783019384413299,-,33.479707289438501,1.04023343782669,53.57,129.31798000000001,61.247218334582598,16.7233814161353,1087.0197920487999,989.09946578853203,0,240.65680432811001,0
0:05:40,,-,3.72341105978398,57.283247073599597,3.8507052251409299,-,33.761958586246799,1.0341875133615599,55.55,133.70885000000001,61.5529609200957,17.143489594549202,1114.3268236457,1013.94664020277,0,246.70234554811901,0
0:05:41,,-,3.7851691425742802,58.233371424219698,3.9058464960047399,-,32.895444116221903,1.03188162771199,54.54,132.36858000000001,61.865063190501999,17.427838819680499,1132.80952327923,1030.76439133074,0,250.79425579823399,0
0:05:42,,-,3.7851691425742802,58.233371424219698,3.9058464960047399,-,32.895444116221903,1.03188162771199,54.54,132.36858000000001,62.179732502523997,17.427838819680499,1132.80952327923,1030.76439133074,0,250.79425579823399,0
0:05:43,,-,3.5070941931530499,53.9552952792776,3.5838926990679698,-,32.785740464137703,1.02189804484432,52.17,122.49516,62.482843328025503,16.147514158941998,1049.5884203312301,955.03996655918104,0,232.369821547246,0
0:05:44,,-,2.58679873018027,39.796903541234798,2.6903416486271299,-,36.398309192551203,1.0400274351610099,54.05,101.9383,62.7361425891011,11.9102501448259,774.16625941368295,704.42823508700701,0,171.393731164722,0
0:05:45,,-,4.76916063942768,73.371702145041198,4.6421306806028104,-,31.4640187959799,0.97336429438449201,68.959999999999994,159.9872,63.041490874626199,21.912944559488199,1424.3413963667299,1257.18317499004,38.5854658662305,305.88398418249199,4.1534408897987598
0:05:46,,-,3.8456574424076302,59.163960652425096,3.8711994424076299,-,32.081328575839002,1.0066417772208001,59.4,131.92740000000001,63.399164986288604,17.706341655423099,1150.9122076025001,1047.23635948114,0,254.802033937018,0
0:05:47,,-,3.98436876733403,61.297981035908201,4.01269081907797,-,34.479790406529602,1.00710829077272,60.6,146.10659999999999,63.724628508224903,18.3450023129062,1192.42515033891,1085.00975586659,0,263.99264133007199,0
0:05:48,,-,3.8431783115473199,59.1258201776511,3.9741032177174498,-,35.455029393403201,1.0340668310332499,60,144.9,64.049988982401302,17.6949271343227,1150.17026373097,1046.5612509943101,0,254.637773964552,0
0:05:49,,-,3.67908936515169,56.601374848487602,3.8669856718034898,-,35.322803308595901,1.05107141686515,58.25,138.34375,64.362660187506606,16.939421738880998,1101.0624130272599,1001.87710701427,0,243.765719468192,0
0:05:50,,-,2.9766596020641201,45.794763108678701,3.0366355746140199,-,31.784998168548402,1.02014875080386,34.479999999999997,99.578239999999994,64.639313603723593,13.7052643651603,890.84218373542103,810.59382219145402,0,197.22477425582801,0
0:05:51,,-,4.1216444137329002,63.409914057429198,4.1333433472269299,-,31.979614631681301,1.00283841406965,59.4,140.3622,64.934362299969607,18.9770527574684,1233.50842923544,1122.3921931567399,0,273.08812485565301,0
0:05:52,,-,3.9909315522168902,61.398946957183,4.0567563678937599,-,33.262910742295198,1.01649359674944,62.5,141.75,65.271570308618294,18.3752189697685,1194.3892330349499,1086.7969111324301,0,264.427472294994,0
0:05:53,,-,3.9456235978639098,60.701901505598599,3.94086974035995,-,32.650352169868398,0.99879515686530795,63.15,137.9196,65.601461821366101,18.166610134609201,1180.8296587496,1074.4588030500699,0,261.42549952556402,0
0:05:54,,-,4.0920127063005003,62.9540416353924,4.0083919020474301,-,33.319358903766698,0.97956487179907303,65.930000000000007,145.83716000000001,65.935455651223293,18.8296294803393,1223.9259162220601,1104.27291573876,9.3356115316020691,268.67954154227601,1.00490974505943
0:05:55,,-,3.9460709623828798,60.708784036659701,3.9952461467060099,-,34.084536563625399,1.0124618094281399,62.5,143.5,66.269468076271295,18.168669909598599,1180.96354412391,1074.58062783483,0,261.45514059241702,0
0:05:56,,-,3.8490153183596698,59.215620282456499,3.80061191623314,-,34.052563879079898,0.98742447142372902,65.930000000000007,140.56276,66.593479282207198,17.721802132528399,1151.9171386143501,1048.15076484362,0,255.02451699358201,0
0:05:57,,-,3.90658319163918,60.101279871371901,3.8748618421455299,-,34.428367041523501,0.99188002713943701,69.760000000000005,144.54272,66.915849136173705,17.9868586145287,1169.1458099443701,1063.8274523643299,0,258.83879619570001,0
0:05:58,,-,3.93523033132518,60.542005097310401,3.8838114612358798,-,34.581782651124499,0.98693370762062105,68.180000000000007,145.90520000000001,67.241802610553705,18.118757009101699,1177.71920559161,1071.6285440433501,0,260.736872030011,0
0:05:59,,-,3.9162532779323498,60.250050429728397,3.9497265311338801,-,34.493157212579398,1.0085472646496501,64.510000000000005,144.37338,67.568158032546407,18.031382042397301,1172.03983275583,1066.46077738539,0,259.47950787965698,0
0:06:00,,-,4.0053440195374002,61.620677223652301,3.9590710780273901,-,34.716808174709499,0.98844719922076596,66.66,148.65180000000001,67.897427805946094,18.441577472650302,1198.7025357222701,1090.72166523076,0,265.38240029945501,0
0:06:01,,-,3.67753989128654,56.577536789023704,3.72619272190581,-,34.525874294617402,1.0132297220580899,61.22,135.78595999999999,68.216775198823797,16.932287584564499,1100.59869299669,1001.45515955952,0,243.66305585389799,0
0:06:02,,-,3.6830131195095199,56.661740300146498,3.7271618564360298,-,34.146430088402198,1.0119871245347001,58.25,134.14975000000001,68.522724558649898,16.957487657718598,1102.2366977517099,1002.94561046023,0,244.02569597572401,0
0:06:03,,-,4.0180516241318402,61.816178832797497,4.0757925491318403,-,34.994682909376799,1.01437037907956,64.515000000000001,149.90060249999999,68.842827657539502,18.5000863731285,1202.5056142533499,1094.1821569080601,0,266.224369077387,0
0:06:04,,-,3.78045229983314,58.1608046128175,3.8642249469899301,-,35.400668858037697,1.02215942445841,63.82,143.02062000000001,69.166980921518402,17.4061213291447,1131.3978863944001,1029.4799167527401,0,250.48173157001,0
0:06:05,,-,3.5579619576469201,54.737876271490997,3.6903701345971198,-,35.683349488077702,1.0372146128953501,60,135.6,69.472010060079299,16.381721711451501,1064.8119112443501,968.89210323575298,0,235.74017110358901,0
0:06:06,,-,3.5988097290700698,55.366303524154901,3.7463951328964602,-,35.224173975087098,1.04100950451319,55.55,134.76429999999999,69.769489028406994,16.5697947802343,1077.03666071523,980.015629467282,0,238.44662517452099,0
0:06:07,,-,3.5988097290700698,55.366303524154901,3.7463951328964602,-,35.224173975087098,1.04100950451319,55.55,134.76429999999999,70.0686658786057,16.5697947802343,1077.03666071523,980.015629467282,0,238.44662517452099,0
0:06:08,,-,3.7688661248133299,57.9825557663589,3.8629008248133299,-,33.736608250126601,1.0249503953937,57.69,135.45612,70.374911307121195,17.3527757630217,1127.9304245964099,1026.32480896434,0,249.714065441445,0
0:06:09,,-,3.3822570786476001,52.034724286886203,3.4177093278249302,-,30.721230700046998,1.0104818316150901,42.55,110.0343,70.672155490123203,15.5727337387373,1012.22769301792,921.04474798324804,0,224.09847882804101,0
0:06:10,,-,3.1214410805833999,48.0221704705138,3.14020199428459,-,30.082733447734899,1.0060103372823199,50.84,101.22244000000001,70.942488749784701,14.3718734852994,934.17177654446095,850.02022216479702,0,206.81757230286999,0
0:06:11,,-,3.7206892470746902,57.2413730319183,3.6958019472046999,-,29.276097187004201,0.99331110495466601,49.58,116.06677999999999,71.226889309161606,17.1309577072258,1113.5122509696801,1013.20544541994,0,246.52200618489999,0
0:06:12,,-,4.0931710499400102,62.971862306769403,4.1595434986937398,-,31.766649478747201,1.01621541048344,56.07,138.10041000000001,71.551680877422399,18.8459544693483,1224.9870405076399,1114.6384235380899,0,271.20156290464598,0
0:06:13,,-,3.96512047939575,61.001853529165402,3.9964462938282699,-,32.987900539136398,1.0079003436579801,54.05,138.58420000000001,71.886632494655004,18.256378516423801,1186.6646035675501,1079.76812753942,0,262.71730597066198,0
0:06:14,,-,3.96512047939575,61.001853529165402,3.9964462938282699,-,32.987900539136398,1.0079003436579801,54.05,138.58420000000001,72.216261551201598,18.256378516423801,1186.6646035675501,1079.76812753942,0,262.71730597066198,0
0:06:15,,-,3.7912276817640498,58.326579719446997,3.8165515780741002,-,34.800405323747299,1.00667960313538,57.14,140.16442000000001,72.538662565230695,17.455733806801302,1134.6226974420799,1032.4142321238701,0,251.195676915783,0
0:06:16,,-,3.7868387780741002,58.259058124216899,3.89438116028807,-,34.357887310473203,1.02839898620365,57.14,138.33593999999999,72.853653107205801,17.435526227371501,1133.3092047791499,1031.2190607932901,0,250.904880971604,0
0:06:17,,-,3.9569775336204001,60.876577440313802,4.1232769238203497,-,35.515197851381501,1.0420268724770301,57.69,148.84020000000001,73.175533221335797,18.2188864147119,1184.2276169562699,1077.5506682318901,0,262.17777815861098,0
0:06:18,,-,3.6517478984128902,56.180736898659902,3.7354694929499499,-,33.957743921450501,1.0229264442305701,55.04,131.93088,73.491798136704105,16.813534979935898,1092.87977369584,994.43157175294402,0,241.954153711179,0
0:06:19,,-,3.7056508308665501,57.010012782562299,3.8484996241440901,-,34.6133394251843,1.03854890808591,55.55,136.26415,73.797616385401895,17.0617171835116,1109.0116169282501,1009.11023504875,0,245.52560463473301,0
0:06:20,,-,3.4996971041812799,53.841493910481297,3.61279714553176,-,34.092318977391002,1.0323170943037701,52.17,126.82527,74.097114478115799,16.113456163254401,1047.3746506115399,953.02561644049297,0,231.87971202931701,0
0:06:21,,-,3.7248092589098998,57.304757829383099,3.8039964494763998,-,32.162162321047298,1.0212593947937301,50.42,127.05840000000001,74.397408911646195,17.149927243194899,1114.7452708076701,1014.3273930348601,0,246.794986139869,0
0:06:22,,-,3.7902377863574199,58.311350559345001,3.82816070644837,-,33.0021378738385,1.01000541977273,53.57,132.80002999999999,74.709779983383697,17.451176087728399,1134.3264457023499,1032.14466717238,0,251.13008933634501,0
0:06:23,,-,3.7946178112124,58.378735557113899,3.7954722490473198,-,32.487516828634703,1.00022517098623,52.17,130.79019,75.025052723223595,17.471342786843699,1135.63728114484,1033.3374206487999,0,251.420296994843,0
0:06:24,,-,3.7461378484800498,57.632889976616198,3.8048837461307499,-,33.556853774349101,1.01568172342471,56.6,133.85900000000001,75.338492401370701,17.248129254063802,1121.12840151415,1020.1355220294,0,248.208156211534,0
0:06:25,,-,3.7461378484800498,57.632889976616198,3.8048837461307499,-,33.556853774349101,1.01568172342471,56.6,133.85900000000001,75.649916957346804,17.248129254063802,1121.12840151415,1020.1355220294,0,248.208156211534,0
0:06:26,,-,3.9553813956639399,60.852021471752899,3.91264791145622,-,33.149963779407003,0.98919611538483798,58.25,139.50874999999999,75.970038948042202,18.211537407575999,1183.7499314924401,1077.11601337046,0,262.07202271787298,0
0:06:27,,-,3.62453795087501,55.762122321154003,3.7036823418165699,-,33.187990201884901,1.02183571865276,43.79,126.59689,76.285106507260394,16.6882537673612,1084.73649487848,987.02185135324999,0,240.151302032421,0
0:06:28,,-,3.85805105655152,59.354631639254201,3.96496924711803,-,33.456063206009603,1.0277130056080901,50.42,136.33568,76.596128425492097,17.763404867543102,1154.6213163903001,1050.6113463465199,0,255.62319862445699,0
0:06:29,,-,3.5437811980291398,54.5197107389099,3.6561268209604001,-,34.6030025973945,1.03170218945621,49.99,129.82402999999999,76.903793601805404,16.316430047155801,1060.56795306513,965.03044699122199,0,234.80059537499301,0
0:06:30,,-,3.5437811980291398,54.5197107389099,3.6561268209604001,-,34.6030025973945,1.03170218945621,49.99,129.82402999999999,77.198395810990107,16.316430047155801,1060.56795306513,965.03044699122199,0,234.80059537499301,0
0:06:31,,-,3.2377724268068002,49.811883489335401,3.30204946306104,-,31.294107998791102,1.01985224030017,44.44,107.72256,77.480278434089499,14.907491280777601,968.98693325054603,881.69917884177596,0,214.525347650067,0
0:06:32,,-,3.9380846806974001,60.585918164575403,3.9486792280263998,-,33.830481262380196,1.00269027920627,58.82,141.69738000000001,77.778550708608194,18.131899127437801,1178.5734432834599,1072.4058307595999,0,260.925992885548,0
0:06:33,,-,4.0151252492434004,61.771157680667699,4.0832367402261296,-,34.720239431203098,1.01696372759369,64.510000000000005,148.69555,78.109134495323602,18.486612631808001,1201.62982106752,1093.3852564481199,0,266.03047602143897,0
0:06:34,,-,3.8453047236151501,59.158534209463902,3.8640228881821002,-,34.694376542042797,1.0048677974601099,61.85,142.31684999999999,78.435861782611198,17.7047176523647,1150.8066474037,1047.1403082988199,0,254.77866381966399,0
0:06:35,,-,3.3187952612682698,51.058388634896502,3.3949294612682701,-,31.478362410363601,1.0229403123743499,50.42,111.73072000000001,78.733645359591193,15.2805401054196,993.23510685227097,903.76304164468797,0,219.89368409846401,0
0:06:36,,-,3.6803602327815601,56.620926658177801,3.6743030265393299,-,31.1054034820604,0.99835418115099805,53.57,122.19316999999999,79.024572840119902,16.945273122367499,1101.44275295389,1002.2231853662799,0,243.849923446784,0
0:06:37,,-,3.8506719191695198,59.241106448761798,3.7550575255424001,-,32.057314305453197,0.97516942610687496,60.6,132.1686,79.337346423072205,17.7004160661971,1150.5270443028101,1022.07391193553,24.642097964007998,248.679783925919,2.6525401468254
0:06:38,,-,3.8563410412034602,59.328323710822403,3.7829552144603,-,32.673458766675601,0.98097008901467397,62.5,135,79.657395287579405,17.751150463835199,1153.8247801492901,1046.1399156964301,3.7209950548444102,254.535259293536,0.40053768082286401
0:06:39,,-,4.0640272796315804,62.523496609716602,3.8871720293479002,-,33.597412272384702,0.95648276005182098,68.959999999999994,146.47103999999999,79.985541719196704,18.597377346081799,1208.82952749532,1002.10956217185,97.157041086424996,243.822277900693,10.4582390835764
0:06:40,,-,3.99894438771714,61.522221349494401,3.9881545255076598,-,33.852683827214001,0.99730182239027498,62.5,144.375,80.319655164791897,18.412112012146999,1196.7872807895601,1088.97893925221,0,264.95837938009998,0
0:06:41,,-,3.9635024418929801,60.9769606445074,3.9461525457867501,-,34.484500010733299,0.99562258473141196,59.4,145.233,80.650622893248695,18.248928678453499,1186.1803640994699,1079.3275090679899,0,262.61009952992498,0
0:06:42,,-,3.8866364131783202,59.794406356589498,3.82137568904905,-,34.975615300438299,0.98320894542437898,62.5,144.9375,80.9769224190768,17.8950187978934,1163.1762218630699,1058.3956134729101,0,257.51718089365301,0
0:06:43,,-,3.91838483347775,60.282843591965403,3.9165849263061498,-,35.208008111228601,0.99954065074052401,65.930000000000007,147.45244500000001,81.301346582633698,18.041196242260298,1172.67775574692,1067.04123534423,0,259.62073852657602,0
0:06:44,,-,3.7107813622697101,57.088944034918597,3.67440466009386,-,35.568465806691997,0.99019702358491901,66.66,141.58583999999999,81.618461140489998,17.085339397205502,1110.54706081836,1010.50736391666,0,245.86553866585299,0
0:06:45,,-,3.7394670556488498,57.530262394597699,3.7940743675355901,-,34.703675167819497,1.0146029664318701,63.15,138.86685,81.928138787083299,17.2174153023531,1119.13199465295,1018.31895440631,0,247.76616895530501,0
0:06:46,,-,3.9158835971812498,60.244363033557597,3.8667400819687199,-,34.121364101879799,0.98745021040770897,65.209999999999994,143.00552999999999,82.246341730264703,18.029679942358399,1171.9291962533,1066.36010718017,0,259.45501391244898,0
0:06:47,,-,3.94451619401105,60.684864523246901,3.9343132792448499,-,35.069973907074399,0.99741339260270201,69.760000000000005,148.37952000000001,82.573067763018699,18.161511378086299,1180.4982395756099,1074.1572385980301,0,261.35212617956898,0
0:06:48,,-,4.1167898053365599,63.335227774408601,4.1133903887943903,-,34.861116740515001,0.99917425549933003,67.41,153.22292999999999,82.908144679963101,18.954700960368399,1232.05556242394,1121.0702027039099,0,272.76647267735098,0
0:06:49,,-,3.90111948908898,60.017222909061303,3.8677502694007302,-,35.245513597972199,0.99144624516588498,69.760000000000005,147.54239999999999,83.241417765854294,17.961702399887599,1167.5106559927001,1062.33959546245,0,258.47678721714101,0
0:06:50,,-,4.0531192355478201,62.355680546889502,4.0089179524742704,-,35.2145968833578,0.98909450215876205,69.760000000000005,152.77440000000001,83.572044315535805,18.661546180214799,1213.0005017139599,1103.7316496189801,0,268.54784662262301,0
0:06:51,,-,3.9995950159484899,61.532231014592199,4.0088620064150797,-,35.666711112292603,1.0023169822018601,66.66,152.25144,83.906764107173004,18.415107662676899,1196.9819980740001,1089.15611612004,0,265.00148810706497,0
0:06:52,,-,3.87467224473576,59.610342226704098,3.8972998431366901,-,35.750826457179897,1.0058398741807599,66.39,148.08289500000001,84.234066556319505,17.839932858170599,1159.5956357810901,1055.1375718008101,0,256.72447002452799,0
0:06:53,,-,4.0413533923177098,62.174667574118601,4.05470486164013,-,35.866865856259899,1.00330371240184,68.180000000000007,154.76859999999999,84.563104737618104,18.607373377978401,1209.4792695686001,1100.5276151944199,0,267.76827620302299,0
0:06:54,,-,3.9381546411884099,60.586994479821598,4.0049710411884103,-,37.049129171822102,1.01696642363943,68.180000000000007,155.72311999999999,84.8947816334978,18.132221242544201,1178.59438076537,1072.42488216265,0,260.93062826341799,0
0:06:55,,-,3.9585935865265598,60.901439792716303,3.9834452716055702,-,36.240648822421697,1.0062779076800401,65.209999999999994,152.85223999999999,85.223018528393396,18.226327115117002,1184.71126248261,1077.99074626472,0,262.28485310577099,0
0:06:56,,-,3.9279551664771,60.430079484263103,4.0023582310731296,-,36.183493440295699,1.0189419332560099,63.82,151.31721999999999,85.550831471073096,18.085260381716399,1175.54192481157,1069.6473958874799,0,260.25484084853503,0
0:06:57,,-,3.7482323903967099,57.665113698410899,3.84238170953514,-,35.712366806006003,1.0251183249415501,64.510000000000005,143.14769000000001,85.869900522744402,17.2577730341829,1121.7552472218899,1020.7059005627,0,248.34693444348,0
0:06:58,,-,3.9392868098383298,60.604412459051197,3.9495344874313001,-,35.552795914788398,1.0026014042865301,66.66,149.65170000000001,86.189440586448001,18.137434022212499,1178.93321144381,1072.7331904800201,0,261.00564245255998,0
0:06:59,,-,3.9758855147524801,61.167469457730398,4.0699914868640601,-,35.635726802063303,1.0236691855845499,65.930000000000007,151.17749000000001,86.518443298889693,18.305943355937799,1189.88631813596,1082.69962536664,0,263.43056578263798,0
0:07:00,,-,3.8953324813199499,59.928192020306902,3.9496648237136802,-,35.958696894734999,1.0139480628814801,65.209999999999994,149.46132,86.845619002049204,17.935057609430999,1165.7787446130101,1060.76369718261,0,258.09335697873797,0
0:07:01,,-,3.6204273011444998,55.698881556069203,3.7374089855792101,-,33.3598412435515,1.0323115684156201,49.58,127.9164,87.158019699480505,16.669327336797799,1083.5062768918599,985.90245319484598,0,239.87894238317401,0
0:07:02,,-,3.7386611507668999,57.5178638579523,3.7826876866183898,-,33.310988874842003,1.01177601662094,58.25,132.9265,87.463908183330005,17.213704720379798,1118.8908068246801,1018.09949312893,0,247.71277205083399,0
0:07:03,,-,3.8764125435858099,59.637116055166402,3.8244291134330402,-,33.423377554172802,0.98658980963241705,60.6,138.28919999999999,87.780436971098894,17.847945617102798,1160.1164651116801,1055.6114840666401,0,256.839777145168,0
0:07:04,,-,3.9220603914748899,60.339390638075201,3.8839391133941699,-,35.203891888079298,0.990280292938993,73.17,148.60827,88.104588946990404,18.0581194047225,1173.77776130696,1068.04215080111,0,259.86427026791,0
0:07:05,,-,3.4314863064473702,52.792097022267299,3.4821686032505399,-,32.318619424950001,1.0147697797038999,49.18,117.98282,88.410247081831798,15.799397070016701,1026.96080955108,934.45068391830705,0,227.36026372708201,0
0:07:06,,-,3.4314863064473702,52.792097022267299,3.4821686032505399,-,32.318619424950001,1.0147697797038999,49.18,117.98282,88.695513973373806,15.799397070016701,1026.96080955108,934.45068391830705,0,227.36026372708201,0
0:07:07,,-,3.4819088139756702,53.567827907317998,3.5280423829899701,-,30.4231287088325,1.0132495052222901,34.880000000000003,110.95328000000001,88.982876731065502,16.0315545512249,1042.0510458296201,948.18156973188695,0,230.701111856907,0
0:07:08,,-,3.3424514273996402,51.422329652302203,3.31126048030394,-,31.519710095521901,0.99066824222484895,45.45,111.89790000000001,89.266538657555202,15.389458844556501,1000.31482489617,910.20500837461702,0,221.46107259723101,0
0:07:09,,-,3.3424514273996402,51.422329652302203,3.31126048030394,-,31.519710095521901,0.99066824222484895,45.45,111.89790000000001,89.544403886693104,15.389458844556501,1000.31482489617,910.20500837461702,0,221.46107259723101,0
0:07:10,,-,2.3965819236747001,36.870491133457001,2.3268105585796,-,24.032426945659299,0.97088713537982196,32.43,62.265599999999999,89.782687806015701,11.005067603487101,715.32939422666095,625.76764040736896,24.951822422561602,152.254900342425,2.6858797010292399
0:07:11,,-,4.3309580845276097,66.630124377347897,4.1419786185130398,-,27.910159285964198,0.95636543639392302,46.87,127.62701,90.060954479144996,19.818317727755598,1288.19065230412,1067.4169891761601,104.014497935554,259.71216281658502,11.1963937497905
0:07:12,,-,4.3309580845276097,66.630124377347897,4.1419786185130398,-,27.910159285964198,0.95636543639392302,46.87,127.62701,90.418785215896094,19.818317727755598,1288.19065230412,1067.4169891761601,104.014497935554,259.71216281658502,11.1963937497905
0:07:13,,-,3.51260194390081,54.040029906166303,3.38376385466827,-,29.435871656204899,0.96332118148022505,37.26,108.76194,90.743052310648494,16.100498921743,1046.5324299132999,890.36561971272897,61.469871874555601,216.633970733024,6.6167784579715399
0:07:14,,-,3.51260194390081,54.040029906166303,3.38376385466827,-,29.435871656204899,0.96332118148022505,37.26,108.76194,91.033755763402198,16.100498921743,1046.5324299132999,890.36561971272897,61.469871874555601,216.633970733024,6.6167784579715399
0:07:15,,-,3.0112090195358201,46.3262926082433,3.0583149379927201,-,31.2991191871923,1.01564352329954,30.61,98.656030000000001,91.304271654819203,13.8643382813661,901.18198828879702,820.00220208932706,0,199.51391778329099,0
0:07:16,,-,2.8140743978181102,43.293452274124803,2.8642283969309301,-,30.800521857987601,1.0178225562023899,35.92,91.847440000000006,91.546405870785193,12.9566825641005,842.18436666653395,766.31917216087595,0,186.45235332381401,0
0:07:17,,-,2.8140743978181102,43.293452274124803,2.8642283969309301,-,30.800521857987601,1.0178225562023899,35.92,91.847440000000006,91.780345972636994,12.9566825641005,842.18436666653395,766.31917216087595,0,186.45235332381401,0
