t,Marker,P,V'O2,V'O2/kg,V'CO2,HF,V'E/V'O2,RER,AF,V'E,W,EU/kg,EU,EUKH,EUFett,CHO,Fett
0:00:07,,-,3.1365844770604201,38.251030208053798,2.8468601284088,-,23.251406277553698,0.90763062472236,30,77.25,0,11.243642302044,921.978668767611,618.87677153655102,218.542088997093,150.57828991157001,23.524444456091899
0:00:08,,-,2.9669320287561698,36.182097911660598,2.69672657328399,-,23.0472013976899,0.90892765562092803,30.76,72.808920000000001,0.24921736340808201,10.6388578996412,872.38634777058201,589.284013721983,203.11622009895601,143.37810552846301,21.8639634121588
0:00:09,,-,2.9669320287561698,36.182097911660598,2.69672657328399,-,23.0472013976899,0.90892765562092803,30.76,72.808920000000001,0.491546904455466,10.6388578996412,872.38634777058201,589.284013721983,203.11622009895601,143.37810552846301,21.8639634121588
0:00:10,,-,2.9918154965563901,36.485554836053502,2.7462723713617798,-,23.002594939163899,0.91792838646727004,29.26,73.032960000000003,0.73516080986634103,10.751631355947699,881.63377118771302,621.38587356407299,179.59094528887701,151.18877702288901,19.331641042936099
0:00:11,,-,2.9918154965563901,36.485554836053502,2.7462723713617798,-,23.002594939163899,0.91792838646727004,29.26,73.032960000000003,0.98005907964070504,10.751631355947699,881.63377118771302,621.38587356407299,179.59094528887701,151.18877702288901,19.331641042936099
0:00:12,,-,3.0769549907570899,37.523841350696202,2.8083752938352,-,23.641002295617501,0.91271250384595104,33.14,77.51446,1.2282821201201899,11.043562442251099,905.57212026459194,622.88220547692197,199.73766980085099,151.55284804791299,21.500287384375699
0:00:13,,-,3.0769549907570899,37.523841350696202,2.8083752938352,-,23.641002295617501,0.91271250384595104,33.14,77.51446,1.4798299313048,11.043562442251099,905.57212026459194,622.88220547692197,199.73766980085099,151.55284804791299,21.500287384375699
0:00:14,,-,3.1037898586231099,37.851095836867202,2.8891085492564201,-,23.994417596633799,0.93083252438297204,31.57,79.019710000000003,1.7330347111028399,11.189052369283701,917.50229428126499,685.03779317464796,148.78880955002501,166.67586208628899,16.016018250809999
0:00:15,,-,3.1037898586231099,37.851095836867202,2.8891085492564201,-,23.994417596633799,0.93083252438297204,31.57,79.019710000000003,1.9878964595143001,11.189052369283701,917.50229428126499,685.03779317464796,148.78880955002501,166.67586208628899,16.016018250809999
0:00:16,,-,2.95737250829055,36.065518393787201,2.7577191087015902,-,23.912185496333301,0.932489600471615,30.76,75.146680000000003,2.2367956197652199,10.665508042991901,874.57165952533205,657.66464239313302,137.17862020669301,160.015728076188,14.7662669759626
0:00:17,,-,2.95737250829055,36.065518393787201,2.7577191087015902,-,23.912185496333301,0.932489600471615,30.76,75.146680000000003,2.4797321918555899,10.665508042991901,874.57165952533205,657.66464239313302,137.17862020669301,160.015728076188,14.7662669759626
0:00:18,,-,3.0232775074407501,36.869237895618902,2.8563539632616499,-,25.122159581140799,0.94478722387598402,32.78,80.671580000000006,2.72574592491394,10.935697786521899,896.72721849479797,709.818813606768,105.40326190943399,172.705307446902,11.3458839514999
0:00:19,,-,3.0232775074407501,36.869237895618902,2.8563539632616499,-,25.122159581140799,0.94478722387598402,32.78,80.671580000000006,2.9748368189402701,10.935697786521899,896.72721849479797,709.818813606768,105.40326190943399,172.705307446902,11.3458839514999
0:00:20,,-,3.1477276955368101,38.386923116302597,2.9710749791764401,-,25.140980305319601,0.94387928898333695,32.96,83.883200000000002,3.2290260412124301,11.3833558763995,933.43518186475603,736.15534069263902,112.41962068260101,179.11322157971799,12.1011432381702
0:00:21,,-,3.1477276955368101,38.386923116302597,2.9710749791764401,-,25.140980305319601,0.94387928898333695,32.96,83.883200000000002,3.48831359173042,11.3833558763995,933.43518186475603,736.15534069263902,112.41962068260101,179.11322157971799,12.1011432381702
0:00:22,,-,2.9947967743308399,36.521911882083401,2.8245672674368101,-,25.612181987587,0.94315824420771899,32.08,81.322800000000001,3.7412809544266201,10.828412555462601,887.92982954793001,698.21165756534697,108.980846784043,169.88118188937901,11.7309845838583
0:00:23,,-,2.9947967743308399,36.521911882083401,2.8245672674368101,-,25.612181987587,0.94315824420771899,32.08,81.322800000000001,3.98792812930105,10.828412555462601,887.92982954793001,698.21165756534697,108.980846784043,169.88118188937901,11.7309845838583
0:00:24,,-,3.1046259790269199,37.861292427157601,2.9017135303377399,-,24.867981045561699,0.93464190209708198,31.41,81.728819999999999,4.2388346933065399,11.2024076986779,918.59743129158403,697.15049944003295,137.74869915776901,169.622992564485,14.827631771557501
0:00:25,,-,3.1046259790269199,37.861292427157601,2.9017135303377399,-,24.867981045561699,0.93464190209708198,31.41,81.728819999999999,4.4940006464430899,11.2024076986779,918.59743129158403,697.15049944003295,137.74869915776901,169.622992564485,14.827631771557501
0:00:26,,-,2.6263228227486102,32.028327106690398,2.5137386886414101,-,25.891066936255601,0.95713240842594705,29.85,72.296700000000001,4.7300991943524604,9.5281965079987998,781.31211365590195,649.320615721683,61.187935691174701,157.98555127048201,6.5864301066926396
0:00:27,,-,2.6263228227486102,32.028327106690398,2.5137386886414101,-,25.891066936255601,0.95713240842594705,29.85,72.296700000000001,4.9471303370346602,9.5281965079987998,781.31211365590195,649.320615721683,61.187935691174701,157.98555127048201,6.5864301066926396
0:00:28,,-,2.3338273571674701,28.461309233749599,2.2455280853948998,-,24.258491025965601,0.96216546545253601,27.39,60.559289999999997,5.1521929957617596,8.4773052338932597,695.13902917924702,588.85238009250804,43.368530599390098,143.273085180659,4.6683025403003304
0:00:29,,-,2.3338273571674701,28.461309233749599,2.2455280853948998,-,24.258491025965601,0.96216546545253601,27.39,60.559289999999997,5.3452871705337701,8.4773052338932597,695.13902917924702,588.85238009250804,43.368530599390098,143.273085180659,4.6683025403003304
0:00:30,,-,2.54214397767459,31.001755825299899,2.3961923070160802,-,23.154864758621802,0.94258717368478095,28.03,62.899320000000003,5.5465034702621603,9.1904674251843606,753.61832886511797,591.21526903211497,93.868891910078105,143.847997331415,10.104294069976101
0:00:31,,-,2.54214397767459,31.001755825299899,2.3961923070160802,-,23.154864758621802,0.94258717368478095,28.03,62.899320000000003,5.7558418949469097,9.1904674251843606,753.61832886511797,591.21526903211497,93.868891910078105,143.847997331415,10.104294069976101
0:00:32,,-,2.5708310601319102,31.351598294291598,2.3842703466040298,-,23.304152859008099,0.92743174904759795,27.52,63.873919999999998,5.9659734730659704,9.2601101657571192,759.32903359208399,558.59056725086702,131.43091762490801,135.91011368634199,14.147569173833
0:00:33,,-,2.5708310601319102,31.351598294291598,2.3842703466040298,-,23.304152859008099,0.92743174904759795,27.52,63.873919999999998,6.1768982046193202,9.2601101657571192,759.32903359208399,558.59056725086702,131.43091762490801,135.91011368634199,14.147569173833
0:00:34,,-,2.7823466865730602,33.931057153330002,2.58785822534223,-,23.140505930014498,0.930099127413064,28.03,68.421229999999994,6.3965737793494704,10.028476883718801,822.33510446494199,612.03396346124396,135.29130021103799,148.913373104925,14.563110894622
0:00:35,,-,2.7823466865730602,33.931057153330002,2.58785822534223,-,23.140505930014498,0.930099127413064,28.03,68.421229999999994,6.6250001972563899,10.028476883718801,822.33510446494199,612.03396346124396,135.29130021103799,148.913373104925,14.563110894622
0:00:36,,-,2.7823466865730602,33.931057153330002,2.58785822534223,-,23.140505930014498,0.930099127413064,28.03,68.421229999999994,6.8534266151633201,10.028476883718801,822.33510446494199,612.03396346124396,135.29130021103799,148.913373104925,14.563110894622
0:00:37,,-,2.4502215407216998,29.880750496606101,2.3751321856539001,-,24.143612737391699,0.96935405479878201,20.83,62.15672,7.0691773742471797,8.9154922065708906,731.070360938813,635.98477742955004,29.029570948638401,154.74082175901501,3.1248192625014499
0:00:38,,-,2.4502215407216998,29.880750496606101,2.3751321856539001,-,24.143612737391699,0.96935405479878201,20.83,62.15672,7.27225247450796,8.9154922065708906,731.070360938813,635.98477742955004,29.029570948638401,154.74082175901501,3.1248192625014499
0:00:39,,-,2.4502215407216998,29.880750496606101,2.3751321856539001,-,24.143612737391699,0.96935405479878201,20.83,62.15672,7.4753275747687402,8.9154922065708906,731.070360938813,635.98477742955004,29.029570948638401,154.74082175901501,3.1248192625014499
0:00:40,,-,2.4894822610207199,30.3595397685453,2.31993499345388,-,21.6603109989187,0.93189456690592298,24.69,57.478319999999997,7.6791009835066699,8.9768070972477396,736.09818197431503,552.12051829767699,116.86321350532801,134.335892529848,12.579463240616599
0:00:41,,-,3.1861287963741298,38.855229224074698,2.9237966140807199,-,23.2310884871425,0.917664288213351,32.78,78.737560000000002,7.9117304594464501,11.4491956681959,938.83404479206797,660.89515263926103,192.04340870559699,160.80174030152301,20.672056911259101
0:00:42,,-,3.1861287963741298,38.855229224074698,2.9237966140807199,-,23.2310884871425,0.917664288213351,32.78,78.737560000000002,8.1725176941109101,11.4491956681959,938.83404479206797,660.89515263926103,192.04340870559699,160.80174030152301,20.672056911259101
0:00:43,,-,3.1861287963741298,38.855229224074698,2.9237966140807199,-,23.2310884871425,0.917664288213351,32.78,78.737560000000002,8.4333049287753692,11.4491956681959,938.83404479206797,660.89515263926103,192.04340870559699,160.80174030152301,20.672056911259101
0:00:44,,-,2.8223074326319399,34.418383324779803,2.60905087215618,-,22.378809363479,0.92443893318989501,23.62,66.561160000000001,8.6793930307372307,10.1585401138209,833.00028933331396,604.712273391689,152.200865403813,147.13193999797801,16.3833009046085
0:00:45,,-,2.8223074326319399,34.418383324779803,2.60905087215618,-,22.378809363479,0.92443893318989501,23.62,66.561160000000001,8.9107819999964892,10.1585401138209,833.00028933331396,604.712273391689,152.200865403813,147.13193999797801,16.3833009046085
0:00:46,,-,3.1880513422165899,38.878674905080402,2.9173554629082501,-,23.5044144389156,0.91509048937708404,30.61,79.341120000000004,9.1568670707926092,11.4489295170586,938.81222039880197,653.01813899424405,199.84676765947199,158.885191969402,21.512030964421101
0:00:47,,-,3.1880513422165899,38.878674905080402,2.9173554629082501,-,23.5044144389156,0.91509048937708404,30.61,79.341120000000004,9.4176482431256101,11.4489295170586,938.81222039880197,653.01813899424405,199.84676765947199,158.885191969402,21.512030964421101
0:00:48,,-,2.60592192088362,31.779535620531899,2.4055755371660501,-,24.364102965322701,0.92311880793050205,29.85,67.789349999999999,9.6548287924488498,9.3766796918112707,768.88773472852404,554.87949482799695,143.75466965104201,135.007176357177,15.474130210015201
0:00:49,,-,2.60592192088362,31.779535620531899,2.4055755371660501,-,24.364102965322701,0.92311880793050205,29.85,67.789349999999999,9.8684087187623302,9.3766796918112707,768.88773472852404,554.87949482799695,143.75466965104201,135.007176357177,15.474130210015201
0:00:50,,-,2.7436924280093198,33.459663756211199,2.5189813714426701,-,23.713627422592001,0.918099035346432,28.7,69.195700000000002,10.087497289285499,9.8603655248560003,808.54997303819198,570.32411557199805,164.25810456100501,138.76499162335699,17.681173795587199
0:00:51,,-,2.7436924280093198,33.459663756211199,2.5189813714426701,-,23.713627422592001,0.918099035346432,28.7,69.195700000000002,10.312094504018299,9.8603655248560003,808.54997303819198,570.32411557199805,164.25810456100501,138.76499162335699,17.681173795587199
0:00:52,,-,2.5514367694792499,31.115082554625001,2.3572312859450202,-,23.454079174461999,0.92388387364431102,29.12,64.034880000000001,10.5289697268654,9.1823369690317609,752.95163146060395,545.246725341922,138.920211962937,132.66343682285199,14.9537364868608
0:00:53,,-,2.5514367694792499,31.115082554625001,2.3572312859450202,-,23.454079174461999,0.92388387364431102,29.12,64.034880000000001,10.7381229578267,9.1823369690317609,752.95163146060395,545.246725341922,138.920211962937,132.66343682285199,14.9537364868608
0:00:54,,-,2.5514367694792499,31.115082554625001,2.3572312859450202,-,23.454079174461999,0.92388387364431102,29.12,64.034880000000001,10.9472761887879,9.1823369690317609,752.95163146060395,545.246725341922,138.920211962937,132.66343682285199,14.9537364868608
0:00:55,,-,2.4104875944618298,29.396190176363799,2.26827109258363,-,22.9106219533687,0.94100094013968705,24.19,58.709130000000002,11.151063173063999,8.7111543332608008,714.31465532738503,556.74011900611401,92.589719164655705,135.459882969858,9.9666005559371005
0:00:56,,-,2.4104919875036499,29.396243750044501,2.2682751808291899,-,22.9105801995189,0.94100092121785295,24.19,58.709130000000002,11.3494840910087,8.7111701691982706,714.31595387425796,556.74108764612402,92.589930638625901,135.460118648692,9.9666233195506901
0:00:57,,-,2.53632552591796,30.930799096560499,2.38331970804827,-,23.344132839009699,0.93967421913860205,22.72,62.48,11.5530507117429,9.1629721391708703,751.36371541201095,582.410505504919,100.575902788764,141.70571910095401,10.8262543367884
0:00:58,,-,2.53632552591796,30.930799096560499,2.38331970804827,-,23.344132839009699,0.93967421913860205,22.72,62.48,11.761762854912901,9.1629721391708703,751.36371541201095,582.410505504919,100.575902788764,141.70571910095401,10.8262543367884
0:00:59,,-,2.8301395753751502,34.5138972606726,2.5162238847638401,-,22.826754044961401,0.88908119820567499,33.700000000000003,69.455699999999993,11.981137969366101,10.099233032331799,828.13710865120697,505.46449856762098,246.37431124313201,122.98406291182999,26.520377959432999
0:01:00,,-,2.8301395753751502,34.5138972606726,2.5162238847638401,-,22.826754044961401,0.88908119820567499,33.700000000000003,69.455699999999993,12.2111760551026,10.099233032331799,828.13710865120697,505.46449856762098,246.37431124313201,122.98406291182999,26.520377959432999
0:01:01,,-,3.1755266188598599,38.725934376339801,2.87870343447028,-,22.8726786822143,0.90652788654747596,32.6,77.327200000000005,12.455802650972799,11.380175385538401,933.17438161414896,623.02859221626704,224.53613217471499,151.58846525943201,24.1696590069661
0:01:02,,-,3.1755266188598599,38.725934376339801,2.87870343447028,-,22.8726786822143,0.90652788654747596,32.6,77.327200000000005,12.7150177569767,11.380175385538401,933.17438161414896,623.02859221626704,224.53613217471499,151.58846525943201,24.1696590069661
0:01:03,,-,3.1998946126411001,39.023105032208598,2.9078240146174199,-,23.267191271199099,0.908724932105617,34.090000000000003,79.361519999999999,12.975297440842899,11.473650514910201,940.83934222263304,634.90015226952698,219.67259111199201,154.476922693316,23.6461346729808
0:01:04,,-,3.1998946126411001,39.023105032208598,2.9078240146174199,-,23.267191271199099,0.908724932105617,34.090000000000003,79.361519999999999,13.236641702571401,11.473650514910201,940.83934222263304,634.90015226952698,219.67259111199201,154.476922693316,23.6461346729808
0:01:05,,-,2.6502468547934499,32.320083595042099,2.48479786698736,-,22.958102898962601,0.93757223501393705,26.08,64.600160000000002,13.476301675634399,9.5696641930596904,784.71246383089397,602.95142004710999,110.31250877603701,146.70350852727699,11.8743281782602
0:01:06,,-,2.6502468547934499,32.320083595042099,2.48479786698736,-,22.958102898962601,0.93757223501393705,26.08,64.600160000000002,13.694277360031901,9.5696641930596904,784.71246383089397,602.95142004710999,110.31250877603701,146.70350852727699,11.8743281782602
0:01:07,,-,3.1179016679499298,38.023191072560103,2.9581339213894098,-,24.513319578245099,0.94875792645970003,26.78,80.286439999999999,13.931832026183599,11.2887942983087,925.68113246131702,744.52158628114705,97.103411533573905,181.14880444796799,10.452466257650601
0:01:08,,-,3.1179016679499298,38.023191072560103,2.9581339213894098,-,24.513319578245099,0.94875792645970003,26.78,80.286439999999999,14.1889656740895,11.2887942983087,925.68113246131702,744.52158628114705,97.103411533573905,181.14880444796799,10.452466257650601
0:01:09,,-,2.7075784139480401,33.019248950585897,2.5656184540132601,-,25.6841093287481,0.94756940031598702,31.41,74.064779999999999,14.429147576857901,9.8003483837896201,803.62856747074898,643.29514139001401,87.339278103426693,156.51949912165799,9.4014292899275294
0:01:10,,-,2.7075784139480401,33.019248950585897,2.5656184540132601,-,25.6841093287481,0.94756940031598702,31.41,74.064779999999999,14.652377734488599,9.8003483837896201,803.62856747074898,643.29514139001401,87.339278103426693,156.51949912165799,9.4014292899275294
0:01:11,,-,2.7075784139480401,33.019248950585897,2.5656184540132601,-,25.6841093287481,0.94756940031598702,31.41,74.064779999999999,14.875607892119399,9.8003483837896201,803.62856747074898,643.29514139001401,87.339278103426693,156.51949912165799,9.4014292899275294
0:01:12,,-,2.5479284850096802,31.072298597679101,2.5457864850096801,-,26.182603001805401,0.99915931706380201,23.8,70.138599999999997,15.0931303786701,9.2991870206592804,762.53333569406095,693.84322208098797,0,168.81830220948601,0
0:01:13,,-,2.5479284850096802,31.072298597679101,2.5457864850096801,-,26.182603001805401,0.99915931706380201,23.8,70.138599999999997,15.304945194140601,9.2991870206592804,762.53333569406095,693.84322208098797,0,168.81830220948601,0
0:01:14,,-,2.3245086893737001,28.3476669435817,2.3382417348852602,-,25.096030084412199,1.0059079346850099,25.21,61.966180000000001,15.507473323767501,8.4837707026739704,695.66919761926601,633.00230296070197,0,154.01515887121701,0
0:01:15,,-,2.3245086893737001,28.3476669435817,2.3382417348852602,-,25.096030084412199,1.0059079346850099,25.21,61.966180000000001,15.7007147675506,8.4837707026739704,695.66919761926601,633.00230296070197,0,154.01515887121701,0
0:01:16,,-,2.48541773978376,30.309972436387302,2.4537957142187898,-,26.601001087950799,0.98727697760469102,30.3,70.477800000000002,15.900644570332201,9.0710412488777692,743.82538240797703,676.82050847759797,0,164.67652274394101,0
0:01:17,,-,2.48541773978376,30.309972436387302,2.4537957142187898,-,26.601001087950799,0.98727697760469102,30.3,70.477800000000002,16.107262732112201,9.0710412488777692,743.82538240797703,676.82050847759797,0,164.67652274394101,0
0:01:18,,-,2.32963194071539,28.410145618480399,2.3935508813019202,-,28.190118298186199,1.0274373558626999,30.76,70.102040000000002,16.3074054883859,8.5024690580872093,697.20246276315197,634.39744934701696,0,154.35461054671899,0
0:01:19,,-,2.32963194071539,28.410145618480399,2.3935508813019202,-,28.190118298186199,1.0274373558626999,30.76,70.102040000000002,16.501072839153501,8.5024690580872093,697.20246276315197,634.39744934701696,0,154.35461054671899,0
0:01:20,,-,1.9942264480565099,24.319834732396501,2.1219724522926802,-,28.312722486969999,1.0640579229909799,28.43,60.555900000000001,16.680798697262698,7.2783379954057397,596.82371562327103,543.06096596482598,0,132.13162188925199,0
0:01:21,,-,1.9942264480565099,24.319834732396501,2.1219724522926802,-,28.312722486969999,1.0640579229909799,28.43,60.555900000000001,16.846583062713599,7.2783379954057397,596.82371562327103,543.06096596482598,0,132.13162188925199,0
0:01:22,,-,1.9942264480565099,24.319834732396501,2.1219724522926802,-,28.312722486969999,1.0640579229909799,28.43,60.555900000000001,17.012367428164499,7.2783379954057397,596.82371562327103,543.06096596482598,0,132.13162188925199,0
0:01:23,,-,1.821780593535,22.216836506524398,1.99885101217787,-,26.575565779881,1.09719634695377,22.55,51.662050000000001,17.170983894855901,6.6489615189592897,545.21484455466202,496.10109717743302,0,120.705863060203,0
0:01:24,,-,2.0745021672052801,25.298806917137501,2.2917709554193699,-,31.3618182851299,1.10473297721679,33.33,69.859679999999997,17.332937108779099,7.5713206791718699,620.84829569209296,564.921376865973,0,137.45045665838799,0
0:01:25,,-,2.0745021672052801,25.298806917137501,2.2917709554193699,-,31.3618182851299,1.10473297721679,33.33,69.859679999999997,17.505394968693501,7.5713206791718699,620.84829569209296,564.921376865973,0,137.45045665838799,0
0:01:26,,-,1.82885325318768,22.303088453508298,2.09901638885834,-,32.274661675079003,1.14772269737868,28.57,63.139699999999998,17.667642165377199,6.6747746393944496,547.33152043034499,498.02709980700803,0,121.17447683868799,0
0:01:27,,-,1.82885325318768,22.303088453508298,2.09901638885834,-,32.274661675079003,1.14772269737868,28.57,63.139699999999998,17.819678698830099,6.6747746393944496,547.33152043034499,498.02709980700803,0,121.17447683868799,0
0:01:28,,-,1.82885325318768,22.303088453508298,2.09901638885834,-,32.274661675079003,1.14772269737868,28.57,63.139699999999998,17.9717152322829,6.6747746393944496,547.33152043034499,498.02709980700803,0,121.17447683868799,0
0:01:29,,-,1.65948920259513,20.2376732023797,1.97554057042436,-,32.285669539888801,1.19045099379676,22.38,56.800440000000002,18.116711965495199,6.0566458377807297,496.64495869801999,451.90645738741802,0,109.952909340004,0
0:01:30,,-,1.65948920259513,20.2376732023797,1.97554057042436,-,32.285669539888801,1.19045099379676,22.38,56.800440000000002,18.2546688984669,6.0566458377807297,496.64495869801999,451.90645738741802,0,109.952909340004,0
0:01:31,,-,1.65948920259513,20.2376732023797,1.97554057042436,-,32.285669539888801,1.19045099379676,22.38,56.800440000000002,18.3926258314386,6.0566458377807297,496.64495869801999,451.90645738741802,0,109.952909340004,0
0:01:32,,-,1.4577962266781599,17.778002764367798,1.7441076729899401,-,34.426450749127902,1.1964001834222,25.75,53.894750000000002,18.522199177365501,5.32052599970838,436.28313197608702,396.982111941825,0,96.589321640346697,0
0:01:33,,-,1.4577962266781599,17.778002764367798,1.7441076729899401,-,34.426450749127902,1.1964001834222,25.75,53.894750000000002,18.643388936247799,5.32052599970838,436.28313197608702,396.982111941825,0,96.589321640346697,0
0:01:34,,-,1.4577962266781599,17.778002764367798,1.7441076729899401,-,34.426450749127902,1.1964001834222,25.75,53.894750000000002,18.764578695130002,5.32052599970838,436.28313197608702,396.982111941825,0,96.589321640346697,0
0:01:35,,-,1.5297894585858001,18.655969007143899,1.9576166642052,-,36.065825718922397,1.27966410882116,17.96,57.759360000000001,18.888760930689202,5.5832800493881898,457.828964049832,416.58706407792499,0,101.35938298732999,0
0:01:36,,-,1.5297915978501799,18.655995095733999,1.9576193444329899,-,36.065775284381701,1.2796640713571901,17.96,57.759360000000001,19.015935731846099,5.58328785707186,457.82960427989201,416.58764663513,0,101.359524728742,0
0:01:37,,-,1.4493477262349099,17.674972271157401,1.7999143002514899,-,37.4425674513421,1.2418788587934499,29.85,58.5657,19.139766885252602,5.2896914664284598,433.754700247134,394.681445026022,0,96.029548668131795,0
0:01:38,,-,1.4493477262349099,17.674972271157401,1.7999143002514899,-,37.4425674513421,1.2418788587934499,29.85,58.5657,19.260254301987899,5.2896914664284598,433.754700247134,394.681445026022,0,96.029548668131795,0
0:01:39,,-,1.27384187535343,15.5346570165052,1.6499430823672701,-,37.256350979066802,1.2952495237366,24.59,50.999659999999999,19.373446627900002,4.64914690634021,381.23004631989699,346.88828843386898,0,84.401043414566701,0
0:01:40,,-,1.27384187535343,15.5346570165052,1.6499430823672701,-,37.256350979066802,1.2952495237366,24.59,50.999659999999999,19.479343862988902,4.64914690634021,381.23004631989699,346.88828843386898,0,84.401043414566701,0
0:01:41,,-,1.27384187535343,15.5346570165052,1.6499430823672701,-,37.256350979066802,1.2952495237366,24.59,50.999659999999999,19.585241098077699,4.64914690634021,381.23004631989699,346.88828843386898,0,84.401043414566701,0
0:01:42,,-,1.27384450807031,15.534689122808601,1.6499465230790999,-,37.256273979540197,1.29524954782631,24.59,50.999659999999999,19.691138442598302,4.6491565149798504,381.23083422834799,346.88900536637902,0,84.401217850700505,0
0:01:43,,-,1.27384450807031,15.534689122808601,1.6499465230790999,-,37.256273979540197,1.29524954782631,24.59,50.999659999999999,19.7970358965506,4.6491565149798504,381.23083422834799,346.88900536637902,0,84.401217850700505,0
0:01:44,,-,1.05563129194942,12.873552340846601,1.38450361956056,-,35.106954750802799,1.31154090459351,13.6,39.0184,19.893863081777202,3.8527426756487499,315.92489940319803,287.46592427727501,0,69.943047269409902,0
0:01:45,,-,1.05563129194942,12.873552340846601,1.38450361956056,-,35.106954750802799,1.31154090459351,13.6,39.0184,19.981619998278099,3.8527426756487499,315.92489940319803,287.46592427727501,0,69.943047269409902,0
0:01:46,,-,1.3381987583492601,16.3194970530398,1.6975466340241601,-,36.975000680045497,1.26853101860457,30.3,53.8431,20.081122137634701,4.8840305361461303,400.49050396398297,364.41373599789301,0,88.665142578562794,0
0:01:47,,-,1.4533359304040001,17.723608907365801,1.8555772792094201,-,41.793138619448897,1.2767710756959001,44.11,67.091309999999993,20.1971553011353,5.3042472346390301,434.94827324040102,395.76749922545298,0,96.293795431983796,0
0:01:48,,-,1.4533359304040001,17.723608907365801,1.8555772792094201,-,41.793138619448897,1.2767710756959001,44.11,67.091309999999993,20.317974265924299,5.3042472346390301,434.94827324040102,395.76749922545298,0,96.293795431983796,0
0:01:49,,-,1.4533359304040001,17.723608907365801,1.8555772792094201,-,41.793138619448897,1.2767710756959001,44.11,67.091309999999993,20.438793230713301,5.3042472346390301,434.94827324040102,395.76749922545298,0,96.293795431983796,0
0:01:50,,-,0.89496780628454997,10.9142415400555,1.2127924995166,-,40.594186455516997,1.3551241631266,19.670000000000002,39.162970000000001,20.536403019524499,3.2663683682933402,267.84220620005402,243.71459011686699,0,59.297953799724397,0
0:01:51,,-,0.89496780628454997,10.9142415400555,1.2127924995166,-,40.594186455516997,1.3551241631266,19.670000000000002,39.162970000000001,20.610803632357801,3.2663683682933402,267.84220620005402,243.71459011686699,0,59.297953799724397,0
0:01:52,,-,1.1854233024546199,14.4563817372514,1.5933887243204501,-,40.512869875728299,1.34415168068746,29.7,52.301699999999997,20.697277342549601,4.3264452095213102,354.76850718074701,322.81044328521301,0,78.542686930708697,0
0:01:53,,-,1.1854233024546199,14.4563817372514,1.5933887243204501,-,40.512869875728299,1.34415168068746,29.7,52.301699999999997,20.795824150099801,4.3264452095213102,354.76850718074701,322.81044328521301,0,78.542686930708697,0
0:01:54,,-,1.1854233024546199,14.4563817372514,1.5933887243204501,-,40.512869875728299,1.34415168068746,29.7,52.301699999999997,20.894370957650001,4.3264452095213102,354.76850718074701,322.81044328521301,0,78.542686930708697,0
0:01:55,,-,0.89958385021197895,10.9705347586827,1.2442760130249899,-,40.167506332495101,1.3831684647648901,23.71,39.548279999999998,20.981036538708299,3.2832155663325699,269.22367643926998,244.97161550463599,0,59.6037993928554,0
0:01:56,,-,0.89958385021197895,10.9705347586827,1.2442760130249899,-,40.167506332495101,1.3831684647648901,23.71,39.548279999999998,21.055820893274799,3.2832155663325699,269.22367643926998,244.97161550463599,0,59.6037993928554,0
0:01:57,,-,0.74882727782217295,9.1320399734411399,1.00583514058294,-,41.056196683183401,1.34321380960938,21.35,33.818399999999997,21.124338887590302,2.73299856868358,224.10588263205301,203.91809828378999,0,49.615109071481697,0
0:01:58,,-,0.74882499276805803,9.1320121069275402,1.0058320490391399,-,41.056321966970799,1.3432137799261299,21.35,33.818399999999997,21.186590426674002,2.73299022891042,224.10519877065499,203.91747602562199,0,49.614957670467703,0
0:01:59,,-,1.3123933274181701,16.004796675831301,1.7472071718001201,-,39.0857823857677,1.33131366587893,32.08,55.915439999999997,21.272267199139002,4.7898483289967499,392.76756297773301,357.386488785202,0,86.955350069392097,0
0:02:00,,-,1.3123933274181701,16.004796675831301,1.7472071718001201,-,39.0857823857677,1.33131366587893,32.08,55.915439999999997,21.381369299966199,4.7898483289967499,392.76756297773301,357.386488785202,0,86.955350069392097,0
0:02:01,,-,1.3123933274181701,16.004796675831301,1.7472071718001201,-,39.0857823857677,1.33131366587893,32.08,55.915439999999997,21.4904714007933,4.7898483289967499,392.76756297773301,357.386488785202,0,86.955350069392097,0
0:02:02,,-,1.3123933274181701,16.004796675831301,1.7472071718001201,-,39.0857823857677,1.33131366587893,32.08,55.915439999999997,21.599573501620501,4.7898483289967499,392.76756297773301,357.386488785202,0,86.955350069392097,0
0:02:03,,-,1.13690348946231,13.864676700759899,1.6590213143213901,-,45.711285506369997,1.4592455117769101,18.07,54.571399999999997,21.701381177219002,4.1493622113612698,340.24770133162502,309.597692778512,0,75.327905785526099,0
0:02:04,,-,1.13690348946231,13.864676700759899,1.6590213143213901,-,45.711285506369997,1.4592455117769101,18.07,54.571399999999997,21.795894427588902,4.1493622113612698,340.24770133162502,309.597692778512,0,75.327905785526099,0
0:02:05,,-,0.74533445227768902,9.0894445399718204,1.0609868527901301,-,47.261467509455798,1.4235043738389199,27.52,39.188479999999998,21.874131686728401,2.7202507862557002,223.060564472967,202.96694390712301,0,49.383684648934903,0
0:02:06,,-,0.74533445227768902,9.0894445399718204,1.0609868527901301,-,47.261467509455798,1.4235043738389199,27.52,39.188479999999998,21.936092954637601,2.7202507862557002,223.060564472967,202.96694390712301,0,49.383684648934903,0
0:02:07,,-,0.88369890539558305,10.776815919458301,1.2664470562791399,-,45.274923116590202,1.4331205442788399,25.1,43.623800000000003,22.003805490935399,3.22524020574863,264.46969687138801,240.64588134104699,0,58.551309328721899,0
0:02:08,,-,0.88369890539558305,10.776815919458301,1.2664470562791399,-,45.274923116590202,1.4331205442788399,25.1,43.623800000000003,22.0772692956219,3.22524020574863,264.46969687138801,240.64588134104699,0,58.551309328721899,0
0:02:09,,-,0.88369890539558305,10.776815919458301,1.2664470562791399,-,45.274923116590202,1.4331205442788399,25.1,43.623800000000003,22.1507331003084,3.22524020574863,264.46969687138801,240.64588134104699,0,58.551309328721899,0
0:02:10,,-,0.71215766102740496,8.6848495247244504,1.0288641742145399,-,46.275034031729398,1.44471404369959,24.09,36.424079999999996,22.217066607336399,2.59916528939153,213.131553730105,193.932352914935,0,47.185487327234902,0
0:02:11,,-,0.71215766102740496,8.6848495247244504,1.0288641742145399,-,46.275034031729398,1.44471404369959,24.09,36.424079999999996,22.276269816705899,2.59916528939153,213.131553730105,193.932352914935,0,47.185487327234902,0
0:02:12,,-,0.78832435767472098,9.6137116789600103,1.12245042524173,-,44.660170217050499,1.42384338922694,25.42,38.867179999999998,22.3386389773354,2.8771512536901001,235.926402802588,214.67380877916401,0,52.232070262570303,0
0:02:13,,-,0.78832435767472098,9.6137116789600103,1.12245042524173,-,44.660170217050499,1.42384338922694,25.42,38.867179999999998,22.404174089224998,2.8771512536901001,235.926402802588,214.67380877916401,0,52.232070262570303,0
0:02:14,,-,0.70978015908209302,8.6558555985621197,0.99959078228564502,-,44.5353108219864,1.40831040357389,26.43,35.416200000000003,22.4664444264106,2.59048810894416,212.42002493342099,193.28491966869501,0,47.027960989950103,0
0:02:15,,-,0.70978015908209302,8.6558555985621197,0.99959078228564502,-,44.5353108219864,1.40831040357389,26.43,35.416200000000003,22.525449988892099,2.59048810894416,212.42002493342099,193.28491966869501,0,47.027960989950103,0
0:02:16,,-,0.70978015908209302,8.6558555985621197,0.99959078228564502,-,44.5353108219864,1.40831040357389,26.43,35.416200000000003,22.584455551373601,2.59048810894416,212.42002493342099,193.28491966869501,0,47.027960989950103,0
0:02:17,,-,0.72738832644106499,8.8705893468422605,1.01201477705929,-,45.035064228040198,1.3912991730439599,27.14,36.666139999999999,22.644193016406899,2.65475272324769,217.68972330631101,198.07991593612101,0,48.194626748447902,0
0:02:18,,-,0.72738832644106499,8.8705893468422605,1.01201477705929,-,45.035064228040198,1.3912991730439599,27.14,36.666139999999999,22.704662383992002,2.65475272324769,217.68972330631101,198.07991593612101,0,48.194626748447902,0
0:02:19,,-,0.67676523259473798,8.2532345438382695,0.960292334354935,-,42.7372722577784,1.4189445439937101,22.3,32.134300000000003,22.763027547839599,2.46999337069483,202.53945639697599,184.29440713840799,0,44.840488354843799,0
0:02:20,,-,0.67676523259473798,8.2532345438382695,0.960292334354935,-,42.7372722577784,1.4189445439937101,22.3,32.134300000000003,22.819288507949899,2.46999337069483,202.53945639697599,184.29440713840799,0,44.840488354843799,0
0:02:21,,-,0.70893239134632502,8.6455169676381107,0.98753742384176402,-,44.263882399852598,1.3929923867159499,27.77,35.378979999999999,22.876886530861398,2.58739400690347,212.16630856608501,193.05405844130101,0,46.971790375012397,0
0:02:22,,-,0.70893239134632502,8.6455169676381107,0.98753742384176402,-,44.263882399852598,1.3929923867159499,27.77,35.378979999999999,22.935821616574199,2.58739400690347,212.16630856608501,193.05405844130101,0,46.971790375012397,0
0:02:23,,-,0.70893239134632502,8.6455169676381107,0.98753742384176402,-,44.263882399852598,1.3929923867159499,27.77,35.378979999999999,22.994756702286999,2.58739400690347,212.16630856608501,193.05405844130101,0,46.971790375012397,0
0:02:24,,-,0.60876648159495705,7.4239814828653303,0.83984951938339203,-,42.959231151297701,1.37959224887514,26.31,29.94078,23.049528283448002,2.2218179974697101,182.18907579251601,165.77721846190099,0,40.3350896500977,0
0:02:25,,-,0.60876648159495705,7.4239814828653303,0.83984951938339203,-,42.959231151297701,1.37959224887514,26.31,29.94078,23.100136360057,2.2218179974697101,182.18907579251601,165.77721846190099,0,40.3350896500977,0
0:02:26,,-,0.44632038580678701,5.4429315342291096,0.60399361140028995,-,43.515377333464997,1.3532736361761399,26.9,23.295400000000001,23.143992188711302,1.6289376892516401,133.57289051863501,121.540449973592,0,29.571885638343701,0
0:02:27,,-,0.44632038580678701,5.4429315342291096,0.60399361140028995,-,43.515377333464997,1.3532736361761399,26.9,23.295400000000001,23.181095769410899,1.6289376892516401,133.57289051863501,121.540449973592,0,29.571885638343701,0
0:02:28,,-,0.62101121149431004,7.5733074572476804,0.83270617979805694,-,39.701183398403003,1.3408875144047001,27.64,28.63504,23.225460563528699,2.26650764791377,185.85362712892899,169.11166167601101,0,41.146389702192501,0
0:02:29,,-,0.62101121149431004,7.5733074572476804,0.83270617979805694,-,39.701183398403003,1.3408875144047001,27.64,28.63504,23.277086571064501,2.26650764791377,185.85362712892899,169.11166167601101,0,41.146389702192501,0
0:02:30,,-,0.62101121149431004,7.5733074572476804,0.83270617979805694,-,39.701183398403003,1.3408875144047001,27.64,28.63504,23.3287125786003,2.26650764791377,185.85362712892899,169.11166167601101,0,41.146389702192501,0
0:02:31,,-,0.67214547947038505,8.1968960911022499,0.89617997873660604,-,38.983748013371098,1.3333125135986199,23.25,29.550750000000001,23.38246403738,2.4531326351814999,201.15687608488301,183.036371674745,0,44.534397001154503,0
0:02:32,,-,0.67214312550775002,8.1968673842408606,0.89617676589571305,-,38.983884541266299,1.33331240309677,23.25,29.550750000000001,23.4383408495585,2.4531240439125899,201.15617160083201,183.035730651644,0,44.5342410344632,0
0:02:33,,-,0.85555122687556895,10.433551547263001,1.14817236726353,-,38.725033591493599,1.34202644002581,23.25,36.47925,23.5018411203176,3.1225094861483802,256.04577786416797,232.980801228584,0,56.686326332988699,0
0:02:34,,-,0.85555122687556895,10.433551547263001,1.14817236726353,-,38.725033591493599,1.34202644002581,23.25,36.47925,23.572964947502101,3.1225094861483802,256.04577786416797,232.980801228584,0,56.686326332988699,0
0:02:35,,-,0.85555122687556895,10.433551547263001,1.14817236726353,-,38.725033591493599,1.34202644002581,23.25,36.47925,23.644088774686601,3.1225094861483802,256.04577786416797,232.980801228584,0,56.686326332988699,0
0:02:36,,-,0.424089029529022,5.1718174332807596,0.57898274612686196,-,42.227548352024698,1.3652386782319199,22.64,21.168399999999998,23.697278408220999,1.54779979979905,126.919583583522,115.486482618643,0,28.098900880448401,0
0:02:37,,-,0.424089029529022,5.1718174332807596,0.57898274612686196,-,42.227548352024698,1.3652386782319199,22.64,21.168399999999998,23.732533848105302,1.54779979979905,126.919583583522,115.486482618643,0,28.098900880448401,0
0:02:38,,-,0.64857846250002305,7.9094934451222398,0.85211213185381696,-,37.657972646600399,1.3138150295174,25.31,28.06879,23.7771204344679,2.3671199783837098,194.10383822746499,176.61868174123401,0,42.972915265506998,0
0:02:39,,-,0.64857846250002305,7.9094934451222398,0.85211213185381696,-,37.657972646600399,1.3138150295174,25.31,28.06879,23.8310381673089,2.3671199783837098,194.10383822746499,176.61868174123401,0,42.972915265506998,0
0:02:40,,-,0.64857846250002305,7.9094934451222398,0.85211213185381696,-,37.657972646600399,1.3138150295174,25.31,28.06879,23.884955900149802,2.3671199783837098,194.10383822746499,176.61868174123401,0,42.972915265506998,0
0:02:41,,-,0.83238750605808798,10.151067147049901,1.10668867474412,-,38.197485868776603,1.3295354227324101,23.71,35.209350000000001,23.9465138550127,3.03796874128706,249.11343678553899,226.67293553221799,0,55.151565822924098,0
0:02:42,,-,0.83238750605808798,10.151067147049901,1.10668867474412,-,38.197485868776603,1.3295354227324101,23.71,35.209350000000001,24.0157120318976,3.03796874128706,249.11343678553899,226.67293553221799,0,55.151565822924098,0
0:02:43,,-,0.83238750605808798,10.151067147049901,1.10668867474412,-,38.197485868776603,1.3295354227324101,23.71,35.209350000000001,24.0849102087825,3.03796874128706,249.11343678553899,226.67293553221799,0,55.151565822924098,0
0:02:44,,-,0.75292690050542299,9.18203537201736,0.99913579459592705,-,40.314803441906498,1.32700238751628,21.05,33.385300000000001,24.150805519515199,2.7479609815887902,225.33280049028099,205.03449359417499,0,49.886738100772497,0
0:02:45,,-,0.75292690050542299,9.18203537201736,0.99913579459592705,-,40.314803441906498,1.32700238751628,21.05,33.385300000000001,24.213397964095901,2.7479609815887902,225.33280049028099,205.03449359417499,0,49.886738100772497,0
0:02:46,,-,0.75292690050542299,9.18203537201736,0.99913579459592705,-,40.314803441906498,1.32700238751628,21.05,33.385300000000001,24.275990408676499,2.7479609815887902,225.33280049028099,205.03449359417499,0,49.886738100772497,0
0:02:47,,-,0.80543069315473004,9.8223255262772007,1.0824387701971401,-,39.439458006720798,1.3439254046272,20.83,34.765270000000001,24.3407652302777,2.9395843297370301,241.04591503843699,219.33214789553901,0,53.365486105970703,0
0:02:48,,-,0.80543069315473004,9.8223255262772007,1.0824387701971401,-,39.439458006720798,1.3439254046272,20.83,34.765270000000001,24.4077224288995,2.9395843297370301,241.04591503843699,219.33214789553901,0,53.365486105970703,0
0:02:49,,-,0.88192244518028196,10.755151770491199,1.18976873673011,-,41.819765673908698,1.34906276989798,24.09,40.350749999999998,24.477859090060299,3.2187566502351799,263.93804531928498,240.16212173518099,0,58.433606261601199,0
0:02:50,,-,0.88192244518028196,10.755151770491199,1.18976873673011,-,41.819765673908698,1.34906276989798,24.09,40.350749999999998,24.5511752137601,3.2187566502351799,263.93804531928498,240.16212173518099,0,58.433606261601199,0
0:02:51,,-,0.88192244518028196,10.755151770491199,1.18976873673011,-,41.819765673908698,1.34906276989798,24.09,40.350749999999998,24.624491337459901,3.2187566502351799,263.93804531928498,240.16212173518099,0,58.433606261601199,0
0:02:52,,-,0.76869437812350405,9.3743216844329709,1.0746867005388001,-,42.623857975888299,1.3980675950333701,17.54,35.290480000000002,24.6931010138888,2.80550762156602,230.05162496841399,209.32823948970699,0,50.931445131315499,0
0:02:53,,-,0.76869437812350405,9.3743216844329709,1.0746867005388001,-,42.623857975888299,1.3980675950333701,17.54,35.290480000000002,24.757004243046602,2.80550762156602,230.05162496841399,209.32823948970699,0,50.931445131315499,0
0:02:54,,-,0.76869437812350405,9.3743216844329709,1.0746867005388001,-,42.623857975888299,1.3980675950333701,17.54,35.290480000000002,24.8209074722045,2.80550762156602,230.05162496841399,209.32823948970699,0,50.931445131315499,0
0:02:55,,-,0.67431806480776102,8.2233910342409899,0.92327960850212099,-,45.512646926861301,1.36920491484287,23.25,34.037999999999997,24.880887847658499,2.4610619304852999,201.80707829979499,183.62800272702901,0,44.678346162294197,0
0:02:56,,-,0.67431806480776102,8.2233910342409899,0.92327960850212099,-,45.512646926861301,1.36920491484287,23.25,34.037999999999997,24.936945369408399,2.4610619304852999,201.80707829979499,183.62800272702901,0,44.678346162294197,0
0:02:57,,-,1.09652972731239,13.372313747712001,1.47163242921919,-,41.230956967133899,1.34208165320442,30.61,49.618810000000003,25.010552576306299,4.00200989469751,328.16481136519599,298.60324714063597,0,72.652858185069604,0
0:02:58,,-,1.09652972731239,13.372313747712001,1.47163242921919,-,41.230956967133899,1.34208165320442,30.61,49.618810000000003,25.101709468352201,4.00200989469751,328.16481136519599,298.60324714063597,0,72.652858185069604,0
0:02:59,,-,0.94852037544483603,11.567321651766299,1.3038225277229201,-,41.9018410451758,1.37458568258109,29.55,43.999949999999998,25.186714191344301,3.4618194411896801,283.86919417755399,258.29784367186102,0,62.8461906744188,0
0:03:00,,-,0.94852037544483603,11.567321651766299,1.3038225277229201,-,41.9018410451758,1.37458568258109,29.55,43.999949999999998,25.265566745282499,3.4618194411896801,283.86919417755399,258.29784367186102,0,62.8461906744188,0
0:03:01,,-,0.90310430782284701,11.013467168571299,1.31636622473569,-,47.873927325436902,1.4576015343223401,25.21,46.865389999999998,25.3425315311692,3.2960641976479099,270.27726420712901,245.93029455167101,0,59.837054635443103,0
0:03:02,,-,0.90310430782284701,11.013467168571299,1.31636622473569,-,47.873927325436902,1.4576015343223401,25.21,46.865389999999998,25.417608549004498,3.2960641976479099,270.27726420712901,245.93029455167101,0,59.837054635443103,0
0:03:03,,-,1.5435186520962501,18.823398196295798,2.1707521503513498,-,40.108857716699198,1.4063659984952199,31.57,66.454849999999993,25.5193050828418,5.6333875539149698,461.93777942102798,420.32575137543398,0,102.26903926409599,0
0:03:04,,-,1.5435186520962501,18.823398196295798,2.1707521503513498,-,40.108857716699198,1.4063659984952199,31.57,66.454849999999993,25.647621132681,5.6333875539149698,461.93777942102798,420.32575137543398,0,102.26903926409599,0
0:03:05,,-,1.35661256018156,16.5440556119703,1.93371926444928,-,46.493185933321001,1.42540274298395,41.66,69.072280000000006,25.768168228328101,4.9512354785169004,406.00130923838498,369.42811990593901,0,89.885187325045905,0
0:03:06,,-,1.57444184847258,19.200510347226501,2.3152917237228201,-,47.873473430043198,1.4705476267472,42.25,81.457999999999998,25.890000680132701,5.7462480945744998,471.19234375510899,428.746651073767,0,104.317919969286,0
0:03:07,,-,1.57444184847258,19.200510347226501,2.3152917237228201,-,47.873473430043198,1.4705476267472,42.25,81.457999999999998,26.020887442286899,5.7462480945744998,471.19234375510899,428.746651073767,0,104.317919969286,0
0:03:08,,-,1.21007248315642,14.7569815019075,1.73608128283597,-,44.661787415435398,1.4346919767214901,45.8,60.639200000000002,26.136628797038298,4.4164074445685797,362.14541045462403,329.522824366713,0,80.175869675599301,0
0:03:09,,-,1.4033329541245201,17.113816513713701,2.0975962980298499,-,46.597138482217602,1.4947246067761899,37.26,70.756739999999994,26.245257825228101,5.1217511281948802,419.98359251198002,382.15085873514698,0,92.980744217797195,0
0:03:10,,-,1.64950904314181,20.115963940753801,2.4863804341768101,-,49.581074041416301,1.5073457429739301,45.11,88.280270000000002,26.37215251009,6.0202212011402496,493.65813849350099,449.18869429763203,0,109.29165311377901,0
0:03:11,,-,1.64950904314181,20.115963940753801,2.4863804341768101,-,49.581074041416301,1.5073457429739301,45.11,88.280270000000002,26.509279770782602,6.0202212011402496,493.65813849350099,449.18869429763203,0,109.29165311377901,0
0:03:12,,-,1.63171957800225,19.899019243929899,2.45446597475578,-,48.522773807087802,1.5042204603323099,35.08,84.227080000000001,26.645667593084799,5.9552949034425096,488.33418208228602,444.34432763500803,0,108.112975093676,0
0:03:13,,-,1.63171957800225,19.899019243929899,2.45446597475578,-,48.522773807087802,1.5042204603323099,35.08,84.227080000000001,26.781315976996598,5.9552949034425096,488.33418208228602,444.34432763500803,0,108.112975093676,0
0:03:14,,-,1.58360094658251,19.3122066656403,2.3485795644763798,-,48.690044146789504,1.4830627435180199,33.700000000000003,81.958399999999997,26.914964257864799,5.7796760996248402,473.93344016923697,431.24082553013,0,104.924775068158,0
0:03:15,,-,1.58360094658251,19.3122066656403,2.3485795644763798,-,48.690044146789504,1.4830627435180199,33.700000000000003,81.958399999999997,27.0466124356896,5.7796760996248402,473.93344016923697,431.24082553013,0,104.924775068158,0
0:03:16,,-,1.6447642371567499,20.0581004531311,2.2741012554605802,-,45.886837940048899,1.3826305339613501,33.89,80.353189999999998,27.180802931947401,6.00290405959118,492.23813288647699,447.89660486411998,0,108.977276122657,0
0:03:17,,-,1.6447642371567499,20.0581004531311,2.2741012554605802,-,45.886837940048899,1.3826305339613501,33.89,80.353189999999998,27.317535746638001,6.00290405959118,492.23813288647699,447.89660486411998,0,108.977276122657,0
0:03:18,,-,1.93911413119999,23.647733307317001,2.34412132246714,-,37.454793831580503,1.2088619667871301,32.08,77.248639999999995,27.466503533553698,7.0771943037339398,580.32993290618299,528.05296722033597,0,128.48004068621299,0
0:03:19,,-,1.93911413119999,23.647733307317001,2.34412132246714,-,37.454793831580503,1.2088619667871301,32.08,77.248639999999995,27.627706292694299,7.0771943037339398,580.32993290618299,528.05296722033597,0,128.48004068621299,0
0:03:20,,-,2.27358082352263,27.7265954088125,2.5042984253320602,-,30.244295381353801,1.1014776336176,29.55,73.018050000000002,27.802811522240201,8.2978990222486892,680.42771982439297,619.13379968688105,0,150.640827174424,0
0:03:21,,-,2.71321171014351,33.087947684676998,2.8118843804527698,-,29.656616805529001,1.03636747915408,36.36,85.700519999999997,28.0100929562606,9.90242201368984,811.99860512256703,738.85258798646601,0,179.769486128094,0
0:03:22,,-,2.71321171014351,33.087947684676998,2.8118843804527698,-,29.656616805529001,1.03636747915408,36.36,85.700519999999997,28.235648124350199,9.90242201368984,811.99860512256703,738.85258798646601,0,179.769486128094,0
0:03:23,,-,2.89961021267874,35.361100154618804,2.9010391780339302,-,27.712459298370799,1.0004928129129,35.29,85.437089999999998,28.468951148129399,10.5827215376537,867.78316608760201,789.61199444195302,0,192.11970667687399,0
0:03:24,,-,2.8996360326453798,35.361415032260702,2.9010648091891098,-,27.7122125312709,1.00049274340905,35.29,85.437089999999998,28.710003100833099,10.5828157729119,867.79089337877201,789.61902564747902,0,192.12141743247699,0
0:03:25,,-,3.1219650183792398,38.072744126576097,3.02978097964235,-,26.241389483131101,0.97047243060245902,33.700000000000003,86.777500000000003,28.9599390847638,11.3627828161311,931.74819092274697,813.86544794298698,33.717063656270497,198.02079025376801,3.62939328915721
0:03:26,,-,3.2854354653431002,40.066286162720701,3.0980579044588499,-,25.597672176835001,0.94296720697733305,35.5,89.211500000000001,29.224634186160799,11.8787382821354,974.05653913510002,765.33859611446496,120.145231223357,186.21377034415201,12.932748247939401
0:03:27,,-,3.2854354653431002,40.066286162720701,3.0980579044588499,-,25.597672176835001,0.94296720697733305,35.5,89.211500000000001,29.495205447031601,11.8787382821354,974.05653913510002,765.33859611446496,120.145231223357,186.21377034415201,12.932748247939401
0:03:28,,-,3.3608786035165799,40.986324433128999,3.1943122072603898,-,25.1930372942976,0.95043962728022802,31.57,89.216819999999998,29.769133351367699,12.173467952249201,998.22437208443603,808.24236734114197,99.3754062953697,196.65264412193201,10.6970297411593
0:03:29,,-,3.3608786035165799,40.986324433128999,3.1943122072603898,-,25.1930372942976,0.95043962728022802,31.57,89.216819999999998,30.046417899168901,12.173467952249201,998.22437208443603,808.24236734114197,99.3754062953697,196.65264412193201,10.6970297411593
0:03:30,,-,3.36313805764286,41.013878751742098,3.1719950295057102,-,24.821954546376499,0.94316527455577703,33.14,88.251819999999995,30.3235520263433,12.1602602874545,997.14134357127205,784.11117394853602,122.362658099131,190.78130753005701,13.171437900875301
0:03:31,,-,3.36313805764286,41.013878751742098,3.1719950295057102,-,24.821954546376499,0.94316527455577703,33.14,88.251819999999995,30.600535732890901,12.1602602874545,997.14134357127205,784.11117394853602,122.362658099131,190.78130753005701,13.171437900875301
0:03:32,,-,3.2030349705028298,39.061402079302802,3.0695504769012301,-,23.7383109145585,0.95832562090926998,27.39,79.978800000000007,30.871410065604501,11.6238274630111,953.15385196690704,795.75910848162505,71.0434831085024,193.61535486170899,7.6473071160928399
0:03:33,,-,3.2030349705028298,39.061402079302802,3.0695504769012301,-,23.7383109145585,0.95832562090926998,27.39,79.978800000000007,31.136175024484199,11.6238274630111,953.15385196690704,795.75910848162505,71.0434831085024,193.61535486170899,7.6473071160928399
0:03:34,,-,4.1961649031296,51.172742721092703,3.95611369951266,-,25.1501460110136,0.94279271450035296,47.24,112.33672,31.441337296624202,15.1709086273253,1244.0145074406801,976.75354047958604,154.13571810464001,237.65292955707699,16.591573531177598
0:03:35,,-,4.1492742890145298,50.600905963591899,3.8913518295801399,-,24.440150960491199,0.93783913969793298,44.11,107.76073,31.7847614497854,14.9834072600026,1228.63939532021,945.10858383897505,171.669696068837,229.95342672481101,18.4789769718877
0:03:36,,-,4.1492742890145298,50.600905963591899,3.8913518295801399,-,24.440150960491199,0.93783913969793298,44.11,107.76073,32.1260501707077,14.9834072600026,1228.63939532021,945.10858383897505,171.669696068837,229.95342672481101,18.4789769718877
0:03:37,,-,3.70208451791409,45.147372169684097,3.5380791871342501,-,24.888005542324599,0.955699193255519,37.5,97.537499999999994,32.449606063645,13.4263784613202,1100.96303382826,909.93584356846804,91.221953324442495,221.39558237675601,9.8193706484868102
0:03:38,,-,4.1670612484614802,50.817820103188801,3.9825846995133398,-,23.935246940952599,0.955729820622087,40.81,105.61628,32.774635877991898,15.112824749633999,1239.2516294699899,1024.3512568461899,102.55973501427999,249.233882444328,11.039799248038801
0:03:39,,-,4.1670612484614802,50.817820103188801,3.9825846995133398,-,23.935246940952599,0.955729820622087,40.81,105.61628,33.1188724417336,15.112824749633999,1239.2516294699899,1024.3512568461899,102.55973501427999,249.233882444328,11.039799248038801
0:03:40,,-,4.0136115051673098,48.946481770333001,3.8565511657373199,-,24.1398326358349,0.96086807623812598,39.21,102.53415,33.456976214544703,14.574335789873,1195.0955347695899,1007.42999091962,79.461788559866505,245.11678611182899,8.5534756253892894
0:03:41,,-,4.2761342658624297,52.147978851980902,4.11561392011546,-,24.428664654881199,0.96246134106956305,42.55,110.58745,33.799871840681703,15.533572846547001,1273.75297341686,1080.19555707122,78.276257445395402,262.82130342365502,8.42586194245375
0:03:42,,-,4.2761342658624297,52.147978851980902,4.11561392011546,-,24.428664654881199,0.96246134106956305,42.55,110.58745,34.153692111075202,15.533572846547001,1273.75297341686,1080.19555707122,78.276257445395402,262.82130342365502,8.42586194245375
0:03:43,,-,3.8097080262273399,46.459853978382199,3.71786669876386,-,24.413944417705299,0.97589281728909105,35.5,98.122,34.488725191176897,13.8839658940869,1138.4852033151301,1013.98052642149,21.797996272971002,246.710590370191,2.3463935708257302
0:03:44,,-,4.1848521990818899,51.034782915632803,4.0233199016930801,-,23.907482329232501,0.961400716272787,38.96,105.65952,34.819937593621702,15.1980987108213,1246.24409428735,1052.6601260131899,80.763700868667996,256.12168516136097,8.6936168857554392
0:03:45,,-,4.1848521990818899,51.034782915632803,4.0233199016930801,-,23.907482329232501,0.961400716272787,38.96,105.65952,35.166116508701499,15.1980987108213,1246.24409428735,1052.6601260131899,80.763700868667996,256.12168516136097,8.6936168857554392
0:03:46,,-,4.5253263820853,55.186907098601203,4.4200407732016496,-,23.838488297122499,0.976734140259927,40.54,113.71469999999999,35.527068755315199,16.495269284529801,1352.6120813314501,1208.2873011358799,22.325601195646701,293.98717789194302,2.4031863504463602
0:03:47,,-,4.13850650857185,50.469591567949401,4.07077423089122,-,24.341172302460102,0.98363364234408202,38.700000000000003,106.30889999999999,35.886953050799903,15.104327392171299,1238.5548461580499,1126.9840214921601,0,274.20535802728898,0
0:03:48,,-,4.13850650857185,50.469591567949401,4.07077423089122,-,24.341172302460102,0.98363364234408202,38.700000000000003,106.30889999999999,36.230996063621603,15.104327392171299,1238.5548461580499,1126.9840214921601,0,274.20535802728898,0
0:03:49,,-,4.5706388593199101,55.7394982843891,4.6066039450274801,-,25.097027687080999,1.0078687218164799,42.85,120.87985,36.593001125745502,16.681482940659201,1367.88160113405,1244.66083399788,0,302.83718588756102,0
0:03:50,,-,4.3145601226458599,52.616586861534799,4.3505688527183004,-,25.2429904565128,1.00834586355245,45.8,115.5076,36.962324047063099,15.7468711262553,1291.2434323529401,1174.9263430945,0,285.87015647068199,0
0:03:51,,-,4.4747477096625099,54.570094020274503,4.5536020908599903,-,24.949183114598402,1.01762208426348,39.729999999999997,117.36242,37.3276611488632,16.3315085439929,1339.18370060742,1218.54808215308,0,296.48371828542201,0
0:03:52,,-,4.4747477096625099,54.570094020274503,4.5536020908599903,-,24.949183114598402,1.01762208426348,39.729999999999997,117.36242,37.6996566212541,16.3315085439929,1339.18370060742,1218.54808215308,0,296.48371828542201,0
0:03:53,,-,4.44741961095606,54.236824523854402,4.5110367071861104,-,25.4597069548063,1.01430427119432,42.25,119.31399999999999,38.070516171616902,16.2317690488361,1331.0050620045599,1211.1061872288799,0,294.67303825520099,0
0:03:54,,-,4.5813224749987196,55.869786280472098,4.7217761392786404,-,24.202786554559498,1.0306578864610401,40.81,116.75740999999999,38.4458056175569,16.720474984917299,1371.0789487632201,1247.5701598952401,0,303.54505106940002,0
0:03:55,,-,4.5813224749987196,55.869786280472098,4.7217761392786404,-,24.202786554559498,1.0306578864610401,40.81,116.75740999999999,38.8266608811022,16.720474984917299,1371.0789487632201,1247.5701598952401,0,303.54505106940002,0
0:03:56,,-,4.3971804764745803,53.624152152129,4.4936072629885002,-,25.215135151535499,1.0219292310219701,38.700000000000003,116.4483,39.1998620829917,16.048411034650101,1315.96970484131,1197.4252369399401,0,291.34433988806302,0
0:03:57,,-,4.0503645117301001,49.394689167440198,4.1958025035585598,-,24.241981114450098,1.0359073834977699,40.81,104.0655,39.5509934419335,14.782635116337,1212.1760795396301,1102.981492595,0,268.36532666545003,0
0:03:58,,-,4.0503645117301001,49.394689167440198,4.1958025035585598,-,24.241981114450098,1.0359073834977699,40.81,104.0655,39.887709019583397,14.782635116337,1212.1760795396301,1102.981492595,0,268.36532666545003,0
0:03:59,,-,4.7518205788793697,57.949031449748396,4.8893831203809199,-,24.717894552260098,1.02894943931868,42.25,123.539,40.253581378575099,17.342742746348598,1422.1049052005901,1293.99962385046,0,314.84175762784997,0
0:04:00,,-,4.4576668194990097,54.361790481695301,4.5744212076704596,-,25.6783323283153,1.02619181578595,44.11,120.81729,40.636383699233399,16.269168335841702,1334.07180353902,1213.8966722187899,0,295.35198837439998,0
0:04:01,,-,4.4576668194990097,54.361790481695301,4.5744212076704596,-,25.6783323283153,1.02619181578595,44.11,120.81729,41.0069592002165,16.269168335841702,1334.07180353902,1213.8966722187899,0,295.35198837439998,0
0:04:02,,-,4.81921557292209,58.770921621001101,5.0378149403098904,-,25.600815762054001,1.0453599479168501,45.11,129.87169,41.3925628668134,17.588714584862402,1442.2745959587201,1312.3523994852001,0,319.30715315941501,0
0:04:03,,-,4.5200265048632096,55.122274449551298,4.7056074000225596,-,25.881611506953,1.0410574794107199,37.97,122.45325,41.780758581288801,16.496762783708999,1352.7345482641399,1230.8782497142299,0,299.48375905455799,0
0:04:04,,-,4.5200204910889097,55.1222011108404,4.7056011785185801,-,25.8816459417902,1.04105748807899,37.97,122.45325,42.156517928059699,16.496740835207699,1352.73274848703,1230.8766120636601,0,299.48336059943102,0
0:04:05,,-,4.1022418254600996,50.027339334879201,4.3265042332222299,-,24.7297829616912,1.0546682563593099,38.21,106.94978999999999,42.514911602031297,14.9719720013175,1227.7017041080301,1117.1085462870899,0,271.80256600659101,0
0:04:06,,-,4.6679216889656496,56.9258742556786,4.9468005138954103,-,26.689419467875901,1.05974368113094,48.78,131.60844,42.8794529495189,17.036536558567601,1396.9959978025499,1271.1525634053801,0,309.282862142429,0
0:04:07,,-,4.7346266661149601,57.739349586767801,4.9850216741928701,-,26.018456931702001,1.0528859033110101,44.44,129.58704,43.270280057991798,17.279990039059602,1416.95918320289,1289.3174359857601,0,313.70253916928499,0
0:04:08,,-,4.7346266661149601,57.739349586767801,4.9850216741928701,-,26.018456931702001,1.0528859033110101,44.44,129.58704,43.663879831103799,17.279990039059602,1416.95918320289,1289.3174359857601,0,313.70253916928499,0
0:04:09,,-,4.9137163772176597,59.9233704538739,5.2025441746159,-,26.612708174672001,1.0587799081642999,46.87,137.51658,44.0649236620715,17.9336146312795,1470.5563997649199,1338.0865372082301,0,325.56850053728198,0
0:04:10,,-,4.5042296719444597,54.929630145664198,4.7321472579218504,-,25.0705843672601,1.05060079138438,39.47,118.60735,44.4563907923798,16.439109005547799,1348.0069384549199,1226.57650988303,0,298.43710702750201,0
0:04:11,,-,4.58009937217009,55.854870392318098,4.93031195419782,-,26.837513776859499,1.07646397022644,47.24,129.72103999999999,44.833990770454903,16.7160110205573,1370.7129036857,1247.23708869149,0,303.46401184707798,0
0:04:12,,-,4.5801349886145797,55.855304739202197,4.9303496582847099,-,26.8373050806481,1.07646383142434,47.24,129.72103999999999,45.214745835248102,16.716141010068501,1370.7235628256201,1247.2467876405599,0,303.46637168870097,0
0:04:13,,-,4.8277988274752897,58.875595457015699,5.0581352480779396,-,26.2496501052992,1.0477104429645601,44.11,133.07987,45.605796796242203,17.620040930874701,1444.8433563317301,1314.6897621820599,0,319.87585454551203,0
0:04:14,,-,4.2260480884555101,51.537171810433101,4.4603414509552302,-,25.554768365039799,1.0554402973169601,38.46,113.53391999999999,45.982129751636997,15.4238283233048,1264.7539225109899,1150.8230468847,0,280.00560751452701,0
0:04:15,,-,4.2260480884555101,51.537171810433101,4.4603414509552302,-,25.554768365039799,1.0554402973169601,38.46,113.53391999999999,46.333450285667901,15.4238283233048,1264.7539225109899,1150.8230468847,0,280.00560751452701,0
0:04:16,,-,4.6425322587109497,56.6162470574507,4.8990305216659698,-,25.401719024940899,1.0552496458099401,41.09,123.84526,46.702082435426597,16.9438726311162,1389.39755575153,1264.2386000824899,0,307.60063262347597,0
0:04:17,,-,5.0438317135662203,61.510142848368503,5.3462972373763202,-,26.224292861364798,1.0599674098952501,48.38,139.23764,47.104706647495199,18.408497209059799,1509.4967711428999,1373.5191032105299,0,334.18956282494599,0
0:04:18,,-,4.4189045691346296,53.889080111398002,4.8090320274307903,-,26.249706954571199,1.0882860112031201,42.85,122.16535,47.498035532383298,16.127697561602702,1322.4712000514201,1203.3410679912099,0,292.78371483971,0
0:04:19,,-,4.4189045691346296,53.889080111398002,4.8090320274307903,-,26.249706954571199,1.0882860112031201,42.85,122.16535,47.865388643508702,16.127697561602702,1322.4712000514201,1203.3410679912099,0,292.78371483971,0
0:04:20,,-,4.6112376357999301,56.234605314633299,4.8723782531100204,-,26.7267379679556,1.05663135104612,44.11,129.59518,48.240736286910902,16.829656493221101,1380.03183244413,1255.7165547730799,0,305.52714228055402,0
0:04:21,,-,4.7278277905809398,57.656436470499202,5.0097089156226504,-,26.554674908024399,1.05962169891283,43.79,131.85168999999999,48.628924658679303,17.2551761498578,1414.9244442883401,1287.4659893165101,0,313.252065527132,0
0:04:22,,-,4.7481363164451702,57.9041014200631,5.0199292349616202,-,27.0320798405582,1.05724202095359,48,135.26400000000001,49.022803372415602,17.329296275770499,1421.0022946131801,1292.99633803087,0,314.59764915593001,0
0:04:23,,-,4.7481363164451702,57.9041014200631,5.0199292349616202,-,27.0320798405582,1.05724202095359,48,135.26400000000001,49.417526232030397,17.329296275770499,1421.0022946131801,1292.99633803087,0,314.59764915593001,0
0:04:24,,-,4.6498756843125797,56.705801028202202,4.9557551456775597,-,25.8781283994239,1.0657822879860901,43.16,126.54512,49.8081647820215,16.970673967355999,1391.59526532319,1266.23833677467,0,308.08718656318098,0
0:04:25,,-,4.6111438761780903,56.233461904610799,4.9333387758062797,-,25.5196981833354,1.06987309619479,37.5,123.075,50.1931090928245,16.8293142982719,1380.0037724583001,1255.6910224716401,0,305.52093004176101,0
0:04:26,,-,4.6111438761780903,56.233461904610799,4.9333387758062797,-,25.5196981833354,1.06987309619479,37.5,123.075,50.576443474062899,16.8293142982719,1380.0037724583001,1255.6910224716401,0,305.52093004176101,0
0:04:27,,-,4.5720605303895399,55.756835736457802,4.8937536977781697,-,26.253823457095201,1.0703606536375401,46.87,126.78335,50.958153313693401,16.686671620496998,1368.30707288075,1245.0479786298799,0,302.93138166177101,0
0:04:28,,-,4.6235924623331801,56.385273930892403,5.0093582850359502,-,27.145761877262,1.0834342182719301,48.78,132.53525999999999,51.3403805922933,16.874747963887,1383.7293330387299,1259.0809791281999,0,306.34573701416002,0
0:04:29,,-,4.9950375146531698,60.915091642111904,5.3299664045430903,-,25.7576944362416,1.06705232721624,41.95,134.70144999999999,51.740189367469199,18.230412783266299,1494.89384822784,1360.2316328628001,0,330.956601669782,0
0:04:30,,-,4.9950375146531698,60.915091642111904,5.3299664045430903,-,25.7576944362416,1.06705232721624,41.95,134.70144999999999,52.155437658643599,18.230412783266299,1494.89384822784,1360.2316328628001,0,330.956601669782,0
0:04:31,,-,4.4925980884880197,54.787781566927102,4.8853477499242102,-,27.639681439162601,1.0874214994754501,41.09,130.09093999999999,52.549801510760098,16.396657158667399,1344.52588701072,1223.40903662356,0,297.66643226850601,0
0:04:32,,-,4.9545431377616298,60.421257777580799,5.3012842324899401,-,28.4684977157597,1.0699844738631099,52.63,148.62711999999999,52.942482170232097,18.0826202583917,1482.77486118812,1349.20434182858,0,328.27356248870501,0
0:04:33,,-,4.6747599889870397,57.009268158378497,5.1100868286121202,-,28.7230018902201,1.09312282141771,49.99,141.4717,53.3427345864405,17.061494335513299,1399.0425355120899,1273.0147460169901,0,309.73594793600699,0
0:04:34,,-,5.01116189021511,61.111730368476898,5.4579758187776504,-,28.283835786018901,1.0891637385403601,46.87,148.48416,53.745340422431603,18.2892619954102,1499.7194836236399,1364.6225679929501,0,332.02495571604697,0
0:04:35,,-,5.01116189021511,61.111730368476898,5.4579758187776504,-,28.283835786018901,1.0891637385403601,46.87,148.48416,54.161929167882597,18.2892619954102,1499.7194836236399,1364.6225679929501,0,332.02495571604697,0
0:04:36,,-,4.57598653828469,55.804713881520598,4.9590498304119599,-,27.574738025190801,1.0837116300326499,46.51,132.87907000000001,54.560429378390602,16.7010003906632,1369.4820320343799,1246.1170957514601,0,303.19150748210598,0
0:04:37,,-,4.5594296093772897,55.602800114357201,5.0827527757034003,-,29.182597692997899,1.1147782093729,48,139.96799999999999,54.940152847268998,16.640572486464301,1364.52694389008,1241.6083691649501,0,302.0944937141,0
0:04:38,,-,4.7742829848719497,58.222963230145702,5.3436124717106699,-,29.212457753745898,1.11924921263417,49.58,146.60805999999999,55.328118722771002,17.4247238990725,1428.8273597239399,1300.1165098781801,0,316.33005106525098,0
0:04:39,,-,4.7209034491246804,57.5719932820083,5.1068945206771001,-,27.835578807349901,1.0817621194146601,44.44,137.80843999999999,55.722796433352002,17.229904347067698,1412.8521564595501,1285.5803761939101,0,312.793278879296,0
0:04:40,,-,4.7209034491246804,57.5719932820083,5.1068945206771001,-,27.835578807349901,1.0817621194146601,44.44,137.80843999999999,56.115255365701898,17.229904347067698,1412.8521564595501,1285.5803761939101,0,312.793278879296,0
0:04:41,,-,4.6343663052408202,56.516662259034398,4.9768263343584804,-,27.1829721050619,1.07389576191472,41.95,132.01665,56.504117287917701,16.914069310902299,1386.95368349399,1262.0148753977401,0,307.05958038874502,0
0:04:42,,-,4.8166336121450701,58.739434294452103,5.2281551450258803,-,27.812993635681401,1.0854375827638501,45.8,140.56020000000001,56.896958338067101,17.5792911900196,1441.50187758161,1311.6492887050599,0,319.13607997690099,0
0:04:43,,-,4.8166336121450701,58.739434294452103,5.2281551450258803,-,27.812993635681401,1.0854375827638501,45.8,140.56020000000001,57.297375526284199,17.5792911900196,1441.50187758161,1311.6492887050599,0,319.13607997690099,0
0:04:44,,-,4.4931813137573897,54.794894070212102,4.8531512301923296,-,27.859307528215801,1.0801147096674599,44.77,131.62379999999999,57.684348069312101,16.398785758778001,1344.7004322197899,1223.56785854595,0,297.70507507200603,0
0:04:45,,-,4.9481370715267996,60.343135018619499,5.3558542440643899,-,27.067073539794599,1.0823981160270899,45.11,140.42742999999999,58.076786696091403,18.0592400072054,1480.8576805908399,1347.45986365214,0,327.84911524382898,0
0:04:46,,-,4.5895066742804103,55.9695935887855,4.9925691264790899,-,27.935956759470699,1.08782260944459,49.18,135.29418000000001,58.473229190833301,16.750344896958701,1373.52828155061,1249.7988532173499,0,304.08731221833301,0
0:04:47,,-,4.9013655735633401,59.772750897113902,5.2783863532954998,-,27.663568033229801,1.0769215791137301,49.18,142.67117999999999,58.8677275775932,17.8885378429345,1466.8601031206299,1334.72320834982,0,324.750172347888,0
0:04:48,,-,4.9013655735633401,59.772750897113902,5.2783863532954998,-,27.663568033229801,1.0769215791137301,49.18,142.67117999999999,59.275188717348897,17.8885378429345,1466.8601031206299,1334.72320834982,0,324.750172347888,0
0:04:49,,-,4.7995259687202596,58.530804496588502,5.2251118448278104,-,27.395157533663401,1.0886724811744299,46.51,138.18120999999999,59.678416783603097,17.5168533403601,1436.38197390953,1306.99059341361,0,318.00257747289697,0
0:04:50,,-,4.7045526915939897,57.372593799926697,5.1641275898176797,-,28.538611171237601,1.0976872677066301,49.18,141.34332000000001,60.073464109204302,17.1702289075481,1407.9587704189501,1281.12779349572,0,311.70992542475,0
0:04:51,,-,4.8326061180255904,58.9342209515316,5.2337561443188596,-,27.951253775092901,1.08300904656744,45.45,141.62219999999999,60.469886447048097,17.6375861226464,1446.2820620570001,1315.9988671999299,0,320.194371581491,0
0:04:52,,-,4.8326061180255904,58.9342209515316,5.2337561443188596,-,27.951253775092901,1.08300904656744,45.45,141.62219999999999,60.871631464286203,17.6375861226464,1446.2820620570001,1315.9988671999299,0,320.194371581491,0
0:04:53,,-,4.3547725585859904,53.106982421780302,4.6595654691453401,-,26.289538307638701,1.0699905463394199,40.54,120.32272,61.253514811973098,15.8936346498642,1303.2780412888701,1185.87685692744,0,288.53451506750298,0
0:04:54,,-,4.2010949414517098,51.232865139654997,4.4760412700635097,-,26.300419661979699,1.06544634968825,38.96,116.10080000000001,61.609148713468599,15.332756700962401,1257.2860494789099,1144.02789073333,0,278.35228484995798,0
0:04:55,,-,4.7309430621394304,57.694427587066201,4.9850538396967998,-,25.875246941704201,1.05371249964747,46.51,129.11176,61.980418549462399,17.266545971661301,1415.85676967623,1288.3143294754,0,313.45847432491502,0
0:04:56,,-,4.7309430621394304,57.694427587066201,4.9850538396967998,-,25.875246941704201,1.05371249964747,46.51,129.11176,62.373712096594701,17.266545971661301,1415.85676967623,1288.3143294754,0,313.45847432491502,0
0:04:57,,-,4.4144595371240998,53.834872403952502,4.75303605494046,-,26.161379219535799,1.07669716189922,41.95,121.52915,62.753850663152598,16.111474506590799,1321.1409095404499,1202.1306119872099,0,292.48919999688798,0
0:04:58,,-,4.5862641123574504,55.930050150700602,4.9381727498499499,-,27.0023698954274,1.0767310012836599,48,130.75200000000001,63.127975492427197,16.738510502891,1372.55786123707,1248.9158497792,0,303.87246953265202,0
0:04:59,,-,4.7808189347997203,58.302669936581999,5.0881224062689103,-,26.276799375432201,1.06427841666044,44.77,132.07149999999999,63.517328446955602,17.4485781874065,1430.78341136734,1301.89635754028,0,316.76310402439998,0
0:05:00,,-,4.7808189347997203,58.302669936581999,5.0881224062689103,-,26.276799375432201,1.06427841666044,44.77,132.07149999999999,63.914768283446499,17.4485781874065,1430.78341136734,1301.89635754028,0,316.76310402439998,0
0:05:01,,-,4.5363540598493204,55.321390973772203,4.85408386671965,-,27.405539417734399,1.07004078664902,46.51,131.01866999999999,64.302046672573198,16.5563535407885,1357.62099034465,1235.3245139743599,0,300.56557517624401,0
0:05:02,,-,4.4636582908208204,54.434857205131898,4.7296254841067604,-,27.067573754124101,1.05958502554572,45.8,127.4156,64.676141935942198,16.291035437951599,1335.8649059120301,1215.5282493181401,0,295.74896577083598,0
0:05:03,,-,4.8876714073632996,59.605748870284103,5.3021037736274499,-,27.240325484937699,1.08479137235777,48.38,140.10847999999999,65.064840085454406,17.838558177753399,1462.76177057578,1330.9940595703899,0,323.84283687843998,0
0:05:04,,-,4.8876714073632996,59.605748870284103,5.3021037736274499,-,27.240325484937699,1.08479137235777,48.38,140.10847999999999,65.471162799503205,17.838558177753399,1462.76177057578,1330.9940595703899,0,323.84283687843998,0
0:05:05,,-,3.95954821302439,48.287173329565697,4.2326272365674598,-,25.509213315741,1.06896721768529,39.21,106.6512,65.838907067512494,14.451182427944399,1184.99695909144,1078.2507069068799,0,262.34810387028602,0
0:05:06,,-,4.4913591357738296,54.772672387485798,4.7456927833281402,-,24.914965964021,1.0566273236821599,49.58,119.04158,66.190178186615,16.392135346902698,1344.15509844602,1223.07164923287,0,297.58434287904402,0
0:05:07,,-,5.3614074308938697,65.383017449925205,5.5525990973321502,-,25.332288536287599,1.03566072321544,51.72,143.26439999999999,66.599719102788995,19.567554853740301,1604.5394980067099,1460.00024279575,0,355.23120262670398,0
0:05:08,,-,5.1313722451783796,62.577710307053401,5.4074506080460401,-,26.647369059705898,1.0538020532669501,52.17,144.25004999999999,67.0358628572029,18.727994314311701,1535.6955337735601,1397.35784314134,0,339.98974285677502,0
0:05:09,,-,5.1313722451783796,62.577710307053401,5.4074506080460401,-,26.647369059705898,1.0538020532669501,52.17,144.25004999999999,67.462444949917796,18.727994314311701,1535.6955337735601,1397.35784314134,0,339.98974285677502,0
0:05:10,,-,5.1409633023348897,62.694674418718101,5.4977405133478703,-,27.665653620869801,1.06939890250742,53.09,149.87307000000001,67.889425705313698,18.762998842401402,1538.56590507692,1399.9696472166099,0,340.62521830087798,0
0:05:11,,-,5.3740513988116501,65.537212180629894,5.69522091986844,-,26.078079571585398,1.0597630162465099,48.78,147.16926000000001,68.326493682632702,19.613701605127801,1608.32353162048,1463.4434051496301,0,356.06895502424197,0
0:05:12,,-,4.7273570524384301,57.650695761444297,5.10641275032122,-,27.450492645370201,1.08018342885424,47.24,136.57084,68.746369668101394,17.253458094562799,1414.78356375415,1287.33779950605,0,313.22087579222699,0
0:05:13,,-,4.7922345629244099,58.4418849137123,5.2020887835562197,-,27.744372328650002,1.08552465770409,50.42,140.21802,69.142061806484904,17.4902418610592,1434.1998326068499,1305.0050225780601,0,317.51947021363998,0
0:05:14,,-,4.7922345629244099,58.4418849137123,5.2020887835562197,-,27.744372328650002,1.08552465770409,50.42,140.21802,69.540450648875705,17.4902418610592,1434.1998326068499,1305.0050225780601,0,317.51947021363998,0
0:05:15,,-,4.7698857167564102,58.169338009224496,5.1428834683684101,-,24.844660236553,1.07819846716698,44.77,124.95307,69.937910537264301,17.408675168181102,1427.5113637908501,1298.91906077567,0,316.038700918654,0
0:05:16,,-,5.0612850730660597,61.722988695927498,5.3794018021541401,-,28.138663984347598,1.0628529562148099,56.07,150.49188000000001,70.346553801578295,18.472196820364701,1514.7201392699001,1378.2719427280999,0,335.34597146669103,0
0:05:17,,-,5.2494450712576297,64.017622820214896,5.7254192730431299,-,28.314897666771898,1.0906713367459799,54.05,156.42070000000001,70.775130469984703,19.1589252836181,1571.03187325668,1429.51103369163,0,347.81290357460699,0
0:05:18,,-,5.0597510000055301,61.704280487872403,5.4910576680206402,-,27.624292183518001,1.0852426666874799,49.99,146.97059999999999,71.203643372982498,18.466597906432401,1514.2610283274601,1377.85418916811,0,335.244328264746,0
0:05:19,,-,4.9731782095053498,60.648514750065203,5.3462457909153702,-,26.208843622550202,1.0750159285860601,42.25,136.42525000000001,71.620672944582495,18.1506327706376,1488.3518871922799,1354.2789812065801,0,329.50826793347602,0
0:05:20,,-,4.9731782095053498,60.648514750065203,5.3462457909153702,-,26.208843622550202,1.0750159285860601,42.25,136.42525000000001,72.034104024358101,18.1506327706376,1488.3518871922799,1354.2789812065801,0,329.50826793347602,0
0:05:21,,-,4.96674341291481,60.570041620912299,5.3561179601351201,-,28.079107053801799,1.0783963484418799,50.42,146.72219999999999,72.447267634842405,18.127147662131801,1486.4261082948101,1352.52667927736,0,329.08191709911398,0
0:05:22,,-,5.2704267232606403,64.273496625129795,5.7207360711739099,-,28.659091176312401,1.0854407757773901,50.84,158.36660000000001,72.872786701820203,19.235502121283002,1577.3111739452099,1435.22468582748,0,349.20308657602902,0
0:05:23,,-,5.2211842269102702,63.672978376954603,5.5969429316960202,-,27.7869911680657,1.07196809927699,49.18,152.16292000000001,73.308881876875901,19.055781542145802,1562.57408645595,1421.8151366458301,0,345.94042254156602,0
0:05:24,,-,4.8475420792810402,59.116366820500502,5.3431031326512599,-,28.0202333014395,1.10222934536005,46.87,142.57854,73.727399393579603,17.692097973298701,1450.7520338105001,1320.06617738674,0,321.18398476563101,0
0:05:25,,-,5.0778575578885397,61.925092169372498,5.5482097889759903,-,28.323128083136499,1.09262808689006,53.09,151.46576999999999,74.139959382014794,18.532681499062701,1519.67988292314,1382.78490544851,0,336.44401592421201,0
0:05:26,,-,5.0778575578885397,61.925092169372498,5.5482097889759903,-,28.323128083136499,1.09262808689006,53.09,151.46576999999999,74.562092682826801,18.532681499062701,1519.67988292314,1382.78490544851,0,336.44401592421201,0
0:05:27,,-,5.2344194893435398,63.834384016384703,5.7739095977903299,-,28.165491951905,1.10306589098277,51.28,154.81432000000001,74.990733649928501,19.1040863440107,1566.5350802088799,1425.41931831177,0,346.81735238729198,0
0:05:28,,-,4.9335143522114402,60.164809173310204,5.5012699246383399,-,28.614847332251099,1.1150813663230601,49.99,148.37031999999999,75.4133748353144,18.005871397189701,1476.4814545695599,1343.47785444542,0,326.88025655606299,0
0:05:29,,-,4.9540314344271899,60.415017493014503,5.4919319266847504,-,28.163660615959,1.10857833652801,49.18,146.60558,75.824361387444,18.080752692235901,1482.6217207633399,1349.06499651634,0,328.23965851979,0
0:05:30,,-,5.2048558050867397,63.473851281545599,5.7415124524447796,-,28.618199154417798,1.10310691927979,51.72,156.40128000000001,76.246626541015502,18.9961876213656,1557.68738495198,1417.36863633148,0,344.85854898576298,0
0:05:31,,-,5.0728379399697703,61.863877316704603,5.7236625438056397,-,29.378375923613302,1.12829595810816,53.57,156.74582000000001,76.673830015697007,18.514361375058598,1518.17763275481,1381.4179801635701,0,336.11143069673301,0
0:05:32,,-,5.12636579491849,62.516656035591403,5.6544337785119696,-,29.3848227040917,1.10301020346947,54.05,158.42054999999999,77.097770968074997,18.709722248376401,1534.1972243668699,1395.9945036285001,0,339.65803007992702,0
0:05:33,,-,5.1214342376240198,62.456515092975899,5.7337888864989397,-,28.787039559527202,1.11956702370135,53.09,155.07588999999999,77.523731878210995,18.6917235196624,1532.7213286123199,1394.6515587133699,0,339.331279492303,0
0:05:34,,-,5.1214419003081204,62.456608540342899,5.7337972457906696,-,28.786996488455799,1.1195669808234501,53.09,155.07588999999999,77.949488121333303,18.691751486198001,1532.7236218682301,1394.65364538945,0,339.33178719937803,0
0:05:35,,-,5.2648255407494302,64.205189521334503,5.7947498853085202,-,28.897595717548398,1.10065373305488,56.6,160.2912,78.381204579310605,19.215059458149,1575.63487556822,1433.6993908500499,0,348.83196857665399,0
0:05:36,,-,5.0441130377362899,61.513573630930303,5.6820340121330002,-,29.492576571353499,1.12646841369816,53.57,156.47797,78.809706779342207,18.409523959255601,1509.5809646589601,1373.5957124520201,0,334.20820254307,0
0:05:37,,-,5.1380196662462403,62.6587764176371,5.6657177395880103,-,29.0551826768437,1.10270456471944,54.05,157.0693,79.232938155827,18.752255439409499,1537.68494603158,1399.1680462453101,0,340.43018156820199,0
0:05:38,,-,5.0050635280201101,61.0373600978062,5.66340375051462,-,29.999343496723899,1.1315348384309001,54.54,158.00237999999999,79.654546397136798,18.267004773159002,1497.8943913990399,1362.96188273444,0,331.62089604244301,0
0:05:39,,-,4.9631222066202803,60.525880568540003,5.61914940919337,-,30.019631553956401,1.13218034440055,50.42,156.25157999999999,80.068884836064996,18.113931327854299,1485.3423688840501,1351.54056469133,0,328.84198654290299,0
0:05:40,,-,4.5710133686207497,55.7440654709848,5.1608683954691097,-,30.968395536045701,1.1290425074880801,54.05,149.34014999999999,80.465181509896794,16.682849789081299,1367.9936827046699,1244.7628190973501,0,302.861999780377,0
0:05:41,,-,4.5906529092667698,55.983572064228902,5.1239828448987703,-,28.2965413781953,1.1161773599906499,49.58,137.03912,80.845996093875598,16.754528316379801,1373.8713219431399,1250.1109920316401,0,304.163258401858,0
0:05:42,,-,4.5906529092667698,55.983572064228902,5.1239828448987703,-,28.2965413781953,1.1161773599906499,49.58,137.03912,81.227627016637598,16.754528316379801,1373.8713219431399,1250.1109920316401,0,304.163258401858,0
0:05:43,,-,5.0601462350840603,61.709100427854402,5.5257709943291804,-,24.727241899150702,1.09201804406694,40.81,131.0001,81.628772938104902,18.468040397826499,1514.3793126217699,1377.9618182408899,0,335.27051538707798,0
0:05:44,,-,4.8691026643969,59.379300785327999,5.4143250169536303,-,26.7598999201096,1.11197594097644,41.95,136.33750000000001,82.041492925298201,17.770787745969699,1457.20459516951,1325.9374826195001,0,322.61252618479398,0
0:05:45,,-,4.9541770130804101,60.416792842444003,5.5377889881415099,-,29.369489547070099,1.1178020029401901,56.07,153.57572999999999,82.4498081869788,18.081284011356701,1482.66528893125,1349.1046400002101,0,328.249304136305,0
0:05:46,,-,5.1168178666662296,62.4002178861735,5.6848556945820503,-,30.545284994056502,1.11101388455046,61.22,165.11034000000001,82.868419999399904,18.6748751280589,1531.3397605008299,1393.3944442698,0,339.025412231095,0
0:05:47,,-,5.5512459652003399,67.698121526833404,6.04752500267639,-,30.106862684108901,1.0893995763450499,61.22,175.94628,83.311849629640605,20.260409478440302,1661.3535772321,1511.69642700707,0,367.80934963675799,0
0:05:48,,-,6.7879273853948998,82.779602260913407,7.4724586433449796,-,33.612486852896197,1.1008454008248401,81.08,239.83464000000001,83.824740737395899,24.773931690316701,2031.4623986059701,1848.46530663763,0,449.748249790177,0
0:05:49,,-,6.1208554364643399,74.644578493467606,6.7312758563646904,-,30.1652737785707,1.09972795898165,70.58,194.80080000000001,84.361308279901195,22.339315944295301,1831.82390743222,1666.8105415494899,0,405.550010109364,0
0:05:50,,-,4.79985997333175,58.534877723557898,5.2832946981559603,-,30.458763549829001,1.10071850585438,56.6,154.34819999999999,84.815239646684404,17.51807235862,1436.48193340684,1307.08154841379,0,318.02470764325801,0
0:05:51,,-,5.0633452793851399,61.748113163233398,5.5380305497533504,-,29.450885091152202,1.0937493384661801,58.25,157.50800000000001,85.225214458152607,18.479715965417199,1515.3367091642101,1378.8329711082099,0,335.48247472219299,0
0:05:52,,-,4.9117530983151596,59.8994280282337,5.3709299231791796,-,29.787938658844201,1.0934853229942501,56.6,154.4614,85.639840228578294,17.926449242692101,1469.96883790075,1337.5519037726499,0,325.43841940940399,0
0:05:53,,-,4.9117530983151596,59.8994280282337,5.3709299231791796,-,29.787938658844201,1.0934853229942501,56.6,154.4614,86.048164905773007,17.926449242692101,1469.96883790075,1337.5519037726499,0,325.43841940940399,0
0:05:54,,-,5.2880746715281104,64.4887155064404,5.8310499298996303,-,29.1364077798615,1.1026791965126701,54.54,161.92926,86.472131796839903,19.299911924162402,1582.5927777813099,1440.0305150966501,0,350.37238810137501,0
0:05:55,,-,4.6401606148689201,56.587324571572097,5.1905001230321899,-,28.100869953115499,1.11860354712718,42.85,136.56295,86.884809652107293,16.935216831016898,1388.68778014339,1263.5927620950099,0,307.44349442701002,0
0:05:56,,-,4.8469100755860701,59.108659458366702,5.4843492506471696,-,29.776533451066499,1.13151454537436,56.07,152.39825999999999,87.279150023015902,17.689791346330299,1450.5628903990801,1319.8940722893401,0,321.14211004606898,0
0:05:57,,-,5.0170437732521496,61.183460649416403,5.5459600731062197,-,29.489955975427801,1.10542389577582,56.6,156.1028,87.689155950692907,18.310729132622601,1501.47978887506,1366.2243023832,0,332.41467211269998,0
0:05:58,,-,5.1103910654607096,62.321842261715901,5.6235767320067804,-,29.122655799450602,1.1004200383048,55.04,156.75391999999999,88.110113751151701,18.651419200348801,1529.41637442861,1391.6443196166399,0,338.59959114759999,0
0:05:59,,-,5.1190533744327498,62.427480176009098,5.7075257140627,-,28.987359409285901,1.11495725802921,55.04,156.31360000000001,88.535311691193996,18.6830340716593,1532.0087938760601,1394.0032101440499,0,339.17353044867502,0
0:06:00,,-,5.34152229649826,65.140515810954398,5.9393444259400496,-,30.402821702431702,1.1119198041789899,57.69,170.70471000000001,88.970116851246601,19.494979981736002,1598.5883585023601,1454.5851906066,0,353.91367168043797,0
0:06:01,,-,5.3057817106990601,64.704655008525194,5.8236895830404496,-,29.911745083664499,1.0976119826597901,57.69,167.01255,89.412683576885101,19.3645373914004,1587.8920660948299,1444.8524357997501,0,351.54560481745801,0
0:06:02,,-,5.5040299268716204,67.122316181361299,6.1920449465947902,-,30.916666926031599,1.1250020492011099,58.82,178.63633999999999,89.862005108229994,20.0880848730298,1647.2229595884501,1498.8387159839299,0,364.68095279414302,0
0:06:03,,-,4.9048358609436304,59.815071474922298,5.5922626806667903,-,31.395700970587502,1.1401528693747001,58.82,162.46083999999999,90.294660890971798,17.901203367714501,1467.89867615259,1335.6682252102401,0,324.98010345748003,0
0:06:04,,-,4.9085302818516698,59.860125388435002,5.60376686869105,-,31.733123981307202,1.14163844306103,57.69,164.07035999999999,90.702564085843704,17.9146869137242,1469.0043269253799,1336.67427735089,0,325.22488500021598,0
0:06:05,,-,5.0339030459159604,61.389061535560501,5.6856468344215401,-,31.809313476927301,1.12947086635575,62.5,169.125,91.115832098081796,18.372260502304101,1506.52536118894,1370.81536219348,0,333.53171829525002,0
0:06:06,,-,4.9118054586480202,59.900066568878302,5.5675380390780997,-,31.365757723312999,1.1335013338680899,62.5,163.0625,91.529236246591594,17.926640342454299,1469.9845080812499,1337.5661623604699,0,325.441888652182,0
0:06:07,,-,5.2697115422186203,64.264774905105099,6.0407986234880404,-,31.528025522636302,1.14632434338992,65.930000000000007,175.63751999999999,91.952442030709406,19.232891921545299,1577.09713756671,1435.02993015773,0,349.15570076830397,0
0:06:08,,-,4.8275960747949096,58.873122863352599,5.5729007305722504,-,33.861325070976399,1.1543842202682599,59.4,172.0224,92.372147560560506,17.619300943428101,1444.78267736111,1314.6345492615001,0,319.86242074488899,0
0:06:09,,-,4.7355431550571199,57.7505262811843,5.5228281081852399,-,31.745857883157001,1.1662501908123,50.84,157.65484000000001,92.7696498027167,17.2833349532225,1417.2334661642401,1289.56701113843,0,313.763263050712,0
0:06:10,,-,4.7355431550571199,57.7505262811843,5.5228281081852399,-,31.745857883157001,1.1662501908123,50.84,157.65484000000001,93.163325765540094,17.2833349532225,1417.2334661642401,1289.56701113843,0,313.763263050712,0
0:06:11,,-,5.2045505671866197,63.4701288681295,5.96068133536291,-,32.344824558213197,1.14528262496737,63.405000000000001,177.470595,93.576496529540094,18.995073593112501,1557.5960346352299,1417.2855149843299,0,344.83832481370598,0
0:06:12,,-,4.9572227547247101,60.453936033228203,5.6479718719004497,-,31.618897869903002,1.13934195644474,63.82,165.93199999999999,93.998881646253096,18.092400069493198,1483.57680569844,1349.9340460092701,0,328.45110608497998,0
0:06:13,,-,5.1263344130014996,62.516273329286498,5.7917409203309598,-,30.5960609206854,1.1298016191924301,61.22,165.66131999999999,94.418015623783205,18.709607713640899,1534.1878325185501,1395.98595781156,0,339.65595080573303,0
0:06:14,,-,5.0148119630668404,61.156243452034602,5.7738701381369797,-,30.8480419882771,1.1513632376767999,56.07,162.77121,94.839543359146404,18.302583684102402,1500.8118620964001,1365.61654342169,0,332.26679888605503,0
0:06:15,,-,5.0148119630668404,61.156243452034602,5.7738701381369797,-,30.8480419882771,1.1513632376767999,56.07,162.77121,95.256435543062096,18.302583684102402,1500.8118620964001,1365.61654342169,0,332.26679888605503,0
0:06:16,,-,4.9440817685516896,60.293680104288903,5.6257603129673397,-,29.176307503153701,1.1378776841337199,52.17,151.76253,95.670387749818303,18.044439348155102,1479.6440265487199,1346.35553733398,0,327.58042270899801,0
0:06:17,,-,4.9034330020991002,59.797963440232998,5.6446707121664401,-,29.944734625137698,1.15116709247379,48,153.744,96.079710369401397,17.896083346946501,1467.4788344496101,1335.28620345942,0,324.88715412637998,0
0:06:18,,-,4.8426506130713598,59.056714793553198,5.50968655062906,-,30.277437237415501,1.1377419084823599,56.07,154.69712999999999,96.484816893123295,17.674245565212502,1449.28813634742,1318.73414993951,0,320.859890496231,0
0:06:19,,-,5.0727686262654501,61.863032027627497,5.6873150029815802,-,27.3859681438446,1.1211461475956499,46.87,145.67196000000001,96.896962035510498,18.5141084004938,1518.15688884049,1381.3991048912801,0,336.10683817306,0
0:06:20,,-,5.1962377144967702,63.368752615814302,5.6825029253839698,-,30.491291720156401,1.0935802474029599,58.25,166.828,97.323804408821104,18.964734134099899,1555.1081989961899,1415.02178720353,0,344.28753946557998,0
0:06:21,,-,5.5116709938810304,67.215499925378396,6.1778052188650703,-,30.745115263252899,1.12085885128549,61.22,178.27264,97.768890234519304,20.115972512567598,1649.5097460305401,1500.9195053722999,0,365.18722758450201,0
0:06:22,,-,5.3367104493373896,65.081834748016902,5.9615838663200602,-,31.074901210087301,1.11708962345151,58.25,174.22575000000001,98.219814961619903,19.4774181596806,1597.14828909381,1453.2748447480301,0,353.59485273674699,0
0:06:23,,-,5.2899246157050497,64.511275801281101,5.8816999279716402,-,31.732191324928198,1.1118683828706499,61.85,176.76730000000001,98.6615225602864,19.306663674448998,1583.14642130482,1440.53428560511,0,350.49496000124202,0
0:06:24,,-,5.3413534598045196,65.138456826884394,6.10002396686924,-,30.220095190238101,1.14203712837467,52.63,168.99493000000001,99.1034231507128,19.4943637776313,1598.5378297657601,1454.5392135722,0,353.90248505406402,0
0:06:25,,-,5.5252117227823101,67.380630765637903,6.15254529832192,-,30.669554127903702,1.1135401876009401,54.54,177.30954,99.555103704639293,20.165392176890901,1653.5621585050501,1504.6068706282199,0,366.08439674652601,0
0:06:26,,-,5.04880520854244,61.570795226127302,5.6151541990286002,-,32.399713049580001,1.1121748546622301,61.22,172.39552,99.994624173574906,18.426648997935398,1510.9852178307101,1374.87346845257,0,334.51909208091701,0
0:06:27,,-,5.4803908467213196,66.834034716113607,6.2251788881046002,-,31.768637469380401,1.1359005337783299,63.15,183.19815,100.43228161424101,20.001809206892698,1640.1483549652,1492.40140205027,0,363.11469636259602,0
0:06:28,,-,5.6523806932104499,68.931471868420104,6.1843441474647403,-,31.8303560508785,1.0941131680839,67.41,189.62432999999999,100.895027323801,20.629521388598899,1691.6207538651099,1539.2370922807099,0,374.51024143082998,0
0:06:29,,-,5.4916769239201297,66.971669803904007,6.1687082420866401,-,32.640073784975499,1.1232831660612701,66.66,188.84778,101.35824215138599,20.043000057899199,1643.52600474773,1495.4747882203901,0,363.86247888573899,0
0:06:30,,-,5.5433350495203797,67.601646945370405,6.1431907384090101,-,32.148298525707801,1.1082120570973899,65.930000000000007,187.70271,101.816924378658,20.231536970893298,1658.9860316132499,1509.5421533462199,0,367.28519546136698,0
0:06:31,,-,5.4183057106634198,66.076898910529493,6.1183198194692601,-,32.479392894656797,1.1291942806822799,64.510000000000005,185.27271999999999,102.272556851966,19.775216782967799,1621.5677762033599,1475.4945888884499,0,359.00111651787,0
0:06:32,,-,5.2016080557384301,63.4342445821759,5.7038323267234601,-,32.656362836220197,1.09655173277252,69.760000000000005,179.91104000000001,102.713985072573,18.984334294726398,1556.7154121675601,1416.4842202713,0,344.643362596423,0
0:06:33,,-,5.3040761923711202,64.683856004525893,5.9877420649036397,-,32.374376568530501,1.1288944290649201,66.66,181.3152,103.15066521950401,19.3583127528393,1587.3816457328201,1444.38799484745,0,351.432602152664,0
0:06:34,,-,5.3507324668560496,65.252834961659204,5.8770109814370004,-,31.991180844924301,1.09835634987188,65.209999999999994,180.56648999999999,103.59354388413399,19.528594385418501,1601.34473960432,1457.09327288385,0,354.523910677336,0
0:06:35,,-,5.3699988347278502,65.487790667412796,6.0070798014008799,-,32.223627104151802,1.1186370772658301,68.180000000000007,182.85875999999999,104.03916269481,19.598910942222499,1607.1106972622399,1462.33982467705,0,355.80044396035299,0
0:06:36,,-,5.4355571070154003,66.2872817928708,6.0673932449583701,-,31.604879981534701,1.1162412841045299,64.510000000000005,181.07956999999999,104.488307333547,19.838179288386801,1626.73070164772,1480.19243048827,0,360.14414367111198,0
0:06:37,,-,5.3111952207083801,64.770673423272896,5.9767529544946898,-,32.6574175476958,1.1253122331469401,68.180000000000007,183.26784000000001,104.935007736364,19.3842951052887,1589.5121986336801,1446.32662443956,0,351.904288184807,0
0:06:38,,-,5.5612518273502003,67.820144235978105,6.1400419320267501,-,32.1118599811888,1.10407550721405,66.66,188.18118000000001,105.386932776401,20.296927922337701,1664.3480896316901,1514.42118936779,0,368.47230884861199,0
0:06:39,,-,5.55069803600004,67.691439463415193,6.2518510692093496,-,33.312139986856003,1.12631799255911,67.41,194.61267000000001,105.848813010417,20.258409698565099,1661.18959528234,1511.5472167902101,0,367.77304544773898,0
0:06:40,,-,5.5229689583731503,67.353279980160394,6.1412939722354798,-,33.239665365433403,1.11195518543064,66.66,193.18068,106.309101975511,20.157206748686502,1652.8909533922899,1503.99612864972,0,365.93579772499203,0
0:06:41,,-,5.3815957586582801,65.629216569003404,6.2037684433094702,-,33.482018732102503,1.1527748871379699,65.930000000000007,189.68061,106.762362021252,19.641236292061699,1610.58137594906,1465.49785957224,0,356.56882228035101,0
0:06:42,,-,5.1925408675589404,63.323669116572397,5.7556814159097902,-,32.992749478452801,1.1084518278650699,66.66,180.91524000000001,107.201887465436,18.951241733797499,1554.0018221713899,1414.0150744146999,0,344.04259718119198,0
0:06:43,,-,5.1040574893960899,62.244603529220697,5.8596589136551698,-,33.8781528929172,1.1480393639430699,66.66,182.51508000000001,107.629876730791,18.628303516890298,1527.52088838501,1389.91958171688,0,338.17994688975199,0
0:06:44,,-,4.4374019021220699,54.1146573429521,5.0518585953555002,-,29.8344308043608,1.1384721751121001,50.84,139.70831999999999,108.02647782698,16.195207368037899,1328.0070041791,1208.37819881942,0,294.009294116646,0
0:06:45,,-,5.5288561403721399,67.425074882586998,6.0468932320930699,-,31.724612749318901,1.0936969743050799,67.41,185.10785999999999,108.44073613929601,20.178693225546098,1654.6528444947801,1505.59930603526,0,366.32586521539201,0
0:06:46,,-,5.5278980341279702,67.413390660097207,6.1561844428222896,-,31.534664970986402,1.1136573802221801,67.894999999999996,184.09729250000001,108.90032210471,20.1751964205131,1654.3661064820701,1505.3383978004099,0,366.26238389304399,0
0:06:47,,-,5.4504020831628299,66.468318087351605,6.0193808805581899,-,32.292573522917799,1.10439207763277,67.41,185.71455,109.356647042243,19.892359070246599,1631.1734437602199,1484.2349639198201,0,361.12772844764498,0
0:06:48,,-,5.4139774499360502,66.024115243122594,6.1013854925615698,-,32.830809075885497,1.12696913664346,68.180000000000007,187.56317999999999,109.808236747281,19.7594199086777,1620.2724325115701,1474.31593164326,0,358.714338599332,0
0:06:49,,-,5.5112110267466496,67.2098905700811,6.0806721914219297,-,32.084039087209597,1.1033277734987099,64.510000000000005,186.11134999999999,110.262354041935,20.114293768273502,1649.3720889984199,1500.79424868616,0,365.15675150514801,0
0:06:50,,-,5.4082204963272602,65.9539084917959,6.1310773607950697,-,32.268632560102603,1.1336589114587099,66.66,184.11492000000001,110.716232042576,19.738408727008999,1618.5495156147399,1472.74821761015,0,358.33289966183702,0
0:06:51,,-,5.3274409179339202,64.968791682120994,5.9203309371257102,-,32.819952899225903,1.1112898347114299,65.930000000000007,184.34028000000001,111.16247143955999,19.4435871057001,1594.3741426674101,1450.75059747265,0,352.980680650279,0
0:06:52,,-,4.9750277517928696,60.671070143815498,5.5985460768042099,-,29.983599578161801,1.12532961746528,48.78,156.19355999999999,111.590704710824,18.1573830541465,1488.90541044001,1354.7826422738799,0,329.63081320532302,0
0:06:53,,-,5.4497667438950597,66.460570047500696,5.9335633722229302,-,32.2739244201654,1.0887738230025801,70.58,186.04888,112.024022587565,19.890040269421799,1630.9833020925901,1484.0619504905701,0,361.085632722767,0
0:06:54,,-,5.5179742090313404,67.292368402821197,6.2303818697142104,-,32.933245628906498,1.1291067398460899,69.760000000000005,191.77024,112.479908621993,20.138977387649099,1651.3961457872199,1502.6359754911,0,365.60486021681402,0
0:06:55,,-,5.2375882359978796,63.873027268266902,5.7877691771477702,-,32.540977320170697,1.1050447107255399,72.28,180.84456,112.92697522688,19.115651334132401,1567.48340939886,1426.28222062694,0,347.027304288793,0
0:06:56,,-,5.6016192922474897,68.312430393262005,6.2573977508597096,-,32.608240665836703,1.11706944445864,73.209999999999994,193.20119,113.377518630266,20.444257255887798,1676.4290949828001,1525.41392015924,0,371.14693921149399,0
0:06:57,,-,5.4365004998277104,66.2987865832648,6.1089967498181403,-,33.3605781891766,1.1237002093555799,68.959999999999994,191.29504,113.836330037387,19.841622393735801,1627.0130362863399,1480.44933201138,0,360.20665012442402,0
0:06:58,,-,5.2408284754841397,63.912542383952903,6.0446220505379298,-,33.841159051406699,1.15337147147895,67.41,187.06274999999999,114.280144783352,19.127477251991401,1568.4531346633,1427.1645916270199,0,347.241993096599,0
0:06:59,,-,5.4171596152108599,66.062922136717702,6.1448438632712099,-,33.428765785582499,1.1343294825607699,68.959999999999994,191.01920000000001,114.723155604496,19.771033872803901,1621.22477756992,1475.1824880715301,0,358.92517957944699,0
0:07:00,,-,5.4892560184937196,66.942146566996598,6.3232876769109003,-,32.611933092004499,1.1519389249849601,64.510000000000005,188.30468999999999,115.176492585594,20.0341644675552,1642.8014863395199,1494.8155354857499,0,363.702076760522,0
0:07:01,,-,5.3318212540715697,65.022210415507004,6.0322537555890996,-,33.464407656904697,1.1313683389109599,70.58,188.58976000000001,115.626282385262,19.459574039869199,1595.6850712692701,1451.9434357165101,0,353.27090893345701,0
0:07:02,,-,5.3555846805803498,65.312008299760393,6.0310633196768304,-,33.074995180695197,1.1261260309347401,71.875,187.48593750000001,116.070515990959,19.546303533517399,1602.79688974843,1458.4146112277299,0,354.84540419166098,0
0:07:03,,-,4.82100984159801,58.792802946317202,5.5948839021189301,-,32.190911261147399,1.1605211534404201,61.22,164.00837999999999,116.493517166917,17.5952631360014,1442.81157715212,1312.84100863051,0,319.42603616314102,0
0:07:04,,-,4.82100984159801,58.792802946317202,5.5948839021189301,-,32.190911261147399,1.1605211534404201,61.22,164.00837999999999,116.894298160571,17.5952631360014,1442.81157715212,1312.84100863051,0,319.42603616314102,0
0:07:05,,-,2.7725643102976898,33.811759881679102,3.1308270255732502,-,27.324884663131801,1.1292170983897201,40,81.52,117.20993329656601,10.1190414879974,829.76140201578903,755.01528626161098,0,183.70201612204701,0
0:07:06,,-,5.1741261551634503,63.099099453212801,5.7785723607922899,-,29.903519040716599,1.1168209254089501,57.69,163.03193999999999,117.540246094678,18.884033468139801,1548.4907443874699,1409.00044254518,0,342.822492103451,0
0:07:07,,-,4.50584160307708,54.9492878424034,5.0420483904857498,-,30.1447902445666,1.1190025825680401,54.05,143.61085,117.942604441181,16.4449920784655,1348.4893504341701,1227.0154654885,0,298.54390887798002,0
0:07:08,,-,4.3727148594752201,53.325790969209997,4.8748267184162399,-,31.2154723979375,1.11482840182295,53.57,144.21044000000001,118.31165125898301,15.9591187529431,1308.64773774133,1190.7628433017701,0,289.72331953814398,0
0:07:09,,-,4.3727148594752201,53.325790969209997,4.8748267184162399,-,31.2154723979375,1.11482840182295,53.57,144.21044000000001,118.675164519467,15.9591187529431,1308.64773774133,1190.7628433017701,0,289.72331953814398,0
0:07:10,,-,4.1169759256535796,50.207023483580301,4.5230836846581504,-,28.6458099657888,1.09864224769303,43.47,124.19379000000001,119.028047714116,15.025747118667301,1232.1112637307201,1121.12088635584,0,272.77880446614,0
0:07:11,,-,4.18444464488738,51.029812742529003,4.8308998495384596,-,32.153951460294998,1.15449008399261,52.17,142.05891,119.37310525333601,15.271988032370601,1252.3030186543899,1139.4937385839401,0,277.24908481361001,0
0:07:12,,-,4.6385235162897898,56.567359954753499,5.2893333537361098,-,29.8703153090459,1.1403053870829301,50.42,145.81464,119.73984148317101,16.929241904346799,1388.19783615644,1263.14695297608,0,307.33502505500701,0
0:07:13,,-,4.40264068646868,53.6907400788863,5.0546463676352502,-,31.292253856515199,1.1480942297132,53.09,145.41351,120.11564726785301,16.068339189700801,1317.60381355546,1198.91214276082,0,291.70611746005301,0
0:07:14,,-,4.6217820304623496,56.3631954934433,5.4015603518707502,-,28.006859507186899,1.1687181083549301,45.45,135.9864,120.49075717453999,16.868140421856701,1383.18751459225,1258.5879684766001,0,306.22578308433202,0
0:07:15,,-,4.6217820304623496,56.3631954934433,5.4015603518707502,-,28.006859507186899,1.1687181083549301,45.45,135.9864,120.874975928593,16.868140421856701,1383.18751459225,1258.5879684766001,0,306.22578308433202,0
0:07:16,,-,5.1051593932478703,62.2580413810716,5.8740409175909001,-,29.138110789791199,1.1506087205347499,41.95,154.7955,121.27928678639,18.632325140753299,1527.85066154177,1390.21964842732,0,338.252955821733,0
0:07:17,,-,4.0263499550466504,49.101828720081102,4.8266548520486898,-,32.663144403322498,1.1987668498608599,41.95,137.55404999999999,121.65884786492001,14.694989071665301,1204.98910387655,1096.44193016846,0,266.77419225509902,0
0:07:18,,-,4.0263499550466504,49.101828720081102,4.8266548520486898,-,32.663144403322498,1.1987668498608599,41.95,137.55404999999999,121.99356706044099,14.694989071665301,1204.98910387655,1096.44193016846,0,266.77419225509902,0
0:07:19,,-,4.0279705347014501,49.121591886603099,4.9909483244528898,-,31.693181193904099,1.23907269962758,36.799999999999997,132.95840000000001,122.328353617112,14.7009037091366,1205.4741041492,1096.8832409100801,0,266.881567131407,0
0:07:20,,-,4.0279705347014501,49.121591886603099,4.9909483244528898,-,31.693181193904099,1.23907269962758,36.799999999999997,132.95840000000001,122.663207534931,14.7009037091366,1205.4741041492,1096.8832409100801,0,266.881567131407,0
0:07:21,,-,3.4495100619085801,42.067195876933901,4.3651066944125603,-,31.444682883454298,1.26542802197173,31.25,112.96875,122.97401711653301,12.5896936998261,1032.3548833857401,939.358851724734,0,228.55446513983799,0
0:07:22,,-,3.4495143217295698,42.067247825970298,4.3651119359558201,-,31.444644052271801,1.2654279787906999,31.25,112.96875,123.260782538982,12.589709246915501,1032.35615824707,939.36001174470198,0,228.55474738313899,0
0:07:23,,-,3.4689291933938202,42.304014553583201,4.33337314883532,-,30.850696002618101,1.2491961949202399,32.08,111.6384,123.548355138668,12.6605677987353,1038.1665594962899,944.64700358574805,0,229.84112009385601,0
0:07:24,,-,3.4689291933938202,42.304014553583201,4.33337314883532,-,30.850696002618101,1.2491961949202399,32.08,111.6384,123.836734738529,12.6605677987353,1038.1665594962899,944.64700358574805,0,229.84112009385601,0
0:07:25,,-,3.5394575419482601,43.164116365222696,4.4448405274450797,-,31.1068853617031,1.2557971030211801,32.25,114.74550000000001,124.128045925602,12.9179754564951,1059.2739874326001,963.85304366770799,0,234.51412254688799,0
0:07:26,,-,3.2092236824305802,39.136874175982598,4.0926570985159998,-,33.820490791653597,1.27527947675381,35.08,113.58904,124.408562171765,11.712719328516499,960.44298493835697,873.92488183897399,0,212.63379120169699,0
0:07:27,,-,3.2092236824305802,39.136874175982598,4.0926570985159998,-,33.820490791653597,1.27527947675381,35.08,113.58904,124.675351889803,11.712719328516499,960.44298493835697,873.92488183897399,0,212.63379120169699,0
0:07:28,,-,3.3738262297295099,41.144222313774499,4.3368952222055501,-,33.442326995319398,1.28545305149081,32.6,117.523,124.948983491039,12.3134700483327,1009.70454396328,918.74888787075997,0,223.53987539434499,0
0:07:29,,-,3.3738262297295099,41.144222313774499,4.3368952222055501,-,33.442326995319398,1.28545305149081,32.6,117.523,125.22945697547399,12.3134700483327,1009.70454396328,918.74888787075997,0,223.53987539434499,0
0:07:30,,-,2.7512434328741699,33.551749181392303,3.6599118733864202,-,36.851700866790203,1.3302755509217099,35.5,106.5,125.48405213149201,10.041226577660501,823.38057936816404,749.20925741262204,0,182.289357034701,0
0:07:31,,-,3.1410887048777099,38.305959815581801,4.2090805607048001,-,37.229811376674597,1.3400069072129801,41.09,122.8591,125.72897330015699,11.4640467685761,940.05183502323996,855.37059641070095,0,208.11936652328501,0
0:07:32,,-,3.1410887048777099,38.305959815581801,4.2090805607048001,-,37.229811376674597,1.3400069072129801,41.09,122.8591,125.99009880988601,11.4640467685761,940.05183502323996,855.37059641070095,0,208.11936652328501,0
